{
  "type": "FeatureCollection",
  "crs": {
    "type": "name",
    "properties": {
      "name": "urn:ogc:def:crs:OGC:1.3:CRS84"
    }
  },
  "features": [
    {
      "type": "Feature",
      "properties": {
        "name": "SSRA02IGS0_SIRGAS2000",
        "identifier": "RTCM-SSR APC SIRGAS2000",
        "data_format": "RTCM 3.1",
        "format_details": "1057(60),1058(10),1063(60),1064(10),1240(60),1241(10)",
        "carrier": "No info",
        "nav_system": "GPS+GLO+GAL",
        "network": "MISC",
        "country": "DEU",
        "coordinates": "50.09, 8.66",
        "solution": "network",
        "misc": "IGS Combination SIRGAS2000 (o mesmo que SIRGAS200001)",
        "color": "green",
        "align": "left",
        "bline": "baseline"
      },
      "geometry": {
        "type": "Point",
        "coordinates": [
          8.66,
          50.09
        ]
      }
    },
    {
      "type": "Feature",
      "properties": {
        "name": "SSRA03IGS0_SIRGAS2000",
        "identifier": "RTCM-SSR APC SIRGAS2000",
        "data_format": "RTCM 3.1",
        "format_details": "1057(60),1058(10),1063(60),1064(10),1240(60),1241(10),1258(60),1259(10)",
        "carrier": "No info",
        "nav_system": "GPS+GLO+GAL+BDS",
        "network": "MISC",
        "country": "DEU",
        "coordinates": "50.09, 8.66",
        "solution": "network",
        "misc": "IGS Combination SIRGAS2000 (o mesmo que SIRGAS200002)",
        "color": "green",
        "align": "left",
        "bline": "baseline"
      },
      "geometry": {
        "type": "Point",
        "coordinates": [
          8.66,
          50.09
        ]
      }
    },
    {
      "type": "Feature",
      "properties": {
        "name": "SSRA03IGS0",
        "identifier": "RTCM-SSR APC",
        "data_format": "RTCM 3.1",
        "format_details": "1057(60),1058(10),1063(60),1064(10),1240(60),1241(10),1258(60),1259(10)",
        "carrier": "No info",
        "nav_system": "GPS+GLO+GAL+BDS",
        "network": "IGS",
        "country": "DEU",
        "coordinates": "50.09, 8.66",
        "solution": "network",
        "misc": "IGS Combination (o mesmo que IGS03)",
        "color": "green",
        "align": "left",
        "bline": "baseline"
      },
      "geometry": {
        "type": "Point",
        "coordinates": [
          8.66,
          50.09
        ]
      }
    },
    {
      "type": "Feature",
      "properties": {
        "name": "BCEP00BKG0",
        "identifier": "Assisted-GNSS",
        "data_format": "RTCM 3.3",
        "format_details": "1019,1020,1042,1043,1044,1045,1046",
        "carrier": "No info",
        "nav_system": "GPS+GLO+GAL+BDS+QZS+SBAS",
        "network": "IGS",
        "country": "DEU",
        "coordinates": "50.09, 8.66",
        "solution": "network",
        "misc": "BKG (o mesmo que RTCM3EPH)",
        "color": "green",
        "align": "left",
        "bline": "baseline"
      },
      "geometry": {
        "type": "Point",
        "coordinates": [
          8.66,
          50.09
        ]
      }
    },
    {
      "type": "Feature",
      "properties": {
        "name": "BRAZ1",
        "identifier": "Brasilia",
        "data_format": "RTCM 3.0",
        "format_details": "1004(1),1006(1),1008(10),1012(1),1013(10),1019(10),1020(10),1033(10)",
        "carrier": "L2",
        "nav_system": "GPS+GLO+SBAS",
        "network": "RBMC-IP",
        "country": "BRA",
        "coordinates": "-15.95, -47.88",
        "solution": "single base",
        "misc": "RBMC-BRAZ",
        "color": "green",
        "align": "left",
        "bline": "baseline"
      },
      "geometry": {
        "type": "Point",
        "coordinates": [
          -47.88,
          -15.95
        ]
      }
    },
    {
      "type": "Feature",
      "properties": {
        "name": "CEEU1",
        "identifier": "Eusebio",
        "data_format": "RTCM 3.0",
        "format_details": "1004(1),1006(1),1008(10),1012(1),1013(1),1019(15),1020(15),1033(10)",
        "carrier": "L2",
        "nav_system": "GPS+GLO",
        "network": "RBMC-IP",
        "country": "BRA",
        "coordinates": "-3.88, -38.43",
        "solution": "single base",
        "misc": "RBMC-CEEU",
        "color": "green",
        "align": "left",
        "bline": "baseline"
      },
      "geometry": {
        "type": "Point",
        "coordinates": [
          -38.43,
          -3.88
        ]
      }
    },
    {
      "type": "Feature",
      "properties": {
        "name": "CEFE1",
        "identifier": "Vitoria(CEFET)",
        "data_format": "RTCM 3.0",
        "format_details": "1004(1),1006(1),1008(10),1012(1),1013(10),1019(10),1020(10),1033(10)",
        "carrier": "L2",
        "nav_system": "GPS+GLO",
        "network": "RBMC-IP",
        "country": "BRA",
        "coordinates": "-20.31, -40.32",
        "solution": "single base",
        "misc": "RBMC-CEFE",
        "color": "green",
        "align": "left",
        "bline": "baseline"
      },
      "geometry": {
        "type": "Point",
        "coordinates": [
          -40.32,
          -20.31
        ]
      }
    },
    {
      "type": "Feature",
      "properties": {
        "name": "CUIB1",
        "identifier": "Cuiaba",
        "data_format": "RTCM 3.0",
        "format_details": "1004(1),1006(1),1008(10),1012(1),1013(1),1019(15),1020(15),1033(10)",
        "carrier": "L2",
        "nav_system": "GPS+GLO",
        "network": "RBMC-IP",
        "country": "BRA",
        "coordinates": "-15.56, -56.07",
        "solution": "single base",
        "misc": "RBMC-CUIB",
        "color": "green",
        "align": "left",
        "bline": "baseline"
      },
      "geometry": {
        "type": "Point",
        "coordinates": [
          -56.07,
          -15.56
        ]
      }
    },
    {
      "type": "Feature",
      "properties": {
        "name": "GOGY1",
        "identifier": "Goiania",
        "data_format": "RTCM 3.0",
        "format_details": "1004(1),1006(1),1008(10),1012(1),1013(10),1019(10),1020(10),1033(10)",
        "carrier": "L2",
        "nav_system": "GPS+GLO",
        "network": "RBMC-IP",
        "country": "BRA",
        "coordinates": "-16.66, -49.25",
        "solution": "single base",
        "misc": "RBMC-GOGY",
        "color": "green",
        "align": "left",
        "bline": "baseline"
      },
      "geometry": {
        "type": "Point",
        "coordinates": [
          -49.25,
          -16.66
        ]
      }
    },
    {
      "type": "Feature",
      "properties": {
        "name": "MGLA1",
        "identifier": "Lavras",
        "data_format": "RTCM 3.0",
        "format_details": "1004(1),1006(1),1008(10),1012(1),1013(1),1019(15),1020(15),1033(10)",
        "carrier": "L2",
        "nav_system": "GPS+GLO",
        "network": "RBMC-IP",
        "country": "BRA",
        "coordinates": "-21.23, -44.97",
        "solution": "single base",
        "misc": "RBMC-MGLA",
        "color": "green",
        "align": "left",
        "bline": "baseline"
      },
      "geometry": {
        "type": "Point",
        "coordinates": [
          -44.97,
          -21.23
        ]
      }
    },
    {
      "type": "Feature",
      "properties": {
        "name": "MTGA1",
        "identifier": "Barra do Garcas - UFMT",
        "data_format": "RTCM 3.0",
        "format_details": "1004(1),1006(1),1008(10),1012(1),1013(10),1019(10),1020(10),1033(10)",
        "carrier": "L2",
        "nav_system": "GPS+GLO",
        "network": "RBMC-IP",
        "country": "BRA",
        "coordinates": "-15.88, -52.31",
        "solution": "single base",
        "misc": "RBMC-MTGA",
        "color": "green",
        "align": "left",
        "bline": "baseline"
      },
      "geometry": {
        "type": "Point",
        "coordinates": [
          -52.31,
          -15.88
        ]
      }
    },
    {
      "type": "Feature",
      "properties": {
        "name": "PBJP1",
        "identifier": "Joao Pessoa",
        "data_format": "RTCM 3.0",
        "format_details": "1004(1),1006(1),1008(10),1012(1),1013(10),1019(10),1020(10),1033(10)",
        "carrier": "L2",
        "nav_system": "GPS+GLO",
        "network": "RBMC-IP",
        "country": "BRA",
        "coordinates": "-7.14, -34.87",
        "solution": "single base",
        "misc": "RBMC-PBJP",
        "color": "green",
        "align": "left",
        "bline": "baseline"
      },
      "geometry": {
        "type": "Point",
        "coordinates": [
          -34.87,
          -7.14
        ]
      }
    },
    {
      "type": "Feature",
      "properties": {
        "name": "POAL1",
        "identifier": "Porto Alegre",
        "data_format": "RTCM 3.0",
        "format_details": "1004(1),1006(1),1008(10),1012(1),1013(10),1019(10),1020(10),1033(10)",
        "carrier": "L2",
        "nav_system": "GPS+GLO",
        "network": "RBMC-IP",
        "country": "BRA",
        "coordinates": "-30.07, -51.12",
        "solution": "single base",
        "misc": "RBMC-POAL",
        "color": "green",
        "align": "left",
        "bline": "baseline"
      },
      "geometry": {
        "type": "Point",
        "coordinates": [
          -51.12,
          -30.07
        ]
      }
    },
    {
      "type": "Feature",
      "properties": {
        "name": "POLI1",
        "identifier": "Sao Paulo",
        "data_format": "RTCM 3.0",
        "format_details": "1004(1),1006(1),1008(10),1012(1),1013(10),1019(10),1020(10),1033(10)",
        "carrier": "L2",
        "nav_system": "GPS+GLO",
        "network": "RBMC-IP",
        "country": "BRA",
        "coordinates": "-23.56, -46.73",
        "solution": "single base",
        "misc": "RBMC-POLI",
        "color": "green",
        "align": "left",
        "bline": "baseline"
      },
      "geometry": {
        "type": "Point",
        "coordinates": [
          -46.73,
          -23.56
        ]
      }
    },
    {
      "type": "Feature",
      "properties": {
        "name": "POVE1",
        "identifier": "Porto Velho",
        "data_format": "RTCM 3.0",
        "format_details": "1004(1),1006(1),1008(10),1012(1),1013(1),1019(15),1020(15),1033(10)",
        "carrier": "L2",
        "nav_system": "GPS+GLO",
        "network": "RBMC-IP",
        "country": "BRA",
        "coordinates": "-8.71, -63.9",
        "solution": "single base",
        "misc": "RBMC-POVE",
        "color": "green",
        "align": "left",
        "bline": "baseline"
      },
      "geometry": {
        "type": "Point",
        "coordinates": [
          -63.9,
          -8.71
        ]
      }
    },
    {
      "type": "Feature",
      "properties": {
        "name": "PPTE1",
        "identifier": "Presidente Prudente",
        "data_format": "RTCM 3.0",
        "format_details": "1004(1),1006(1),1008(10),1012(1),1013(10),1019(10),1020(10),1033(10)",
        "carrier": "L2",
        "nav_system": "GPS+GLO",
        "network": "RBMC-IP",
        "country": "BRA",
        "coordinates": "-22.12, -51.41",
        "solution": "single base",
        "misc": "RBMC-PPTE",
        "color": "green",
        "align": "left",
        "bline": "baseline"
      },
      "geometry": {
        "type": "Point",
        "coordinates": [
          -51.41,
          -22.12
        ]
      }
    },
    {
      "type": "Feature",
      "properties": {
        "name": "PRGU1",
        "identifier": "Guarapuava",
        "data_format": "RTCM 3.0",
        "format_details": "1004(1),1006(1),1008(10),1012(1),1013(1),1019(15),1020(15),1033(10)",
        "carrier": "L2",
        "nav_system": "GPS+GLO",
        "network": "RBMC-IP",
        "country": "BRA",
        "coordinates": "-25.38, -51.49",
        "solution": "single base",
        "misc": "RBMC-PRGU",
        "color": "green",
        "align": "left",
        "bline": "baseline"
      },
      "geometry": {
        "type": "Point",
        "coordinates": [
          -51.49,
          -25.38
        ]
      }
    },
    {
      "type": "Feature",
      "properties": {
        "name": "RJCG1",
        "identifier": "Campos dos Goytacazes",
        "data_format": "RTCM 3.0",
        "format_details": "1004(1),1006(1),1008(10),1012(1),1013(1),1019(15),1020(15),1033(10)",
        "carrier": "L2",
        "nav_system": "GPS+GLO",
        "network": "RBMC-IP",
        "country": "BRA",
        "coordinates": "-21.76, -41.33",
        "solution": "single base",
        "misc": "RBMC-RJCG",
        "color": "green",
        "align": "left",
        "bline": "baseline"
      },
      "geometry": {
        "type": "Point",
        "coordinates": [
          -41.33,
          -21.76
        ]
      }
    },
    {
      "type": "Feature",
      "properties": {
        "name": "RJNI1",
        "identifier": "Niteroi UFF",
        "data_format": "RTCM 3.0",
        "format_details": "1004(1),1006(1),1008(10),1012(1),1013(1),1019(15),1020(15),1033(10)",
        "carrier": "L2",
        "nav_system": "GPS+GLO",
        "network": "RBMC-IP",
        "country": "BRA",
        "coordinates": "-22.91, -43.13",
        "solution": "single base",
        "misc": "RBMC-RJNI",
        "color": "green",
        "align": "left",
        "bline": "baseline"
      },
      "geometry": {
        "type": "Point",
        "coordinates": [
          -43.13,
          -22.91
        ]
      }
    },
    {
      "type": "Feature",
      "properties": {
        "name": "SCCH1",
        "identifier": "Chapeco",
        "data_format": "RTCM 3.0",
        "format_details": "1004(1),1006(1),1008(10),1012(1),1013(10),1019(10),1020(10),1033(10)",
        "carrier": "L2",
        "nav_system": "GPS+GLO",
        "network": "RBMC-IP",
        "country": "BRA",
        "coordinates": "-27.14, -52.6",
        "solution": "single base",
        "misc": "RBMC-SCCH",
        "color": "green",
        "align": "left",
        "bline": "baseline"
      },
      "geometry": {
        "type": "Point",
        "coordinates": [
          -52.6,
          -27.14
        ]
      }
    },
    {
      "type": "Feature",
      "properties": {
        "name": "SCCR1",
        "identifier": "Criciuma",
        "data_format": "RTCM 3.0",
        "format_details": "1004(1),1006(1),1008(10),1012(1),1013(1),1019(15),1020(15),1033(10)",
        "carrier": "L2",
        "nav_system": "GPS+GLO",
        "network": "RBMC-IP",
        "country": "BRA",
        "coordinates": "-28.68, -49.33",
        "solution": "single base",
        "misc": "RBMC-SCCR",
        "color": "green",
        "align": "left",
        "bline": "baseline"
      },
      "geometry": {
        "type": "Point",
        "coordinates": [
          -49.33,
          -28.68
        ]
      }
    },
    {
      "type": "Feature",
      "properties": {
        "name": "SCIM1",
        "identifier": "Imbituba - Porto",
        "data_format": "RTCM 3.0",
        "format_details": "1004(1),1006(1),1008(10),1012(1),1013(1),1019(15),1020(15),1033(10)",
        "carrier": "L2",
        "nav_system": "GPS+GLO",
        "network": "RBMC-IP",
        "country": "BRA",
        "coordinates": "-28.24, -48.66",
        "solution": "single base",
        "misc": "RBMC-SCIM",
        "color": "green",
        "align": "left",
        "bline": "baseline"
      },
      "geometry": {
        "type": "Point",
        "coordinates": [
          -48.66,
          -28.24
        ]
      }
    },
    {
      "type": "Feature",
      "properties": {
        "name": "SPC11",
        "identifier": "Campinas - UNICAMP",
        "data_format": "RTCM 3.0",
        "format_details": "1004(1),1006(1),1008(10),1012(1),1013(10),1019(10),1020(10),1033(10)",
        "carrier": "L2",
        "nav_system": "GPS+GLO",
        "network": "RBMC-IP",
        "country": "BRA",
        "coordinates": "-22.82, -47.06",
        "solution": "single base",
        "misc": "RBMC-SPC1",
        "color": "green",
        "align": "left",
        "bline": "baseline"
      },
      "geometry": {
        "type": "Point",
        "coordinates": [
          -47.06,
          -22.82
        ]
      }
    },
    {
      "type": "Feature",
      "properties": {
        "name": "SPJA1",
        "identifier": "Jaboticabal",
        "data_format": "RTCM 3.0",
        "format_details": "1004(1),1006(1),1008(10),1012(1),1013(10),1019(10),1020(10),1033(10)",
        "carrier": "L2",
        "nav_system": "GPS+GLO",
        "network": "RBMC-IP",
        "country": "BRA",
        "coordinates": "-21.24, -48.29",
        "solution": "single base",
        "misc": "RBMC-SPJA",
        "color": "green",
        "align": "left",
        "bline": "baseline"
      },
      "geometry": {
        "type": "Point",
        "coordinates": [
          -48.29,
          -21.24
        ]
      }
    },
    {
      "type": "Feature",
      "properties": {
        "name": "UFPR1",
        "identifier": "Curitiba",
        "data_format": "RTCM 3.0",
        "format_details": "1004(1),1006(1),1008(10),1012(1),1013(10),1019(10),1020(10),1033(10)",
        "carrier": "L2",
        "nav_system": "GPS+GLO",
        "network": "RBMC-IP",
        "country": "BRA",
        "coordinates": "-25.45, -49.23",
        "solution": "single base",
        "misc": "RBMC-UFPR",
        "color": "green",
        "align": "left",
        "bline": "baseline"
      },
      "geometry": {
        "type": "Point",
        "coordinates": [
          -49.23,
          -25.45
        ]
      }
    },
    {
      "type": "Feature",
      "properties": {
        "name": "RNNA1",
        "identifier": "Natal",
        "data_format": "RTCM 3.0",
        "format_details": "1004(1),1006(1),1008(10),1012(1),1013(10),1019(10),1020(10),1033(10)",
        "carrier": "L2",
        "nav_system": "GPS+GLO",
        "network": "RBMC-IP",
        "country": "BRA",
        "coordinates": "-5.84, -35.21",
        "solution": "single base",
        "misc": "RBMC-RNNA",
        "color": "green",
        "align": "left",
        "bline": "baseline"
      },
      "geometry": {
        "type": "Point",
        "coordinates": [
          -35.21,
          -5.84
        ]
      }
    },
    {
      "type": "Feature",
      "properties": {
        "name": "BAVC1",
        "identifier": "Vitoria da Conquista",
        "data_format": "RTCM 3.0",
        "format_details": "1004(1),1006(1),1008(10),1012(1),1013(10),1019(10),1020(10),1033(10)",
        "carrier": "L2",
        "nav_system": "GPS+GLO",
        "network": "RBMC-IP",
        "country": "BRA",
        "coordinates": "-14.89, -40.8",
        "solution": "single base",
        "misc": "RBMC-BAVC",
        "color": "green",
        "align": "left",
        "bline": "baseline"
      },
      "geometry": {
        "type": "Point",
        "coordinates": [
          -40.8,
          -14.89
        ]
      }
    },
    {
      "type": "Feature",
      "properties": {
        "name": "VICO1",
        "identifier": "Vicosa",
        "data_format": "RTCM 3.0",
        "format_details": "1004(1),1006(1),1008(10),1012(1),1013(1),1019(15),1020(15),1033(10)",
        "carrier": "L2",
        "nav_system": "GPS+GLO",
        "network": "RBMC-IP",
        "country": "BRA",
        "coordinates": "-20.76, -42.87",
        "solution": "single base",
        "misc": "RBMC-VICO",
        "color": "green",
        "align": "left",
        "bline": "baseline"
      },
      "geometry": {
        "type": "Point",
        "coordinates": [
          -42.87,
          -20.76
        ]
      }
    },
    {
      "type": "Feature",
      "properties": {
        "name": "ALAR0",
        "identifier": "Arapiraca",
        "data_format": "RTCM 3.0",
        "format_details": "1004(1),1006(1),1008(10),1012(1),1013(10),1019(10),1020(10),1033(10)",
        "carrier": "L2",
        "nav_system": "GPS+GLO",
        "network": "RBMC-IP",
        "country": "BRA",
        "coordinates": "-9.75, -36.65",
        "solution": "single base",
        "misc": "RBMC-ALAR",
        "color": "green",
        "align": "left",
        "bline": "baseline"
      },
      "geometry": {
        "type": "Point",
        "coordinates": [
          -36.65,
          -9.75
        ]
      }
    },
    {
      "type": "Feature",
      "properties": {
        "name": "ALMC0",
        "identifier": "Maceio - UFAL",
        "data_format": "RTCM 3.2",
        "format_details": "1006(1),1008(10),1019(15),1020(15),1033(10),1042(10),1045(10),1077(1),1087(1),1097(1),1107(1),1127(1)",
        "carrier": "L2",
        "nav_system": "GPS+GLO+GAL+BDS+SBAS",
        "network": "RBMC-IP",
        "country": "BRA",
        "coordinates": "-9.47, -35.83",
        "solution": "single base",
        "misc": "RBMC-ALMC",
        "color": "green",
        "align": "left",
        "bline": "baseline"
      },
      "geometry": {
        "type": "Point",
        "coordinates": [
          -35.83,
          -9.47
        ]
      }
    },
    {
      "type": "Feature",
      "properties": {
        "name": "AMHA0",
        "identifier": "Humaita - UEA",
        "data_format": "RTCM 3.3",
        "format_details": "1006(1),1008(10),1019(15),1020(15),1033(10),1042(10),1045(10),1077(1),1087(1),1097(1),1107(1),1127(1)",
        "carrier": "L2",
        "nav_system": "GPS+GLO+GAL+BDS+SBAS",
        "network": "RBMC-IP",
        "country": "BRA",
        "coordinates": "-7.52, -63.03",
        "solution": "single base",
        "misc": "RBMC-AMHA",
        "color": "green",
        "align": "left",
        "bline": "baseline"
      },
      "geometry": {
        "type": "Point",
        "coordinates": [
          -63.03,
          -7.52
        ]
      }
    },
    {
      "type": "Feature",
      "properties": {
        "name": "AMPT0",
        "identifier": "Parintins - UFAM",
        "data_format": "RTCM 3.3",
        "format_details": "1006(1),1008(10),1019(15),1020(15),1033(10),1042(10),1045(10),1077(1),1087(1),1097(1),1107(1),1127(1)",
        "carrier": "L2",
        "nav_system": "GPS+GLO+GAL+BDS+SBAS",
        "network": "RBMC-IP",
        "country": "BRA",
        "coordinates": "-2.65, -56.75",
        "solution": "single base",
        "misc": "RBMC-AMPT",
        "color": "green",
        "align": "left",
        "bline": "baseline"
      },
      "geometry": {
        "type": "Point",
        "coordinates": [
          -56.75,
          -2.65
        ]
      }
    },
    {
      "type": "Feature",
      "properties": {
        "name": "AMTE0",
        "identifier": "Tefe",
        "data_format": "RTCM 3.2",
        "format_details": "1006(1),1008(10),1019(15),1020(15),1033(10),1042(10),1045(10),1077(1),1087(1),1097(1),1107(1),1127(1)",
        "carrier": "L2",
        "nav_system": "GPS+GLO+GAL+BDS+SBAS",
        "network": "RBMC-IP",
        "country": "BRA",
        "coordinates": "-3.35, -64.71",
        "solution": "single base",
        "misc": "RBMC-AMTE",
        "color": "green",
        "align": "left",
        "bline": "baseline"
      },
      "geometry": {
        "type": "Point",
        "coordinates": [
          -64.71,
          -3.35
        ]
      }
    },
    {
      "type": "Feature",
      "properties": {
        "name": "AMUA0",
        "identifier": "Manaus - UEA",
        "data_format": "RTCM 3.0",
        "format_details": "1004(1),1006(1),1008(10),1012(1),1013(10),1019(10),1020(10),1033(10)",
        "carrier": "L2",
        "nav_system": "GPS+GLO",
        "network": "RBMC-IP",
        "country": "BRA",
        "coordinates": "-3.09, -60.02",
        "solution": "single base",
        "misc": "RBMC-AMUA",
        "color": "green",
        "align": "left",
        "bline": "baseline"
      },
      "geometry": {
        "type": "Point",
        "coordinates": [
          -60.02,
          -3.09
        ]
      }
    },
    {
      "type": "Feature",
      "properties": {
        "name": "APLJ0",
        "identifier": "Laranjal do Jari",
        "data_format": "RTCM 3.0",
        "format_details": "1004(1),1006(1),1008(10),1012(1),1013(10),1019(10),1020(10),1033(10)",
        "carrier": "L2",
        "nav_system": "GPS+GLO",
        "network": "RBMC-IP",
        "country": "BRA",
        "coordinates": "-0.82, -52.52",
        "solution": "single base",
        "misc": "RBMC-APLJ",
        "color": "green",
        "align": "left",
        "bline": "baseline"
      },
      "geometry": {
        "type": "Point",
        "coordinates": [
          -52.52,
          -0.82
        ]
      }
    },
    {
      "type": "Feature",
      "properties": {
        "name": "APMA0",
        "identifier": "Macapa - DTCEA",
        "data_format": "RTCM 3.2",
        "format_details": "1006(1),1008(10),1019(15),1020(15),1033(10),1042(10),1045(10),1077(1),1087(1),1097(1),1107(1),1127(1)",
        "carrier": "L2",
        "nav_system": "GPS+GLO+GAL+BDS+SBAS",
        "network": "RBMC-IP",
        "country": "BRA",
        "coordinates": "0.05, -51.1",
        "solution": "single base",
        "misc": "RBMC-APMA",
        "color": "green",
        "align": "left",
        "bline": "baseline"
      },
      "geometry": {
        "type": "Point",
        "coordinates": [
          -51.1,
          0.05
        ]
      }
    },
    {
      "type": "Feature",
      "properties": {
        "name": "APS10",
        "identifier": "Santana - Docas",
        "data_format": "RTCM 3.3",
        "format_details": "1006(1),1008(10),1019(15),1020(15),1033(10),1042(10),1045(10),1077(1),1087(1),1097(1),1107(1),1127(1)",
        "carrier": "L2",
        "nav_system": "GPS+GLO+GAL+BDS+SBAS",
        "network": "RBMC-IP",
        "country": "BRA",
        "coordinates": "-0.06, -51.17",
        "solution": "single base",
        "misc": "RBMC-APS1",
        "color": "green",
        "align": "left",
        "bline": "baseline"
      },
      "geometry": {
        "type": "Point",
        "coordinates": [
          -51.17,
          -0.06
        ]
      }
    },
    {
      "type": "Feature",
      "properties": {
        "name": "BABJ0",
        "identifier": "Bom Jesus da Lapa - IF Baiano",
        "data_format": "RTCM 3.2",
        "format_details": "1006(1),1008(10),1019(15),1020(15),1033(10),1042(10),1045(10),1077(1),1087(1),1097(1),1107(1),1127(1)",
        "carrier": "L2",
        "nav_system": "GPS+GLO+GAL+BDS+SBAS",
        "network": "RBMC-IP",
        "country": "BRA",
        "coordinates": "-13.26, -43.55",
        "solution": "single base",
        "misc": "RBMC-BABJ",
        "color": "green",
        "align": "left",
        "bline": "baseline"
      },
      "geometry": {
        "type": "Point",
        "coordinates": [
          -43.55,
          -13.26
        ]
      }
    },
    {
      "type": "Feature",
      "properties": {
        "name": "BABR0",
        "identifier": "Barreiras",
        "data_format": "RTCM 3.2",
        "format_details": "1006(1),1008(10),1019(15),1020(15),1033(10),1042(10),1045(10),1077(1),1087(1),1097(1),1107(1),1127(1)",
        "carrier": "L2",
        "nav_system": "GPS+GLO+GAL+BDS+SBAS",
        "network": "RBMC-IP",
        "country": "BRA",
        "coordinates": "-12.15, -44.99",
        "solution": "single base",
        "misc": "RBMC-BABR",
        "color": "green",
        "align": "left",
        "bline": "baseline"
      },
      "geometry": {
        "type": "Point",
        "coordinates": [
          -44.99,
          -12.15
        ]
      }
    },
    {
      "type": "Feature",
      "properties": {
        "name": "BAIC0",
        "identifier": "Irece - IFBA",
        "data_format": "RTCM 3.2",
        "format_details": "1006(1),1008(10),1019(15),1020(15),1033(10),1042(10),1045(10),1077(1),1087(1),1097(1),1107(1),1127(1)",
        "carrier": "L2",
        "nav_system": "GPS+GLO+GAL+BDS+SBAS",
        "network": "RBMC-IP",
        "country": "BRA",
        "coordinates": "-11.33, -41.87",
        "solution": "single base",
        "misc": "RBMC-BAIC",
        "color": "green",
        "align": "left",
        "bline": "baseline"
      },
      "geometry": {
        "type": "Point",
        "coordinates": [
          -41.87,
          -11.33
        ]
      }
    },
    {
      "type": "Feature",
      "properties": {
        "name": "BAIL0",
        "identifier": "Ilheus",
        "data_format": "RTCM 3.0",
        "format_details": "1004(1),1006(1),1008(10),1012(1),1013(10),1019(10),1020(10),1033(10)",
        "carrier": "L2",
        "nav_system": "GPS+GLO",
        "network": "RBMC-IP",
        "country": "BRA",
        "coordinates": "-14.8, -39.17",
        "solution": "single base",
        "misc": "RBMC-BAIL",
        "color": "green",
        "align": "left",
        "bline": "baseline"
      },
      "geometry": {
        "type": "Point",
        "coordinates": [
          -39.17,
          -14.8
        ]
      }
    },
    {
      "type": "Feature",
      "properties": {
        "name": "BAIT0",
        "identifier": "Itaberaba",
        "data_format": "RTCM 3.0",
        "format_details": "1004(1),1006(1),1008(10),1012(1),1013(10),1019(10),1020(10),1033(10)",
        "carrier": "L2",
        "nav_system": "GPS+GLO",
        "network": "RBMC-IP",
        "country": "BRA",
        "coordinates": "-12.52, -40.29",
        "solution": "single base",
        "misc": "RBMC-BAIT",
        "color": "green",
        "align": "left",
        "bline": "baseline"
      },
      "geometry": {
        "type": "Point",
        "coordinates": [
          -40.29,
          -12.52
        ]
      }
    },
    {
      "type": "Feature",
      "properties": {
        "name": "BAPA0",
        "identifier": "Paulo Afonso",
        "data_format": "RTCM 3.2",
        "format_details": "1006(1),1008(10),1019(15),1020(15),1033(10),1042(10),1045(10),1077(1),1087(1),1097(1),1107(1),1127(1)",
        "carrier": "L2",
        "nav_system": "GPS+GLO+GAL+BDS+SBAS",
        "network": "RBMC-IP",
        "country": "BRA",
        "coordinates": "-9.39, -38.22",
        "solution": "single base",
        "misc": "RBMC-BAPA",
        "color": "green",
        "align": "left",
        "bline": "baseline"
      },
      "geometry": {
        "type": "Point",
        "coordinates": [
          -38.22,
          -9.39
        ]
      }
    },
    {
      "type": "Feature",
      "properties": {
        "name": "BATF0",
        "identifier": "Teixeira de Freitas",
        "data_format": "RTCM 3.0",
        "format_details": "1004(1),1006(1),1008(10),1012(1),1013(10),1019(10),1020(10),1033(10)",
        "carrier": "L2",
        "nav_system": "GPS+GLO",
        "network": "RBMC-IP",
        "country": "BRA",
        "coordinates": "-17.55, -39.74",
        "solution": "single base",
        "misc": "RBMC-BATF",
        "color": "green",
        "align": "left",
        "bline": "baseline"
      },
      "geometry": {
        "type": "Point",
        "coordinates": [
          -39.74,
          -17.55
        ]
      }
    },
    {
      "type": "Feature",
      "properties": {
        "name": "BAVC0",
        "identifier": "Vitoria da Conquista",
        "data_format": "RTCM 3.3",
        "format_details": "1006(1),1008(10),1019(15),1020(15),1033(10),1042(10),1045(10),1077(1),1087(1),1097(1),1107(1),1127(1)",
        "carrier": "L2",
        "nav_system": "GPS+GLO+GAL+BDS+SBAS",
        "network": "RBMC-IP",
        "country": "BRA",
        "coordinates": "-14.89, -40.8",
        "solution": "single base",
        "misc": "RBMC-BAVC",
        "color": "green",
        "align": "left",
        "bline": "baseline"
      },
      "geometry": {
        "type": "Point",
        "coordinates": [
          -40.8,
          -14.89
        ]
      }
    },
    {
      "type": "Feature",
      "properties": {
        "name": "BELE0",
        "identifier": "Belem",
        "data_format": "RTCM 3.0",
        "format_details": "1004(1),1006(1),1008(10),1012(1),1013(10),1019(10),1020(10),1033(10)",
        "carrier": "L2",
        "nav_system": "GPS+GLO",
        "network": "RBMC-IP",
        "country": "BRA",
        "coordinates": "-1.41, -48.46",
        "solution": "single base",
        "misc": "RBMC-BELE",
        "color": "green",
        "align": "left",
        "bline": "baseline"
      },
      "geometry": {
        "type": "Point",
        "coordinates": [
          -48.46,
          -1.41
        ]
      }
    },
    {
      "type": "Feature",
      "properties": {
        "name": "BEPA0",
        "identifier": "Belem - INPE",
        "data_format": "RTCM 3.0",
        "format_details": "1004(1),1006(1),1008(10),1012(1),1013(10),1019(10),1020(10),1033(10)",
        "carrier": "L2",
        "nav_system": "GPS+GLO",
        "network": "RBMC-IP",
        "country": "BRA",
        "coordinates": "-1.46, -48.44",
        "solution": "single base",
        "misc": "RBMC-BEPA",
        "color": "green",
        "align": "left",
        "bline": "baseline"
      },
      "geometry": {
        "type": "Point",
        "coordinates": [
          -48.44,
          -1.46
        ]
      }
    },
    {
      "type": "Feature",
      "properties": {
        "name": "BOAV0",
        "identifier": "Boa Vista",
        "data_format": "RTCM 3.2",
        "format_details": "1006(1),1008(10),1019(15),1020(15),1033(10),1042(10),1045(10),1077(1),1087(1),1097(1),1107(1),1127(1)",
        "carrier": "L2",
        "nav_system": "GPS+GLO+GAL+BDS+SBAS",
        "network": "RBMC-IP",
        "country": "BRA",
        "coordinates": "2.85, -60.7",
        "solution": "single base",
        "misc": "RBMC-BOAV",
        "color": "green",
        "align": "left",
        "bline": "baseline"
      },
      "geometry": {
        "type": "Point",
        "coordinates": [
          -60.7,
          2.85
        ]
      }
    },
    {
      "type": "Feature",
      "properties": {
        "name": "BRAZ0",
        "identifier": "Brasilia",
        "data_format": "RTCM 3.2",
        "format_details": "1006(1),1008(10),1019(15),1020(15),1033(10),1042(10),1045(10),1077(1),1087(1),1097(1),1107(1),1127(1)",
        "carrier": "L2",
        "nav_system": "GPS+GLO+GAL+BDS+SBAS",
        "network": "RBMC-IP",
        "country": "BRA",
        "coordinates": "-15.95, -47.88",
        "solution": "single base",
        "misc": "RBMC-BRAZ",
        "color": "green",
        "align": "left",
        "bline": "baseline"
      },
      "geometry": {
        "type": "Point",
        "coordinates": [
          -47.88,
          -15.95
        ]
      }
    },
    {
      "type": "Feature",
      "properties": {
        "name": "CEEU0",
        "identifier": "Eusebio",
        "data_format": "RTCM 3.3",
        "format_details": "1006(1),1008(10),1019(15),1020(15),1033(10),1042(10),1045(10),1077(1),1087(1),1097(1),1107(1),1127(1)",
        "carrier": "L2",
        "nav_system": "GPS+GLO+GAL+BDS+SBAS",
        "network": "RBMC-IP",
        "country": "BRA",
        "coordinates": "-3.88, -38.43",
        "solution": "single base",
        "misc": "RBMC-CEEU",
        "color": "green",
        "align": "left",
        "bline": "baseline"
      },
      "geometry": {
        "type": "Point",
        "coordinates": [
          -38.43,
          -3.88
        ]
      }
    },
    {
      "type": "Feature",
      "properties": {
        "name": "CEFE0",
        "identifier": "Vitoria(CEFET)",
        "data_format": "RTCM 3.2",
        "format_details": "1006(1),1008(10),1019(15),1020(15),1033(10),1042(10),1045(10),1077(1),1087(1),1097(1),1107(1),1127(1)",
        "carrier": "L2",
        "nav_system": "GPS+GLO+GAL+BDS+SBAS",
        "network": "RBMC-IP",
        "country": "BRA",
        "coordinates": "-20.31, -40.32",
        "solution": "single base",
        "misc": "RBMC-CEFE",
        "color": "green",
        "align": "left",
        "bline": "baseline"
      },
      "geometry": {
        "type": "Point",
        "coordinates": [
          -40.32,
          -20.31
        ]
      }
    },
    {
      "type": "Feature",
      "properties": {
        "name": "CESB0",
        "identifier": "Sobral",
        "data_format": "RTCM 3.0",
        "format_details": "1004(1),1006(1),1008(10),1012(1),1013(10),1019(10),1020(10),1033(10)",
        "carrier": "L2",
        "nav_system": "GPS+GLO",
        "network": "RBMC-IP",
        "country": "BRA",
        "coordinates": "-3.68, -40.34",
        "solution": "single base",
        "misc": "RBMC-CESB",
        "color": "green",
        "align": "left",
        "bline": "baseline"
      },
      "geometry": {
        "type": "Point",
        "coordinates": [
          -40.34,
          -3.68
        ]
      }
    },
    {
      "type": "Feature",
      "properties": {
        "name": "CORU0",
        "identifier": "Corumba - UFMS",
        "data_format": "RTCM 3.2",
        "format_details": "1006(1),1008(10),1019(15),1020(15),1033(10),1042(10),1045(10),1077(1),1087(1),1097(1),1107(1),1127(1)",
        "carrier": "L2",
        "nav_system": "GPS+GLO+GAL+BDS+SBAS",
        "network": "RBMC-IP",
        "country": "BRA",
        "coordinates": "-19.0, -57.63",
        "solution": "single base",
        "misc": "RBMC-CORU",
        "color": "green",
        "align": "left",
        "bline": "baseline"
      },
      "geometry": {
        "type": "Point",
        "coordinates": [
          -57.63,
          -19.0
        ]
      }
    },
    {
      "type": "Feature",
      "properties": {
        "name": "CRAT0",
        "identifier": "Crato",
        "data_format": "RTCM 3.0",
        "format_details": "1004(1),1006(1),1008(10),1012(1),1013(10),1019(10),1020(10),1033(10)",
        "carrier": "L2",
        "nav_system": "GPS+GLO",
        "network": "RBMC-IP",
        "country": "BRA",
        "coordinates": "-7.24, -39.42",
        "solution": "single base",
        "misc": "RBMC-CRAT",
        "color": "green",
        "align": "left",
        "bline": "baseline"
      },
      "geometry": {
        "type": "Point",
        "coordinates": [
          -39.42,
          -7.24
        ]
      }
    },
    {
      "type": "Feature",
      "properties": {
        "name": "CUIB0",
        "identifier": "Cuiaba",
        "data_format": "RTCM 3.3",
        "format_details": "1006(1),1008(10),1019(15),1020(15),1033(10),1042(10),1045(10),1077(1),1087(1),1097(1),1107(1),1127(1)",
        "carrier": "L2",
        "nav_system": "GPS+GLO+GAL+BDS+SBAS",
        "network": "RBMC-IP",
        "country": "BRA",
        "coordinates": "-15.56, -56.07",
        "solution": "single base",
        "misc": "RBMC-CUIB",
        "color": "green",
        "align": "left",
        "bline": "baseline"
      },
      "geometry": {
        "type": "Point",
        "coordinates": [
          -56.07,
          -15.56
        ]
      }
    },
    {
      "type": "Feature",
      "properties": {
        "name": "EACH0",
        "identifier": "Sao Paulo - USP Leste",
        "data_format": "RTCM 3.0",
        "format_details": "1004(1),1006(1),1008(10),1012(1),1013(10),1019(10),1020(10),1033(10)",
        "carrier": "L2",
        "nav_system": "GPS+GLO",
        "network": "RBMC-IP",
        "country": "BRA",
        "coordinates": "-23.48, -46.5",
        "solution": "single base",
        "misc": "RBMC-EACH",
        "color": "green",
        "align": "left",
        "bline": "baseline"
      },
      "geometry": {
        "type": "Point",
        "coordinates": [
          -46.5,
          -23.48
        ]
      }
    },
    {
      "type": "Feature",
      "properties": {
        "name": "EESC0",
        "identifier": "Sao Carlos",
        "data_format": "RTCM 3.2",
        "format_details": "1006(1),1008(10),1019(15),1020(15),1033(10),1042(10),1045(10),1077(1),1087(1),1097(1),1107(1),1127(1)",
        "carrier": "L2",
        "nav_system": "GPS+GLO+GAL+BDS+SBAS",
        "network": "RBMC-IP",
        "country": "BRA",
        "coordinates": "-22.0, -47.9",
        "solution": "single base",
        "misc": "RBMC-EESC",
        "color": "green",
        "align": "left",
        "bline": "baseline"
      },
      "geometry": {
        "type": "Point",
        "coordinates": [
          -47.9,
          -22.0
        ]
      }
    },
    {
      "type": "Feature",
      "properties": {
        "name": "ESNV0",
        "identifier": "Nova Venecia",
        "data_format": "RTCM 3.2",
        "format_details": "1006(1),1008(10),1019(15),1020(15),1033(10),1042(10),1045(10),1077(1),1087(1),1097(1),1107(1),1127(1)",
        "carrier": "L2",
        "nav_system": "GPS+GLO+GAL+BDS+SBAS",
        "network": "RBMC-IP",
        "country": "BRA",
        "coordinates": "-18.71, -40.38",
        "solution": "single base",
        "misc": "RBMC-ESNV",
        "color": "green",
        "align": "left",
        "bline": "baseline"
      },
      "geometry": {
        "type": "Point",
        "coordinates": [
          -40.38,
          -18.71
        ]
      }
    },
    {
      "type": "Feature",
      "properties": {
        "name": "GOGY0",
        "identifier": "Goiania",
        "data_format": "RTCM 3.2",
        "format_details": "1006(1),1008(10),1019(15),1020(15),1033(10),1042(10),1045(10),1077(1),1087(1),1097(1),1107(1),1127(1)",
        "carrier": "L2",
        "nav_system": "GPS+GLO+GAL+BDS+SBAS",
        "network": "RBMC-IP",
        "country": "BRA",
        "coordinates": "-16.66, -49.25",
        "solution": "single base",
        "misc": "RBMC-GOGY",
        "color": "green",
        "align": "left",
        "bline": "baseline"
      },
      "geometry": {
        "type": "Point",
        "coordinates": [
          -49.25,
          -16.66
        ]
      }
    },
    {
      "type": "Feature",
      "properties": {
        "name": "GOJA0",
        "identifier": "Jatai",
        "data_format": "RTCM 3.2",
        "format_details": "1006(1),1008(10),1019(15),1020(15),1033(10),1042(10),1045(10),1077(1),1087(1),1097(1),1107(1),1127(1)",
        "carrier": "L2",
        "nav_system": "GPS+GLO+GAL+BDS+SBAS",
        "network": "RBMC-IP",
        "country": "BRA",
        "coordinates": "-17.88, -51.73",
        "solution": "single base",
        "misc": "RBMC-GOJA",
        "color": "green",
        "align": "left",
        "bline": "baseline"
      },
      "geometry": {
        "type": "Point",
        "coordinates": [
          -51.73,
          -17.88
        ]
      }
    },
    {
      "type": "Feature",
      "properties": {
        "name": "GOUR0",
        "identifier": "Uruacu",
        "data_format": "RTCM 3.3",
        "format_details": "1006(1),1008(10),1019(15),1020(15),1033(10),1042(10),1045(10),1077(1),1087(1),1097(1),1107(1),1127(1)",
        "carrier": "L2",
        "nav_system": "GPS+GLO+GAL+BDS+SBAS",
        "network": "RBMC-IP",
        "country": "BRA",
        "coordinates": "-14.51, -49.14",
        "solution": "single base",
        "misc": "RBMC-GOUR",
        "color": "green",
        "align": "left",
        "bline": "baseline"
      },
      "geometry": {
        "type": "Point",
        "coordinates": [
          -49.14,
          -14.51
        ]
      }
    },
    {
      "type": "Feature",
      "properties": {
        "name": "GUAI0",
        "identifier": "Guaira - ITAIPU",
        "data_format": "RTCM 3.2",
        "format_details": "1006(1),1008(10),1019(15),1020(15),1033(10),1042(10),1045(10),1077(1),1087(1),1097(1),1107(1),1127(1)",
        "carrier": "L2",
        "nav_system": "GPS+GLO+GAL+BDS+SBAS",
        "network": "RBMC-IP",
        "country": "BRA",
        "coordinates": "-24.08, -54.26",
        "solution": "single base",
        "misc": "RBMC-GUAI",
        "color": "green",
        "align": "left",
        "bline": "baseline"
      },
      "geometry": {
        "type": "Point",
        "coordinates": [
          -54.26,
          -24.08
        ]
      }
    },
    {
      "type": "Feature",
      "properties": {
        "name": "IFSC0",
        "identifier": "Florianopolis - IFSC",
        "data_format": "RTCM 3.2",
        "format_details": "1006(1),1008(10),1019(15),1020(15),1033(10),1042(10),1045(10),1077(1),1087(1),1097(1),1107(1),1127(1)",
        "carrier": "L2",
        "nav_system": "GPS+GLO+GAL+BDS+SBAS",
        "network": "RBMC-IP",
        "country": "BRA",
        "coordinates": "-27.59, -48.54",
        "solution": "single base",
        "misc": "RBMC-IFSC",
        "color": "green",
        "align": "left",
        "bline": "baseline"
      },
      "geometry": {
        "type": "Point",
        "coordinates": [
          -48.54,
          -27.59
        ]
      }
    },
    {
      "type": "Feature",
      "properties": {
        "name": "ILHA0",
        "identifier": "Ilha Solteira",
        "data_format": "RTCM 3.0",
        "format_details": "1004(1),1006(1),1008(10),1012(1),1013(10),1019(10),1020(10),1033(10)",
        "carrier": "L2",
        "nav_system": "GPS+GLO",
        "network": "RBMC-IP",
        "country": "BRA",
        "coordinates": "-20.43, -51.34",
        "solution": "single base",
        "misc": "RBMC-ILHA",
        "color": "green",
        "align": "left",
        "bline": "baseline"
      },
      "geometry": {
        "type": "Point",
        "coordinates": [
          -51.34,
          -20.43
        ]
      }
    },
    {
      "type": "Feature",
      "properties": {
        "name": "IMPZ0",
        "identifier": "Imperatriz",
        "data_format": "RTCM 3.2",
        "format_details": "1006(1),1008(10),1019(15),1020(15),1033(10),1042(10),1045(10),1077(1),1087(1),1097(1),1107(1),1127(1)",
        "carrier": "L2",
        "nav_system": "GPS+GLO+GAL+BDS+SBAS",
        "network": "RBMC-IP",
        "country": "BRA",
        "coordinates": "-5.49, -47.5",
        "solution": "single base",
        "misc": "RBMC-IMPZ",
        "color": "green",
        "align": "left",
        "bline": "baseline"
      },
      "geometry": {
        "type": "Point",
        "coordinates": [
          -47.5,
          -5.49
        ]
      }
    },
    {
      "type": "Feature",
      "properties": {
        "name": "ITAI0",
        "identifier": "Foz do Iguacu - ITAIPU",
        "data_format": "RTCM 3.2",
        "format_details": "1006(1),1008(10),1019(15),1020(15),1033(10),1042(10),1045(10),1077(1),1087(1),1097(1),1107(1),1127(1)",
        "carrier": "L2",
        "nav_system": "GPS+GLO+GAL+BDS+SBAS",
        "network": "RBMC-IP",
        "country": "BRA",
        "coordinates": "-25.42, -54.59",
        "solution": "single base",
        "misc": "RBMC-ITAI",
        "color": "green",
        "align": "left",
        "bline": "baseline"
      },
      "geometry": {
        "type": "Point",
        "coordinates": [
          -54.59,
          -25.42
        ]
      }
    },
    {
      "type": "Feature",
      "properties": {
        "name": "MABA0",
        "identifier": "Maraba",
        "data_format": "RTCM 3.2",
        "format_details": "1006(1),1008(10),1019(15),1020(15),1033(10),1042(10),1045(10),1077(1),1087(1),1097(1),1107(1),1127(1)",
        "carrier": "L2",
        "nav_system": "GPS+GLO+GAL+BDS+SBAS",
        "network": "RBMC-IP",
        "country": "BRA",
        "coordinates": "-5.36, -49.12",
        "solution": "single base",
        "misc": "RBMC-MABA",
        "color": "green",
        "align": "left",
        "bline": "baseline"
      },
      "geometry": {
        "type": "Point",
        "coordinates": [
          -49.12,
          -5.36
        ]
      }
    },
    {
      "type": "Feature",
      "properties": {
        "name": "MABB0",
        "identifier": "Bacabal",
        "data_format": "RTCM 3.3",
        "format_details": "1006(1),1008(10),1019(15),1020(15),1033(10),1042(10),1045(10),1077(1),1087(1),1097(1),1107(1),1127(1)",
        "carrier": "L2",
        "nav_system": "GPS+GLO+GAL+BDS+SBAS",
        "network": "RBMC-IP",
        "country": "BRA",
        "coordinates": "-4.24, -44.82",
        "solution": "single base",
        "misc": "RBMC-MABB",
        "color": "green",
        "align": "left",
        "bline": "baseline"
      },
      "geometry": {
        "type": "Point",
        "coordinates": [
          -44.82,
          -4.24
        ]
      }
    },
    {
      "type": "Feature",
      "properties": {
        "name": "MGBH0",
        "identifier": "Belo Horizonte",
        "data_format": "RTCM 3.2",
        "format_details": "1006(1),1008(10),1019(15),1020(15),1033(10),1042(10),1045(10),1077(1),1087(1),1097(1),1107(1),1127(1)",
        "carrier": "L2",
        "nav_system": "GPS+GLO+GAL+BDS+SBAS",
        "network": "RBMC-IP",
        "country": "BRA",
        "coordinates": "-19.94, -43.92",
        "solution": "single base",
        "misc": "RBMC-MGBH",
        "color": "green",
        "align": "left",
        "bline": "baseline"
      },
      "geometry": {
        "type": "Point",
        "coordinates": [
          -43.92,
          -19.94
        ]
      }
    },
    {
      "type": "Feature",
      "properties": {
        "name": "MGGV0",
        "identifier": "Governador Valadares",
        "data_format": "RTCM 3.2",
        "format_details": "1006(1),1008(10),1019(15),1020(15),1033(10),1042(10),1045(10),1077(1),1087(1),1097(1),1107(1),1127(1)",
        "carrier": "L2",
        "nav_system": "GPS+GLO+GAL+BDS+SBAS",
        "network": "RBMC-IP",
        "country": "BRA",
        "coordinates": "-18.83, -41.98",
        "solution": "single base",
        "misc": "RBMC-MGGV",
        "color": "green",
        "align": "left",
        "bline": "baseline"
      },
      "geometry": {
        "type": "Point",
        "coordinates": [
          -41.98,
          -18.83
        ]
      }
    },
    {
      "type": "Feature",
      "properties": {
        "name": "MGIN0",
        "identifier": "Inconfidentes",
        "data_format": "RTCM 3.2",
        "format_details": "1006(1),1008(10),1019(15),1020(15),1033(10),1042(10),1045(10),1077(1),1087(1),1097(1),1107(1),1127(1)",
        "carrier": "L2",
        "nav_system": "GPS+GLO+GAL+BDS+SBAS",
        "network": "RBMC-IP",
        "country": "BRA",
        "coordinates": "-22.32, -46.33",
        "solution": "single base",
        "misc": "RBMC-MGIN",
        "color": "green",
        "align": "left",
        "bline": "baseline"
      },
      "geometry": {
        "type": "Point",
        "coordinates": [
          -46.33,
          -22.32
        ]
      }
    },
    {
      "type": "Feature",
      "properties": {
        "name": "MGJA0",
        "identifier": "Januaria",
        "data_format": "RTCM 3.2",
        "format_details": "1006(1),1008(10),1019(15),1020(15),1033(10),1042(10),1045(10),1077(1),1087(1),1097(1),1107(1),1127(1)",
        "carrier": "L2",
        "nav_system": "GPS+GLO+GAL+BDS+SBAS",
        "network": "RBMC-IP",
        "country": "BRA",
        "coordinates": "-15.45, -44.37",
        "solution": "single base",
        "misc": "RBMC-MGJA",
        "color": "green",
        "align": "left",
        "bline": "baseline"
      },
      "geometry": {
        "type": "Point",
        "coordinates": [
          -44.37,
          -15.45
        ]
      }
    },
    {
      "type": "Feature",
      "properties": {
        "name": "MGJF0",
        "identifier": "Juiz de Fora",
        "data_format": "RTCM 3.0",
        "format_details": "1004(1),1006(1),1008(10),1012(1),1013(10),1019(10),1020(10),1033(10)",
        "carrier": "L2",
        "nav_system": "GPS+GLO",
        "network": "RBMC-IP",
        "country": "BRA",
        "coordinates": "-21.78, -43.37",
        "solution": "single base",
        "misc": "RBMC-MGJF",
        "color": "green",
        "align": "left",
        "bline": "baseline"
      },
      "geometry": {
        "type": "Point",
        "coordinates": [
          -43.37,
          -21.78
        ]
      }
    },
    {
      "type": "Feature",
      "properties": {
        "name": "MGJP0",
        "identifier": "Belo Horizonte - FJP",
        "data_format": "RTCM 3.0",
        "format_details": "1004(1),1006(1),1008(10),1012(1),1013(10),1019(10),1020(10),1033(10)",
        "carrier": "L2",
        "nav_system": "GPS+GLO",
        "network": "RBMC-IP",
        "country": "BRA",
        "coordinates": "-19.85, -43.97",
        "solution": "single base",
        "misc": "RBMC-MGJP",
        "color": "green",
        "align": "left",
        "bline": "baseline"
      },
      "geometry": {
        "type": "Point",
        "coordinates": [
          -43.97,
          -19.85
        ]
      }
    },
    {
      "type": "Feature",
      "properties": {
        "name": "MGLA0",
        "identifier": "Lavras",
        "data_format": "RTCM 3.2",
        "format_details": "1006(1),1008(10),1019(15),1020(15),1033(10),1042(10),1045(10),1077(1),1087(1),1097(1),1107(1),1127(1)",
        "carrier": "L2",
        "nav_system": "GPS+GLO+GAL+BDS+SBAS",
        "network": "RBMC-IP",
        "country": "BRA",
        "coordinates": "-21.23, -44.97",
        "solution": "single base",
        "misc": "RBMC-MGLA",
        "color": "green",
        "align": "left",
        "bline": "baseline"
      },
      "geometry": {
        "type": "Point",
        "coordinates": [
          -44.97,
          -21.23
        ]
      }
    },
    {
      "type": "Feature",
      "properties": {
        "name": "MGMC0",
        "identifier": "Montes Claros",
        "data_format": "RTCM 3.2",
        "format_details": "1006(1),1008(10),1019(15),1020(15),1033(10),1042(10),1045(10),1077(1),1087(1),1097(1),1107(1),1127(1)",
        "carrier": "L2",
        "nav_system": "GPS+GLO+GAL+BDS+SBAS",
        "network": "RBMC-IP",
        "country": "BRA",
        "coordinates": "-16.72, -43.86",
        "solution": "single base",
        "misc": "RBMC-MGMC",
        "color": "green",
        "align": "left",
        "bline": "baseline"
      },
      "geometry": {
        "type": "Point",
        "coordinates": [
          -43.86,
          -16.72
        ]
      }
    },
    {
      "type": "Feature",
      "properties": {
        "name": "MGMT0",
        "identifier": "Monte Carmelo",
        "data_format": "RTCM 3.2",
        "format_details": "1006(1),1008(10),1019(15),1020(15),1033(10),1042(10),1045(10),1077(1),1087(1),1097(1),1107(1),1127(1)",
        "carrier": "L2",
        "nav_system": "GPS+GLO+GAL+BDS+SBAS",
        "network": "RBMC-IP",
        "country": "BRA",
        "coordinates": "-18.72, -47.52",
        "solution": "single base",
        "misc": "RBMC-MGMT",
        "color": "green",
        "align": "left",
        "bline": "baseline"
      },
      "geometry": {
        "type": "Point",
        "coordinates": [
          -47.52,
          -18.72
        ]
      }
    },
    {
      "type": "Feature",
      "properties": {
        "name": "MGRP0",
        "identifier": "Rio Paranaiba",
        "data_format": "RTCM 3.0",
        "format_details": "1004(1),1006(1),1008(10),1012(1),1013(10),1019(10),1020(10),1033(10)",
        "carrier": "L2",
        "nav_system": "GPS+GLO",
        "network": "RBMC-IP",
        "country": "BRA",
        "coordinates": "-19.21, -46.13",
        "solution": "single base",
        "misc": "RBMC-MGRP",
        "color": "green",
        "align": "left",
        "bline": "baseline"
      },
      "geometry": {
        "type": "Point",
        "coordinates": [
          -46.13,
          -19.21
        ]
      }
    },
    {
      "type": "Feature",
      "properties": {
        "name": "MGUB0",
        "identifier": "Uberlandia",
        "data_format": "RTCM 3.2",
        "format_details": "1006(1),1008(10),1019(15),1020(15),1033(10),1042(10),1045(10),1077(1),1087(1),1097(1),1107(1),1127(1)",
        "carrier": "L2",
        "nav_system": "GPS+GLO+GAL+BDS+SBAS",
        "network": "RBMC-IP",
        "country": "BRA",
        "coordinates": "-18.92, -48.26",
        "solution": "single base",
        "misc": "RBMC-MGUB",
        "color": "green",
        "align": "left",
        "bline": "baseline"
      },
      "geometry": {
        "type": "Point",
        "coordinates": [
          -48.26,
          -18.92
        ]
      }
    },
    {
      "type": "Feature",
      "properties": {
        "name": "MSDR0",
        "identifier": "Dourados",
        "data_format": "RTCM 3.2",
        "format_details": "1006(1),1008(10),1019(15),1020(15),1033(10),1042(10),1045(10),1077(1),1087(1),1097(1),1107(1),1127(1)",
        "carrier": "L2",
        "nav_system": "GPS+GLO+GAL+BDS+SBAS",
        "network": "RBMC-IP",
        "country": "BRA",
        "coordinates": "-22.19, -54.93",
        "solution": "single base",
        "misc": "RBMC-MSDR",
        "color": "green",
        "align": "left",
        "bline": "baseline"
      },
      "geometry": {
        "type": "Point",
        "coordinates": [
          -54.93,
          -22.19
        ]
      }
    },
    {
      "type": "Feature",
      "properties": {
        "name": "MSGR0",
        "identifier": "Campo Grande/Embrapa",
        "data_format": "RTCM 3.2",
        "format_details": "1006(1),1008(10),1019(15),1020(15),1033(10),1042(10),1045(10),1077(1),1087(1),1097(1),1107(1),1127(1)",
        "carrier": "L2",
        "nav_system": "GPS+GLO+GAL+BDS+SBAS",
        "network": "RBMC-IP",
        "country": "BRA",
        "coordinates": "-20.45, -54.72",
        "solution": "single base",
        "misc": "RBMC-MSGR",
        "color": "green",
        "align": "left",
        "bline": "baseline"
      },
      "geometry": {
        "type": "Point",
        "coordinates": [
          -54.72,
          -20.45
        ]
      }
    },
    {
      "type": "Feature",
      "properties": {
        "name": "MTCA0",
        "identifier": "Caceres",
        "data_format": "RTCM 3.2",
        "format_details": "1006(1),1008(10),1019(15),1020(15),1033(10),1042(10),1045(10),1077(1),1087(1),1097(1),1107(1),1127(1)",
        "carrier": "L2",
        "nav_system": "GPS+GLO+GAL+BDS+SBAS",
        "network": "RBMC-IP",
        "country": "BRA",
        "coordinates": "-16.13, -57.69",
        "solution": "single base",
        "misc": "RBMC-MTCA",
        "color": "green",
        "align": "left",
        "bline": "baseline"
      },
      "geometry": {
        "type": "Point",
        "coordinates": [
          -57.69,
          -16.13
        ]
      }
    },
    {
      "type": "Feature",
      "properties": {
        "name": "MTGA0",
        "identifier": "Barra do Garcas - UFMT",
        "data_format": "RTCM 3.2",
        "format_details": "1006(1),1008(10),1019(15),1020(15),1033(10),1042(10),1045(10),1077(1),1087(1),1097(1),1107(1),1127(1)",
        "carrier": "L2",
        "nav_system": "GPS+GLO+GAL+BDS+SBAS",
        "network": "RBMC-IP",
        "country": "BRA",
        "coordinates": "-15.88, -52.31",
        "solution": "single base",
        "misc": "RBMC-MTGA",
        "color": "green",
        "align": "left",
        "bline": "baseline"
      },
      "geometry": {
        "type": "Point",
        "coordinates": [
          -52.31,
          -15.88
        ]
      }
    },
    {
      "type": "Feature",
      "properties": {
        "name": "MTLA0",
        "identifier": "Pontes e Lacerda",
        "data_format": "RTCM 3.0",
        "format_details": "1004(1),1006(1),1008(10),1012(1),1013(10),1019(10),1020(10),1033(10)",
        "carrier": "L2",
        "nav_system": "GPS+GLO",
        "network": "RBMC-IP",
        "country": "BRA",
        "coordinates": "-15.23, -59.35",
        "solution": "single base",
        "misc": "RBMC-MTLA",
        "color": "green",
        "align": "left",
        "bline": "baseline"
      },
      "geometry": {
        "type": "Point",
        "coordinates": [
          -59.35,
          -15.23
        ]
      }
    },
    {
      "type": "Feature",
      "properties": {
        "name": "MTLE0",
        "identifier": "Primavera do Leste",
        "data_format": "RTCM 3.2",
        "format_details": "1006(1),1008(10),1019(15),1020(15),1033(10),1042(10),1045(10),1077(1),1087(1),1097(1),1107(1),1127(1)",
        "carrier": "L2",
        "nav_system": "GPS+GLO+GAL+BDS+SBAS",
        "network": "RBMC-IP",
        "country": "BRA",
        "coordinates": "-15.55, -54.28",
        "solution": "single base",
        "misc": "RBMC-MTLE",
        "color": "green",
        "align": "left",
        "bline": "baseline"
      },
      "geometry": {
        "type": "Point",
        "coordinates": [
          -54.28,
          -15.55
        ]
      }
    },
    {
      "type": "Feature",
      "properties": {
        "name": "NAUS0",
        "identifier": "Manaus",
        "data_format": "RTCM 3.3",
        "format_details": "1006(1),1008(10),1019(15),1020(15),1033(10),1042(10),1045(10),1077(1),1087(1),1097(1),1107(1),1127(1)",
        "carrier": "L2",
        "nav_system": "GPS+GLO+GAL+BDS+SBAS",
        "network": "RBMC-IP",
        "country": "BRA",
        "coordinates": "-3.02, -60.06",
        "solution": "single base",
        "misc": "RBMC-NAUS",
        "color": "green",
        "align": "left",
        "bline": "baseline"
      },
      "geometry": {
        "type": "Point",
        "coordinates": [
          -60.06,
          -3.02
        ]
      }
    },
    {
      "type": "Feature",
      "properties": {
        "name": "NEIA0",
        "identifier": "Cananeia",
        "data_format": "RTCM 3.2",
        "format_details": "1006(1),1008(10),1019(15),1020(15),1033(10),1042(10),1045(10),1077(1),1087(1),1097(1),1107(1),1127(1)",
        "carrier": "L2",
        "nav_system": "GPS+GLO+GAL+BDS+SBAS",
        "network": "RBMC-IP",
        "country": "BRA",
        "coordinates": "-25.02, -47.92",
        "solution": "single base",
        "misc": "RBMC-NEIA",
        "color": "green",
        "align": "left",
        "bline": "baseline"
      },
      "geometry": {
        "type": "Point",
        "coordinates": [
          -47.92,
          -25.02
        ]
      }
    },
    {
      "type": "Feature",
      "properties": {
        "name": "ONRJ0",
        "identifier": "Rio de Janeiro(ON)",
        "data_format": "RTCM 3.0",
        "format_details": "1004(1),1006(1),1008(10),1012(1),1013(10),1019(10),1020(10),1033(10)",
        "carrier": "L2",
        "nav_system": "GPS+GLO",
        "network": "RBMC-IP",
        "country": "BRA",
        "coordinates": "-22.9, -43.22",
        "solution": "single base",
        "misc": "RBMC-ONRJ",
        "color": "green",
        "align": "left",
        "bline": "baseline"
      },
      "geometry": {
        "type": "Point",
        "coordinates": [
          -43.22,
          -22.9
        ]
      }
    },
    {
      "type": "Feature",
      "properties": {
        "name": "PAIT0",
        "identifier": "Itaituba",
        "data_format": "RTCM 3.3",
        "format_details": "1006(1),1008(10),1019(15),1020(15),1033(10),1042(10),1045(10),1077(1),1087(1),1097(1),1107(1),1127(1)",
        "carrier": "L2",
        "nav_system": "GPS+GLO+GAL+BDS+SBAS",
        "network": "RBMC-IP",
        "country": "BRA",
        "coordinates": "-4.29, -56.04",
        "solution": "single base",
        "misc": "RBMC-PAIT",
        "color": "green",
        "align": "left",
        "bline": "baseline"
      },
      "geometry": {
        "type": "Point",
        "coordinates": [
          -56.04,
          -4.29
        ]
      }
    },
    {
      "type": "Feature",
      "properties": {
        "name": "PASM0",
        "identifier": "Santarem - INCRA",
        "data_format": "RTCM 3.3",
        "format_details": "1006(1),1008(10),1019(15),1020(15),1033(10),1042(10),1045(10),1077(1),1087(1),1097(1),1107(1),1127(1)",
        "carrier": "L2",
        "nav_system": "GPS+GLO+GAL+BDS+SBAS",
        "network": "RBMC-IP",
        "country": "BRA",
        "coordinates": "-2.43, -54.73",
        "solution": "single base",
        "misc": "RBMC-PASM",
        "color": "green",
        "align": "left",
        "bline": "baseline"
      },
      "geometry": {
        "type": "Point",
        "coordinates": [
          -54.73,
          -2.43
        ]
      }
    },
    {
      "type": "Feature",
      "properties": {
        "name": "PBCG0",
        "identifier": "Campina Grande",
        "data_format": "RTCM 3.2",
        "format_details": "1006(1),1008(10),1019(15),1020(15),1033(10),1042(10),1045(10),1077(1),1087(1),1097(1),1107(1),1127(1)",
        "carrier": "L2",
        "nav_system": "GPS+GLO+GAL+BDS+SBAS",
        "network": "RBMC-IP",
        "country": "BRA",
        "coordinates": "-7.21, -35.91",
        "solution": "single base",
        "misc": "RBMC-PBCG",
        "color": "green",
        "align": "left",
        "bline": "baseline"
      },
      "geometry": {
        "type": "Point",
        "coordinates": [
          -35.91,
          -7.21
        ]
      }
    },
    {
      "type": "Feature",
      "properties": {
        "name": "PBJP0",
        "identifier": "Joao Pessoa",
        "data_format": "RTCM 3.2",
        "format_details": "1006(1),1008(10),1019(15),1020(15),1033(10),1042(10),1045(10),1077(1),1087(1),1097(1),1107(1),1127(1)",
        "carrier": "L2",
        "nav_system": "GPS+GLO+GAL+BDS+SBAS",
        "network": "RBMC-IP",
        "country": "BRA",
        "coordinates": "-7.14, -34.87",
        "solution": "single base",
        "misc": "RBMC-PBJP",
        "color": "green",
        "align": "left",
        "bline": "baseline"
      },
      "geometry": {
        "type": "Point",
        "coordinates": [
          -34.87,
          -7.14
        ]
      }
    },
    {
      "type": "Feature",
      "properties": {
        "name": "PBPT0",
        "identifier": "Patos",
        "data_format": "RTCM 3.2",
        "format_details": "1006(1),1008(10),1019(15),1020(15),1033(10),1042(10),1045(10),1077(1),1087(1),1097(1),1107(1),1127(1)",
        "carrier": "L2",
        "nav_system": "GPS+GLO+GAL+BDS+SBAS",
        "network": "RBMC-IP",
        "country": "BRA",
        "coordinates": "-7.07, -37.29",
        "solution": "single base",
        "misc": "RBMC-PBPT",
        "color": "green",
        "align": "left",
        "bline": "baseline"
      },
      "geometry": {
        "type": "Point",
        "coordinates": [
          -37.29,
          -7.07
        ]
      }
    },
    {
      "type": "Feature",
      "properties": {
        "name": "PEAF0",
        "identifier": "Afogados da Ingazeira",
        "data_format": "RTCM 3.0",
        "format_details": "1004(1),1006(1),1008(10),1012(1),1013(10),1019(10),1020(10),1033(10)",
        "carrier": "L2",
        "nav_system": "GPS+GLO",
        "network": "RBMC-IP",
        "country": "BRA",
        "coordinates": "-7.76, -37.63",
        "solution": "single base",
        "misc": "RBMC-PEAF",
        "color": "green",
        "align": "left",
        "bline": "baseline"
      },
      "geometry": {
        "type": "Point",
        "coordinates": [
          -37.63,
          -7.76
        ]
      }
    },
    {
      "type": "Feature",
      "properties": {
        "name": "PECA0",
        "identifier": "Caruaru - UFPE",
        "data_format": "RTCM 3.2",
        "format_details": "1006(1),1008(10),1019(15),1020(15),1033(10),1045(15),1077(1),1087(1),1097(1),1107(1)",
        "carrier": "L2",
        "nav_system": "GPS+GLO+GAL+SBAS",
        "network": "RBMC-IP",
        "country": "BRA",
        "coordinates": "-8.23, -35.98",
        "solution": "single base",
        "misc": "RBMC-PECA",
        "color": "green",
        "align": "left",
        "bline": "baseline"
      },
      "geometry": {
        "type": "Point",
        "coordinates": [
          -35.98,
          -8.23
        ]
      }
    },
    {
      "type": "Feature",
      "properties": {
        "name": "PEPE0",
        "identifier": "Petrolina",
        "data_format": "RTCM 3.0",
        "format_details": "1004(1),1006(1),1008(10),1012(1),1013(10),1019(10),1020(10),1033(10)",
        "carrier": "L2",
        "nav_system": "GPS+GLO",
        "network": "RBMC-IP",
        "country": "BRA",
        "coordinates": "-9.38, -40.51",
        "solution": "single base",
        "misc": "RBMC-PEPE",
        "color": "green",
        "align": "left",
        "bline": "baseline"
      },
      "geometry": {
        "type": "Point",
        "coordinates": [
          -40.51,
          -9.38
        ]
      }
    },
    {
      "type": "Feature",
      "properties": {
        "name": "PERC0",
        "identifier": "Recife - IFPE",
        "data_format": "RTCM 3.2",
        "format_details": "1006(1),1008(10),1019(15),1020(15),1033(10),1042(10),1045(10),1077(1),1087(1),1097(1),1107(1),1127(1)",
        "carrier": "L2",
        "nav_system": "GPS+GLO+GAL+BDS+SBAS",
        "network": "RBMC-IP",
        "country": "BRA",
        "coordinates": "-8.06, -34.95",
        "solution": "single base",
        "misc": "RBMC-PERC",
        "color": "green",
        "align": "left",
        "bline": "baseline"
      },
      "geometry": {
        "type": "Point",
        "coordinates": [
          -34.95,
          -8.06
        ]
      }
    },
    {
      "type": "Feature",
      "properties": {
        "name": "PIFL0",
        "identifier": "Floriano",
        "data_format": "RTCM 3.0",
        "format_details": "1004(1),1006(1),1008(10),1012(1),1013(10),1019(10),1020(10),1033(10)",
        "carrier": "L2",
        "nav_system": "GPS+GLO",
        "network": "RBMC-IP",
        "country": "BRA",
        "coordinates": "-6.79, -43.04",
        "solution": "single base",
        "misc": "RBMC-PIFL",
        "color": "green",
        "align": "left",
        "bline": "baseline"
      },
      "geometry": {
        "type": "Point",
        "coordinates": [
          -43.04,
          -6.79
        ]
      }
    },
    {
      "type": "Feature",
      "properties": {
        "name": "PISR0",
        "identifier": "Sao Raimundo Nonato",
        "data_format": "RTCM 3.0",
        "format_details": "1004(1),1006(1),1008(10),1011(1),1013(60),1019(15),1020(15),1033(15)",
        "carrier": "L2",
        "nav_system": "GPS",
        "network": "RBMC-IP",
        "country": "BRA",
        "coordinates": "-9.03, -42.7",
        "solution": "single base",
        "misc": "RBMC-PISR",
        "color": "green",
        "align": "left",
        "bline": "baseline"
      },
      "geometry": {
        "type": "Point",
        "coordinates": [
          -42.7,
          -9.03
        ]
      }
    },
    {
      "type": "Feature",
      "properties": {
        "name": "POAL0",
        "identifier": "Porto Alegre",
        "data_format": "RTCM 3.3",
        "format_details": "1006(1),1008(10),1019(15),1020(15),1033(10),1042(10),1045(10),1077(1),1087(1),1097(1),1107(1),1127(1)",
        "carrier": "L2",
        "nav_system": "GPS+GLO+GAL+BDS+SBAS",
        "network": "RBMC-IP",
        "country": "BRA",
        "coordinates": "-30.07, -51.12",
        "solution": "single base",
        "misc": "RBMC-POAL",
        "color": "green",
        "align": "left",
        "bline": "baseline"
      },
      "geometry": {
        "type": "Point",
        "coordinates": [
          -51.12,
          -30.07
        ]
      }
    },
    {
      "type": "Feature",
      "properties": {
        "name": "POLI0",
        "identifier": "Sao Paulo",
        "data_format": "RTCM 3.2",
        "format_details": "1006(1),1008(10),1019(15),1020(15),1033(10),1045(15),1077(1),1087(1),1097(1),1107(1)",
        "carrier": "L2",
        "nav_system": "GPS+GLO+GAL+SBAS",
        "network": "RBMC-IP",
        "country": "BRA",
        "coordinates": "-23.56, -46.73",
        "solution": "single base",
        "misc": "RBMC-POLI",
        "color": "green",
        "align": "left",
        "bline": "baseline"
      },
      "geometry": {
        "type": "Point",
        "coordinates": [
          -46.73,
          -23.56
        ]
      }
    },
    {
      "type": "Feature",
      "properties": {
        "name": "POVE0",
        "identifier": "Porto Velho",
        "data_format": "RTCM 3.2",
        "format_details": "1006(1),1008(10),1019(15),1020(15),1033(10),1042(10),1045(10),1077(1),1087(1),1097(1),1107(1),1127(1)",
        "carrier": "L2",
        "nav_system": "GPS+GLO+GAL+BDS+SBAS",
        "network": "RBMC-IP",
        "country": "BRA",
        "coordinates": "-8.71, -63.9",
        "solution": "single base",
        "misc": "RBMC-POVE",
        "color": "green",
        "align": "left",
        "bline": "baseline"
      },
      "geometry": {
        "type": "Point",
        "coordinates": [
          -63.9,
          -8.71
        ]
      }
    },
    {
      "type": "Feature",
      "properties": {
        "name": "PPTE0",
        "identifier": "Presidente Prudente",
        "data_format": "RTCM 3.2",
        "format_details": "1006(1),1008(10),1019(15),1020(15),1033(10),1045(15),1077(1),1087(1),1097(1),1107(1)",
        "carrier": "L2",
        "nav_system": "GPS+GLO+GAL+SBAS",
        "network": "RBMC-IP",
        "country": "BRA",
        "coordinates": "-22.12, -51.41",
        "solution": "single base",
        "misc": "RBMC-PPTE",
        "color": "green",
        "align": "left",
        "bline": "baseline"
      },
      "geometry": {
        "type": "Point",
        "coordinates": [
          -51.41,
          -22.12
        ]
      }
    },
    {
      "type": "Feature",
      "properties": {
        "name": "PRCL0",
        "identifier": "Cascavel - Unioeste",
        "data_format": "RTCM 3.2",
        "format_details": "1006(1),1008(10),1019(15),1020(15),1033(10),1042(10),1045(10),1077(1),1087(1),1097(1),1107(1),1127(1)",
        "carrier": "L2",
        "nav_system": "GPS+GLO+GAL+BDS+SBAS",
        "network": "RBMC-IP",
        "country": "BRA",
        "coordinates": "-24.99, -53.45",
        "solution": "single base",
        "misc": "RBMC-PRCL",
        "color": "green",
        "align": "left",
        "bline": "baseline"
      },
      "geometry": {
        "type": "Point",
        "coordinates": [
          -53.45,
          -24.99
        ]
      }
    },
    {
      "type": "Feature",
      "properties": {
        "name": "PRGU0",
        "identifier": "Guarapuava",
        "data_format": "RTCM 3.2",
        "format_details": "1006(1),1008(10),1019(15),1020(15),1033(10),1042(10),1045(10),1077(1),1087(1),1097(1),1107(1),1127(1)",
        "carrier": "L2",
        "nav_system": "GPS+GLO+GAL+BDS+SBAS",
        "network": "RBMC-IP",
        "country": "BRA",
        "coordinates": "-25.38, -51.49",
        "solution": "single base",
        "misc": "RBMC-PRGU",
        "color": "green",
        "align": "left",
        "bline": "baseline"
      },
      "geometry": {
        "type": "Point",
        "coordinates": [
          -51.49,
          -25.38
        ]
      }
    },
    {
      "type": "Feature",
      "properties": {
        "name": "PRMA0",
        "identifier": "Maringa",
        "data_format": "RTCM 3.3",
        "format_details": "1006(1),1008(10),1019(15),1020(15),1033(10),1042(10),1045(10),1077(1),1087(1),1097(1),1107(1),1127(1)",
        "carrier": "L2",
        "nav_system": "GPS+GLO+GAL+BDS+SBAS",
        "network": "RBMC-IP",
        "country": "BRA",
        "coordinates": "-23.41, -51.94",
        "solution": "single base",
        "misc": "RBMC-PRMA",
        "color": "green",
        "align": "left",
        "bline": "baseline"
      },
      "geometry": {
        "type": "Point",
        "coordinates": [
          -51.94,
          -23.41
        ]
      }
    },
    {
      "type": "Feature",
      "properties": {
        "name": "PRUR0",
        "identifier": "Umuarama",
        "data_format": "RTCM 3.0",
        "format_details": "1004(1),1006(1),1008(10),1012(1),1013(10),1019(10),1020(10),1033(10)",
        "carrier": "L2",
        "nav_system": "GPS+GLO",
        "network": "RBMC-IP",
        "country": "BRA",
        "coordinates": "-23.81, -53.32",
        "solution": "single base",
        "misc": "RBMC-PRUR",
        "color": "green",
        "align": "left",
        "bline": "baseline"
      },
      "geometry": {
        "type": "Point",
        "coordinates": [
          -53.32,
          -23.81
        ]
      }
    },
    {
      "type": "Feature",
      "properties": {
        "name": "RJCG0",
        "identifier": "Campos dos Goytacazes",
        "data_format": "RTCM 3.2",
        "format_details": "1006(1),1008(10),1019(15),1020(15),1033(10),1042(10),1045(10),1077(1),1087(1),1097(1),1107(1),1127(1)",
        "carrier": "L2",
        "nav_system": "GPS+GLO+GAL+BDS+SBAS",
        "network": "RBMC-IP",
        "country": "BRA",
        "coordinates": "-21.76, -41.33",
        "solution": "single base",
        "misc": "RBMC-RJCG",
        "color": "green",
        "align": "left",
        "bline": "baseline"
      },
      "geometry": {
        "type": "Point",
        "coordinates": [
          -41.33,
          -21.76
        ]
      }
    },
    {
      "type": "Feature",
      "properties": {
        "name": "RJFB0",
        "identifier": "Nova Friburgo",
        "data_format": "RTCM 3.3",
        "format_details": "1006(1),1008(10),1019(15),1020(15),1033(10),1042(10),1045(10),1077(1),1087(1),1097(1),1107(1),1127(1)",
        "carrier": "L2",
        "nav_system": "GPS+GLO+GAL+BDS+SBAS",
        "network": "RBMC-IP",
        "country": "BRA",
        "coordinates": "-22.29, -42.54",
        "solution": "single base",
        "misc": "RBMC-RJFB",
        "color": "green",
        "align": "left",
        "bline": "baseline"
      },
      "geometry": {
        "type": "Point",
        "coordinates": [
          -42.54,
          -22.29
        ]
      }
    },
    {
      "type": "Feature",
      "properties": {
        "name": "RJNI0",
        "identifier": "Niteroi UFF",
        "data_format": "RTCM 3.2",
        "format_details": "1006(1),1008(10),1019(15),1020(15),1033(10),1042(10),1045(10),1077(1),1087(1),1097(1),1107(1),1127(1)",
        "carrier": "L2",
        "nav_system": "GPS+GLO+GAL+BDS+SBAS",
        "network": "RBMC-IP",
        "country": "BRA",
        "coordinates": "-22.91, -43.13",
        "solution": "single base",
        "misc": "RBMC-RJNI",
        "color": "green",
        "align": "left",
        "bline": "baseline"
      },
      "geometry": {
        "type": "Point",
        "coordinates": [
          -43.13,
          -22.91
        ]
      }
    },
    {
      "type": "Feature",
      "properties": {
        "name": "RJVA0",
        "identifier": "Obs. Nac. Vassouras",
        "data_format": "RTCM 3.0",
        "format_details": "1004(1),1006(1),1008(10),1012(1),1013(10),1019(10),1020(10),1033(10)",
        "carrier": "L2",
        "nav_system": "GPS+GLO",
        "network": "RBMC-IP",
        "country": "BRA",
        "coordinates": "-22.4, -43.65",
        "solution": "single base",
        "misc": "RBMC-RJVA",
        "color": "green",
        "align": "left",
        "bline": "baseline"
      },
      "geometry": {
        "type": "Point",
        "coordinates": [
          -43.65,
          -22.4
        ]
      }
    },
    {
      "type": "Feature",
      "properties": {
        "name": "RNNA0",
        "identifier": "Natal",
        "data_format": "RTCM 3.3",
        "format_details": "1006(1),1008(10),1019(15),1020(15),1033(10),1042(10),1045(10),1077(1),1087(1),1097(1),1107(1),1127(1)",
        "carrier": "L2",
        "nav_system": "GPS+GLO+GAL+BDS+SBAS",
        "network": "RBMC-IP",
        "country": "BRA",
        "coordinates": "-5.84, -35.21",
        "solution": "single base",
        "misc": "RBMC-RNNA",
        "color": "green",
        "align": "left",
        "bline": "baseline"
      },
      "geometry": {
        "type": "Point",
        "coordinates": [
          -35.21,
          -5.84
        ]
      }
    },
    {
      "type": "Feature",
      "properties": {
        "name": "RNPF0",
        "identifier": "Pau dos Ferros",
        "data_format": "RTCM 3.0",
        "format_details": "1004(1),1006(1),1008(10),1012(1),1013(10),1019(10),1020(10),1033(10)",
        "carrier": "L2",
        "nav_system": "GPS+GLO",
        "network": "RBMC-IP",
        "country": "BRA",
        "coordinates": "-6.13, -38.21",
        "solution": "single base",
        "misc": "RBMC-RNPF",
        "color": "green",
        "align": "left",
        "bline": "baseline"
      },
      "geometry": {
        "type": "Point",
        "coordinates": [
          -38.21,
          -6.13
        ]
      }
    },
    {
      "type": "Feature",
      "properties": {
        "name": "ROCO0",
        "identifier": "Colorado do Oeste - IFRO",
        "data_format": "RTCM 3.0",
        "format_details": "1004(1),1006(1),1008(10),1012(1),1013(10),1019(10),1020(10),1033(10)",
        "carrier": "L2",
        "nav_system": "GPS+GLO",
        "network": "RBMC-IP",
        "country": "BRA",
        "coordinates": "-13.11, -60.49",
        "solution": "single base",
        "misc": "RBMC-ROCO",
        "color": "green",
        "align": "left",
        "bline": "baseline"
      },
      "geometry": {
        "type": "Point",
        "coordinates": [
          -60.49,
          -13.11
        ]
      }
    },
    {
      "type": "Feature",
      "properties": {
        "name": "ROGU0",
        "identifier": "Guajara-Mirim - IFRO",
        "data_format": "RTCM 3.2",
        "format_details": "1006(1),1008(10),1019(15),1020(15),1033(10),1042(10),1045(10),1077(1),1087(1),1097(1),1107(1),1127(1)",
        "carrier": "L2",
        "nav_system": "GPS+GLO+GAL+BDS+SBAS",
        "network": "RBMC-IP",
        "country": "BRA",
        "coordinates": "-10.76, -65.32",
        "solution": "single base",
        "misc": "RBMC-ROGU",
        "color": "green",
        "align": "left",
        "bline": "baseline"
      },
      "geometry": {
        "type": "Point",
        "coordinates": [
          -65.32,
          -10.76
        ]
      }
    },
    {
      "type": "Feature",
      "properties": {
        "name": "ROJI0",
        "identifier": "Ji-Parana",
        "data_format": "RTCM 3.3",
        "format_details": "1006(1),1008(10),1019(15),1020(15),1033(10),1042(10),1045(10),1077(1),1087(1),1097(1),1107(1),1127(1)",
        "carrier": "L2",
        "nav_system": "GPS+GLO+GAL+BDS+SBAS",
        "network": "RBMC-IP",
        "country": "BRA",
        "coordinates": "-10.86, -61.96",
        "solution": "single base",
        "misc": "RBMC-ROJI",
        "color": "green",
        "align": "left",
        "bline": "baseline"
      },
      "geometry": {
        "type": "Point",
        "coordinates": [
          -61.96,
          -10.86
        ]
      }
    },
    {
      "type": "Feature",
      "properties": {
        "name": "ROSA0",
        "identifier": "Rosana",
        "data_format": "RTCM 3.3",
        "format_details": "1006(1),1008(10),1019(15),1020(15),1033(10),1042(10),1045(10),1077(1),1087(1),1097(1),1107(1),1127(1)",
        "carrier": "L2",
        "nav_system": "GPS+GLO+GAL+BDS+SBAS",
        "network": "RBMC-IP",
        "country": "BRA",
        "coordinates": "-22.52, -52.95",
        "solution": "single base",
        "misc": "RBMC-ROSA",
        "color": "green",
        "align": "left",
        "bline": "baseline"
      },
      "geometry": {
        "type": "Point",
        "coordinates": [
          -52.95,
          -22.52
        ]
      }
    },
    {
      "type": "Feature",
      "properties": {
        "name": "RSCL0",
        "identifier": "Cerro Largo",
        "data_format": "RTCM 3.2",
        "format_details": "1006(1),1008(10),1019(15),1020(15),1033(10),1042(10),1045(10),1077(1),1087(1),1097(1),1107(1),1127(1)",
        "carrier": "L2",
        "nav_system": "GPS+GLO+GAL+BDS+SBAS",
        "network": "RBMC-IP",
        "country": "BRA",
        "coordinates": "-28.14, -54.75",
        "solution": "single base",
        "misc": "RBMC-RSCL",
        "color": "green",
        "align": "left",
        "bline": "baseline"
      },
      "geometry": {
        "type": "Point",
        "coordinates": [
          -54.75,
          -28.14
        ]
      }
    },
    {
      "type": "Feature",
      "properties": {
        "name": "RSPE0",
        "identifier": "Pelotas",
        "data_format": "RTCM 3.0",
        "format_details": "1004(1),1006(1),1008(10),1012(1),1013(10),1019(10),1020(10),1033(10)",
        "carrier": "L2",
        "nav_system": "GPS+GLO",
        "network": "RBMC-IP",
        "country": "BRA",
        "coordinates": "-31.8, -52.42",
        "solution": "single base",
        "misc": "RBMC-RSPE",
        "color": "green",
        "align": "left",
        "bline": "baseline"
      },
      "geometry": {
        "type": "Point",
        "coordinates": [
          -52.42,
          -31.8
        ]
      }
    },
    {
      "type": "Feature",
      "properties": {
        "name": "RSPF0",
        "identifier": "Passo Fundo",
        "data_format": "RTCM 3.2",
        "format_details": "1006(1),1008(10),1019(15),1020(15),1033(10),1042(10),1045(10),1077(1),1087(1),1097(1),1107(1),1127(1)",
        "carrier": "L2",
        "nav_system": "GPS+GLO+GAL+BDS+SBAS",
        "network": "RBMC-IP",
        "country": "BRA",
        "coordinates": "-28.23, -52.39",
        "solution": "single base",
        "misc": "RBMC-RSPF",
        "color": "green",
        "align": "left",
        "bline": "baseline"
      },
      "geometry": {
        "type": "Point",
        "coordinates": [
          -52.39,
          -28.23
        ]
      }
    },
    {
      "type": "Feature",
      "properties": {
        "name": "RSSL0",
        "identifier": "Sao Leopoldo",
        "data_format": "RTCM 3.2",
        "format_details": "1006(1),1008(10),1019(15),1020(15),1033(10),1042(10),1045(10),1077(1),1087(1),1097(1),1107(1),1127(1)",
        "carrier": "L2",
        "nav_system": "GPS+GLO+GAL+BDS+SBAS",
        "network": "RBMC-IP",
        "country": "BRA",
        "coordinates": "-29.79, -51.15",
        "solution": "single base",
        "misc": "RBMC-RSSL",
        "color": "green",
        "align": "left",
        "bline": "baseline"
      },
      "geometry": {
        "type": "Point",
        "coordinates": [
          -51.15,
          -29.79
        ]
      }
    },
    {
      "type": "Feature",
      "properties": {
        "name": "SAGA0",
        "identifier": "Sao Gabriel da Cachoeira",
        "data_format": "RTCM 3.0",
        "format_details": "1004(1),1006(1),1008(10),1012(1),1013(10),1019(10),1020(10),1033(10)",
        "carrier": "L2",
        "nav_system": "GPS+GLO",
        "network": "RBMC-IP",
        "country": "BRA",
        "coordinates": "-0.14, -67.06",
        "solution": "single base",
        "misc": "RBMC-SAGA",
        "color": "green",
        "align": "left",
        "bline": "baseline"
      },
      "geometry": {
        "type": "Point",
        "coordinates": [
          -67.06,
          -0.14
        ]
      }
    },
    {
      "type": "Feature",
      "properties": {
        "name": "SALU0",
        "identifier": "Sao Luis",
        "data_format": "RTCM 3.2",
        "format_details": "1006(1),1008(10),1019(15),1020(15),1033(10),1042(10),1045(10),1077(1),1087(1),1097(1),1107(1),1127(1)",
        "carrier": "L2",
        "nav_system": "GPS+GLO+GAL+BDS+SBAS",
        "network": "RBMC-IP",
        "country": "BRA",
        "coordinates": "-2.59, -44.21",
        "solution": "single base",
        "misc": "RBMC-SALU",
        "color": "green",
        "align": "left",
        "bline": "baseline"
      },
      "geometry": {
        "type": "Point",
        "coordinates": [
          -44.21,
          -2.59
        ]
      }
    },
    {
      "type": "Feature",
      "properties": {
        "name": "SCAQ0",
        "identifier": "Araquari",
        "data_format": "RTCM 3.2",
        "format_details": "1006(1),1008(10),1019(15),1020(15),1033(10),1042(10),1045(10),1077(1),1087(1),1097(1),1107(1),1127(1)",
        "carrier": "L2",
        "nav_system": "GPS+GLO+GAL+BDS+SBAS",
        "network": "RBMC-IP",
        "country": "BRA",
        "coordinates": "-26.39, -48.74",
        "solution": "single base",
        "misc": "RBMC-SCAQ",
        "color": "green",
        "align": "left",
        "bline": "baseline"
      },
      "geometry": {
        "type": "Point",
        "coordinates": [
          -48.74,
          -26.39
        ]
      }
    },
    {
      "type": "Feature",
      "properties": {
        "name": "SCBL0",
        "identifier": "Blumenau",
        "data_format": "RTCM 3.0",
        "format_details": "1004(1),1006(1),1008(10),1012(1),1013(10),1019(10),1020(10),1033(10)",
        "carrier": "L2",
        "nav_system": "GPS+GLO",
        "network": "RBMC-IP",
        "country": "BRA",
        "coordinates": "-26.88, -49.14",
        "solution": "single base",
        "misc": "RBMC-SCBL",
        "color": "green",
        "align": "left",
        "bline": "baseline"
      },
      "geometry": {
        "type": "Point",
        "coordinates": [
          -49.14,
          -26.88
        ]
      }
    },
    {
      "type": "Feature",
      "properties": {
        "name": "SCCA0",
        "identifier": "Cacador",
        "data_format": "RTCM 3.2",
        "format_details": "1006(1),1008(10),1019(15),1020(15),1033(10),1042(10),1045(10),1077(1),1087(1),1097(1),1107(1),1127(1)",
        "carrier": "L2",
        "nav_system": "GPS+GLO+GAL+BDS+SBAS",
        "network": "RBMC-IP",
        "country": "BRA",
        "coordinates": "-26.78, -51.04",
        "solution": "single base",
        "misc": "RBMC-SCCA",
        "color": "green",
        "align": "left",
        "bline": "baseline"
      },
      "geometry": {
        "type": "Point",
        "coordinates": [
          -51.04,
          -26.78
        ]
      }
    },
    {
      "type": "Feature",
      "properties": {
        "name": "SCCH0",
        "identifier": "Chapeco",
        "data_format": "RTCM 3.2",
        "format_details": "1006(1),1008(10),1019(15),1020(15),1033(10),1042(10),1045(10),1077(1),1087(1),1097(1),1107(1),1127(1)",
        "carrier": "L2",
        "nav_system": "GPS+GLO+GAL+BDS+SBAS",
        "network": "RBMC-IP",
        "country": "BRA",
        "coordinates": "-27.14, -52.6",
        "solution": "single base",
        "misc": "RBMC-SCCH",
        "color": "green",
        "align": "left",
        "bline": "baseline"
      },
      "geometry": {
        "type": "Point",
        "coordinates": [
          -52.6,
          -27.14
        ]
      }
    },
    {
      "type": "Feature",
      "properties": {
        "name": "SCCR0",
        "identifier": "Criciuma",
        "data_format": "RTCM 3.2",
        "format_details": "1006(1),1008(10),1019(15),1020(15),1033(10),1042(10),1045(10),1077(1),1087(1),1097(1),1107(1),1127(1)",
        "carrier": "L2",
        "nav_system": "GPS+GLO+GAL+BDS+SBAS",
        "network": "RBMC-IP",
        "country": "BRA",
        "coordinates": "-28.68, -49.33",
        "solution": "single base",
        "misc": "RBMC-SCCR",
        "color": "green",
        "align": "left",
        "bline": "baseline"
      },
      "geometry": {
        "type": "Point",
        "coordinates": [
          -49.33,
          -28.68
        ]
      }
    },
    {
      "type": "Feature",
      "properties": {
        "name": "SCFL0",
        "identifier": "Florianopolis",
        "data_format": "RTCM 3.0",
        "format_details": "1004(1),1006(1),1008(10),1012(1),1013(10),1019(10),1020(10),1033(10)",
        "carrier": "L2",
        "nav_system": "GPS+GLO",
        "network": "RBMC-IP",
        "country": "BRA",
        "coordinates": "-27.6, -48.52",
        "solution": "single base",
        "misc": "RBMC-SCFL",
        "color": "green",
        "align": "left",
        "bline": "baseline"
      },
      "geometry": {
        "type": "Point",
        "coordinates": [
          -48.52,
          -27.6
        ]
      }
    },
    {
      "type": "Feature",
      "properties": {
        "name": "SCIM0",
        "identifier": "Imbituba - Porto",
        "data_format": "RTCM 3.2",
        "format_details": "1006(1),1008(10),1019(15),1020(15),1033(10),1042(10),1045(10),1077(1),1087(1),1097(1),1107(1),1127(1)",
        "carrier": "L2",
        "nav_system": "GPS+GLO+GAL+BDS+SBAS",
        "network": "RBMC-IP",
        "country": "BRA",
        "coordinates": "-28.24, -48.66",
        "solution": "single base",
        "misc": "RBMC-SCIM",
        "color": "green",
        "align": "left",
        "bline": "baseline"
      },
      "geometry": {
        "type": "Point",
        "coordinates": [
          -48.66,
          -28.24
        ]
      }
    },
    {
      "type": "Feature",
      "properties": {
        "name": "SCLA0",
        "identifier": "Lages",
        "data_format": "RTCM 3.2",
        "format_details": "1006(1),1008(10),1019(15),1020(15),1033(10),1042(10),1045(10),1077(1),1087(1),1097(1),1107(1),1127(1)",
        "carrier": "L2",
        "nav_system": "GPS+GLO+GAL+BDS+SBAS",
        "network": "RBMC-IP",
        "country": "BRA",
        "coordinates": "-27.79, -50.3",
        "solution": "single base",
        "misc": "RBMC-SCLA",
        "color": "green",
        "align": "left",
        "bline": "baseline"
      },
      "geometry": {
        "type": "Point",
        "coordinates": [
          -50.3,
          -27.79
        ]
      }
    },
    {
      "type": "Feature",
      "properties": {
        "name": "SEAJ0",
        "identifier": "Aracaju",
        "data_format": "RTCM 3.2",
        "format_details": "1006(1),1008(10),1019(15),1020(15),1033(10),1042(10),1045(10),1077(1),1087(1),1097(1),1107(1),1127(1)",
        "carrier": "L2",
        "nav_system": "GPS+GLO+GAL+BDS+SBAS",
        "network": "RBMC-IP",
        "country": "BRA",
        "coordinates": "-10.93, -37.1",
        "solution": "single base",
        "misc": "RBMC-SEAJ",
        "color": "green",
        "align": "left",
        "bline": "baseline"
      },
      "geometry": {
        "type": "Point",
        "coordinates": [
          -37.1,
          -10.93
        ]
      }
    },
    {
      "type": "Feature",
      "properties": {
        "name": "SJRP0",
        "identifier": "Sao Jose do Rio Preto",
        "data_format": "RTCM 3.2",
        "format_details": "1006(1),1008(10),1019(15),1020(15),1033(10),1045(15),1077(1),1087(1),1097(1),1107(1)",
        "carrier": "L2",
        "nav_system": "GPS+GLO+GAL+SBAS",
        "network": "RBMC-IP",
        "country": "BRA",
        "coordinates": "-20.79, -49.36",
        "solution": "single base",
        "misc": "RBMC-SJRP",
        "color": "green",
        "align": "left",
        "bline": "baseline"
      },
      "geometry": {
        "type": "Point",
        "coordinates": [
          -49.36,
          -20.79
        ]
      }
    },
    {
      "type": "Feature",
      "properties": {
        "name": "SJSP0",
        "identifier": "Sao Jose dos Campos",
        "data_format": "RTCM 3.3",
        "format_details": "1006(1),1008(10),1019(15),1020(15),1033(10),1042(10),1045(10),1077(1),1087(1),1097(1),1107(1),1127(1)",
        "carrier": "L2",
        "nav_system": "GPS+GLO+GAL+BDS+SBAS",
        "network": "RBMC-IP",
        "country": "BRA",
        "coordinates": "-23.21, -45.86",
        "solution": "single base",
        "misc": "RBMC-SJSP",
        "color": "green",
        "align": "left",
        "bline": "baseline"
      },
      "geometry": {
        "type": "Point",
        "coordinates": [
          -45.86,
          -23.21
        ]
      }
    },
    {
      "type": "Feature",
      "properties": {
        "name": "SMAR0",
        "identifier": "Santa Maria",
        "data_format": "RTCM 3.0",
        "format_details": "1004(1),1006(1),1008(10),1012(1),1013(10),1019(10),1020(10),1033(10)",
        "carrier": "L2",
        "nav_system": "GPS+GLO",
        "network": "RBMC-IP",
        "country": "BRA",
        "coordinates": "-29.72, -53.72",
        "solution": "single base",
        "misc": "RBMC-SMAR",
        "color": "green",
        "align": "left",
        "bline": "baseline"
      },
      "geometry": {
        "type": "Point",
        "coordinates": [
          -53.72,
          -29.72
        ]
      }
    },
    {
      "type": "Feature",
      "properties": {
        "name": "SPBO0",
        "identifier": "Botucatu",
        "data_format": "RTCM 3.3",
        "format_details": "1006(1),1008(10),1019(15),1020(15),1033(10),1042(10),1045(10),1077(1),1087(1),1097(1),1107(1),1127(1)",
        "carrier": "L2",
        "nav_system": "GPS+GLO+GAL+BDS+SBAS",
        "network": "RBMC-IP",
        "country": "BRA",
        "coordinates": "-22.85, -48.43",
        "solution": "single base",
        "misc": "RBMC-SPBO",
        "color": "green",
        "align": "left",
        "bline": "baseline"
      },
      "geometry": {
        "type": "Point",
        "coordinates": [
          -48.43,
          -22.85
        ]
      }
    },
    {
      "type": "Feature",
      "properties": {
        "name": "SPC10",
        "identifier": "Campinas - UNICAMP",
        "data_format": "RTCM 3.2",
        "format_details": "1006(1),1008(10),1019(15),1020(15),1033(10),1042(10),1045(10),1077(1),1087(1),1097(1),1107(1),1127(1)",
        "carrier": "L2",
        "nav_system": "GPS+GLO+GAL+BDS+SBAS",
        "network": "RBMC-IP",
        "country": "BRA",
        "coordinates": "-22.82, -47.06",
        "solution": "single base",
        "misc": "RBMC-SPC1",
        "color": "green",
        "align": "left",
        "bline": "baseline"
      },
      "geometry": {
        "type": "Point",
        "coordinates": [
          -47.06,
          -22.82
        ]
      }
    },
    {
      "type": "Feature",
      "properties": {
        "name": "SPFE0",
        "identifier": "Fernandopolis",
        "data_format": "RTCM 3.0",
        "format_details": "1004(1),1006(1),1008(10),1012(1),1013(10),1019(10),1020(10),1033(10)",
        "carrier": "L2",
        "nav_system": "GPS+GLO",
        "network": "RBMC-IP",
        "country": "BRA",
        "coordinates": "-20.26, -50.23",
        "solution": "single base",
        "misc": "RBMC-SPFE",
        "color": "green",
        "align": "left",
        "bline": "baseline"
      },
      "geometry": {
        "type": "Point",
        "coordinates": [
          -50.23,
          -20.26
        ]
      }
    },
    {
      "type": "Feature",
      "properties": {
        "name": "SPFR0",
        "identifier": "Franca",
        "data_format": "RTCM 3.0",
        "format_details": "1004(1),1006(1),1008(10),1012(1),1013(10),1019(10),1020(10),1033(10)",
        "carrier": "L2",
        "nav_system": "GPS+GLO",
        "network": "RBMC-IP",
        "country": "BRA",
        "coordinates": "-20.51, -47.39",
        "solution": "single base",
        "misc": "RBMC-SPFR",
        "color": "green",
        "align": "left",
        "bline": "baseline"
      },
      "geometry": {
        "type": "Point",
        "coordinates": [
          -47.39,
          -20.51
        ]
      }
    },
    {
      "type": "Feature",
      "properties": {
        "name": "SPJA0",
        "identifier": "Jaboticabal",
        "data_format": "RTCM 3.2",
        "format_details": "1006(1),1008(10),1019(15),1020(15),1033(10),1045(15),1077(1),1087(1),1097(1),1107(1)",
        "carrier": "L2",
        "nav_system": "GPS+GLO+GAL+SBAS",
        "network": "RBMC-IP",
        "country": "BRA",
        "coordinates": "-21.24, -48.29",
        "solution": "single base",
        "misc": "RBMC-SPJA",
        "color": "green",
        "align": "left",
        "bline": "baseline"
      },
      "geometry": {
        "type": "Point",
        "coordinates": [
          -48.29,
          -21.24
        ]
      }
    },
    {
      "type": "Feature",
      "properties": {
        "name": "SPLI0",
        "identifier": "Lins",
        "data_format": "RTCM 3.3",
        "format_details": "1006(1),1008(10),1019(15),1020(15),1033(10),1042(10),1045(10),1077(1),1087(1),1097(1),1107(1),1127(1)",
        "carrier": "L2",
        "nav_system": "GPS+GLO+GAL+BDS+SBAS",
        "network": "RBMC-IP",
        "country": "BRA",
        "coordinates": "-21.67, -49.73",
        "solution": "single base",
        "misc": "RBMC-SPLI",
        "color": "green",
        "align": "left",
        "bline": "baseline"
      },
      "geometry": {
        "type": "Point",
        "coordinates": [
          -49.73,
          -21.67
        ]
      }
    },
    {
      "type": "Feature",
      "properties": {
        "name": "SPOR0",
        "identifier": "Ourinhos - UNESP",
        "data_format": "RTCM 3.0",
        "format_details": "1004(1),1006(1),1008(10),1012(1),1013(10),1019(10),1020(10),1033(10)",
        "carrier": "L2",
        "nav_system": "GPS+GLO",
        "network": "RBMC-IP",
        "country": "BRA",
        "coordinates": "-23.0, -49.84",
        "solution": "single base",
        "misc": "RBMC-SPOR",
        "color": "green",
        "align": "left",
        "bline": "baseline"
      },
      "geometry": {
        "type": "Point",
        "coordinates": [
          -49.84,
          -23.0
        ]
      }
    },
    {
      "type": "Feature",
      "properties": {
        "name": "SPS10",
        "identifier": "Sorocaba - UNESP",
        "data_format": "RTCM 3.0",
        "format_details": "1004(1),1006(1),1008(10),1012(1),1013(10),1019(10),1020(10),1033(10)",
        "carrier": "L2",
        "nav_system": "GPS+GLO",
        "network": "RBMC-IP",
        "country": "BRA",
        "coordinates": "-23.48, -47.42",
        "solution": "single base",
        "misc": "RBMC-SPS1",
        "color": "green",
        "align": "left",
        "bline": "baseline"
      },
      "geometry": {
        "type": "Point",
        "coordinates": [
          -47.42,
          -23.48
        ]
      }
    },
    {
      "type": "Feature",
      "properties": {
        "name": "SPTU0",
        "identifier": "Tupa",
        "data_format": "RTCM 3.2",
        "format_details": "1006(1),1008(10),1019(15),1020(15),1033(10),1042(10),1045(10),1077(1),1087(1),1097(1),1107(1),1127(1)",
        "carrier": "L2",
        "nav_system": "GPS+GLO+GAL+BDS+SBAS",
        "network": "RBMC-IP",
        "country": "BRA",
        "coordinates": "-21.93, -50.49",
        "solution": "single base",
        "misc": "RBMC-SPTU",
        "color": "green",
        "align": "left",
        "bline": "baseline"
      },
      "geometry": {
        "type": "Point",
        "coordinates": [
          -50.49,
          -21.93
        ]
      }
    },
    {
      "type": "Feature",
      "properties": {
        "name": "STHA0",
        "identifier": "Sta Helena - Agnaldo Fernandes",
        "data_format": "RTCM 3.2",
        "format_details": "1006(1),1008(10),1019(15),1020(15),1033(10),1042(10),1045(10),1077(1),1087(1),1097(1),1107(1),1127(1)",
        "carrier": "L2",
        "nav_system": "GPS+GLO+GAL+BDS+SBAS",
        "network": "RBMC-IP",
        "country": "BRA",
        "coordinates": "-24.85, -54.34",
        "solution": "single base",
        "misc": "RBMC-STHA",
        "color": "green",
        "align": "left",
        "bline": "baseline"
      },
      "geometry": {
        "type": "Point",
        "coordinates": [
          -54.34,
          -24.85
        ]
      }
    },
    {
      "type": "Feature",
      "properties": {
        "name": "TOGU0",
        "identifier": "Gurupi",
        "data_format": "RTCM 3.2",
        "format_details": "1006(1),1008(10),1019(15),1020(15),1033(10),1042(10),1045(10),1077(1),1087(1),1097(1),1107(1),1127(1)",
        "carrier": "L2",
        "nav_system": "GPS+GLO+GAL+BDS+SBAS",
        "network": "RBMC-IP",
        "country": "BRA",
        "coordinates": "-11.75, -49.05",
        "solution": "single base",
        "misc": "RBMC-TOGU",
        "color": "green",
        "align": "left",
        "bline": "baseline"
      },
      "geometry": {
        "type": "Point",
        "coordinates": [
          -49.05,
          -11.75
        ]
      }
    },
    {
      "type": "Feature",
      "properties": {
        "name": "TOPL0",
        "identifier": "Palmas",
        "data_format": "RTCM 3.2",
        "format_details": "1006(1),1008(10),1019(15),1020(15),1033(10),1042(10),1045(10),1077(1),1087(1),1097(1),1107(1),1127(1)",
        "carrier": "L2",
        "nav_system": "GPS+GLO+GAL+BDS+SBAS",
        "network": "RBMC-IP",
        "country": "BRA",
        "coordinates": "-10.17, -48.33",
        "solution": "single base",
        "misc": "RBMC-TOPL",
        "color": "green",
        "align": "left",
        "bline": "baseline"
      },
      "geometry": {
        "type": "Point",
        "coordinates": [
          -48.33,
          -10.17
        ]
      }
    },
    {
      "type": "Feature",
      "properties": {
        "name": "UBA10",
        "identifier": "Ubatuba(Maregrafo)",
        "data_format": "RTCM 3.2",
        "format_details": "1006(1),1008(10),1019(15),1020(15),1033(10),1042(10),1045(10),1077(1),1087(1),1097(1),1107(1),1127(1)",
        "carrier": "L2",
        "nav_system": "GPS+GLO+GAL+BDS+SBAS",
        "network": "RBMC-IP",
        "country": "BRA",
        "coordinates": "-23.5, -45.12",
        "solution": "single base",
        "misc": "RBMC-UBA1",
        "color": "green",
        "align": "left",
        "bline": "baseline"
      },
      "geometry": {
        "type": "Point",
        "coordinates": [
          -45.12,
          -23.5
        ]
      }
    },
    {
      "type": "Feature",
      "properties": {
        "name": "UFPR0",
        "identifier": "Curitiba",
        "data_format": "RTCM 3.2",
        "format_details": "1006(1),1008(10),1019(15),1020(15),1033(10),1042(10),1045(10),1077(1),1087(1),1097(1),1107(1),1127(1)",
        "carrier": "L2",
        "nav_system": "GPS+GLO+GAL+BDS+SBAS",
        "network": "RBMC-IP",
        "country": "BRA",
        "coordinates": "-25.45, -49.23",
        "solution": "single base",
        "misc": "RBMC-UFPR",
        "color": "green",
        "align": "left",
        "bline": "baseline"
      },
      "geometry": {
        "type": "Point",
        "coordinates": [
          -49.23,
          -25.45
        ]
      }
    },
    {
      "type": "Feature",
      "properties": {
        "name": "VICO0",
        "identifier": "Vicosa",
        "data_format": "RTCM 3.2",
        "format_details": "1006(1),1008(10),1019(15),1020(15),1033(10),1042(10),1045(10),1077(1),1087(1),1097(1),1107(1),1127(1)",
        "carrier": "L2",
        "nav_system": "GPS+GLO+GAL+BDS+SBAS",
        "network": "RBMC-IP",
        "country": "BRA",
        "coordinates": "-20.76, -42.87",
        "solution": "single base",
        "misc": "RBMC-VICO",
        "color": "green",
        "align": "left",
        "bline": "baseline"
      },
      "geometry": {
        "type": "Point",
        "coordinates": [
          -42.87,
          -20.76
        ]
      }
    }
  ]
}