{
  "type": "FeatureCollection",
  "crs": {
    "type": "name",
    "properties": {
      "name": "urn:ogc:def:crs:OGC:1.3:CRS84"
    }
  },
  "features": [
    {
      "type": "Feature",
      "properties": {
        "name": "3ARO-v3.0",
        "identifier": "Tres Arroyos, Buenos Aires (3ARO-v3.0)",
        "data_format": "RTCM 3.0",
        "format_details": "1004(1),1006(10),1008(10),1012(1),1013(10),1033(10)",
        "carrier": "L2",
        "nav_system": "GPS+GLO",
        "network": "RAMSAC",
        "country": "ARG",
        "coordinates": "-38.38, -60.27",
        "solution": "single base",
        "misc": "Marco POSGAR07-ITRF2005(2006.632)",
        "color": "blue",
        "align": "left",
        "bline": "baseline"
      },
      "geometry": {
        "type": "Point",
        "coordinates": [
          -60.27,
          -38.38
        ]
      }
    },
    {
      "type": "Feature",
      "properties": {
        "name": "3ARO-v3.2",
        "identifier": "Tres Arroyos, Buenos Aires (3ARO-v3.2)",
        "data_format": "RTCM 3.2",
        "format_details": "1004(1),1006(10),1008(10),1012(1),1013(10),1033(10)",
        "carrier": "L2",
        "nav_system": "GPS+GLO",
        "network": "RAMSAC",
        "country": "ARG",
        "coordinates": "-38.38, -60.27",
        "solution": "single base",
        "misc": "Marco POSGAR07-ITRF2005(2006.632)",
        "color": "blue",
        "align": "left",
        "bline": "baseline"
      },
      "geometry": {
        "type": "Point",
        "coordinates": [
          -60.27,
          -38.38
        ]
      }
    },
    {
      "type": "Feature",
      "properties": {
        "name": "ABRA-v3.0",
        "identifier": "Abra Pampa, Jujuy (ABRA-v3.0)",
        "data_format": "RTCM 3.0",
        "format_details": "1004(1),1006(10),1008(10),1012(1),1013(10),1033(10)",
        "carrier": "L2",
        "nav_system": "GPS+GLO",
        "network": "RAMSAC",
        "country": "ARG",
        "coordinates": "-22.72, -65.68",
        "solution": "single base",
        "misc": "Marco POSGAR07-ITRF2005(2006.632)",
        "color": "blue",
        "align": "left",
        "bline": "baseline"
      },
      "geometry": {
        "type": "Point",
        "coordinates": [
          -65.68,
          -22.72
        ]
      }
    },
    {
      "type": "Feature",
      "properties": {
        "name": "ABRA-v3.2",
        "identifier": "Abra Pampa, Jujuy (ABRA-v3.2)",
        "data_format": "RTCM 3.2",
        "format_details": "1004(1),1006(10),1008(10),1012(1),1013(10),1033(10)",
        "carrier": "L2",
        "nav_system": "GPS+GLO",
        "network": "RAMSAC",
        "country": "ARG",
        "coordinates": "-22.72, -65.68",
        "solution": "single base",
        "misc": "Marco POSGAR07-ITRF2005(2006.632)",
        "color": "blue",
        "align": "left",
        "bline": "baseline"
      },
      "geometry": {
        "type": "Point",
        "coordinates": [
          -65.68,
          -22.72
        ]
      }
    },
    {
      "type": "Feature",
      "properties": {
        "name": "AGGO-v3.0",
        "identifier": "Observatorio Geodesico Argentino-Aleman, Buenos Aires (AGGO-v3.0)",
        "data_format": "RTCM 3.0",
        "format_details": "1004(1),1006(10),1008(10),1012(1),1033(10)",
        "carrier": "L2",
        "nav_system": "GPS+GLO",
        "network": "RAMSAC",
        "country": "ARG",
        "coordinates": "-34.87, -58.14",
        "solution": "single base",
        "misc": "Marco POSGAR07-ITRF2005(2006.632)-SIRGAS",
        "color": "blue",
        "align": "left",
        "bline": "baseline"
      },
      "geometry": {
        "type": "Point",
        "coordinates": [
          -58.14,
          -34.87
        ]
      }
    },
    {
      "type": "Feature",
      "properties": {
        "name": "AGGO-v3.2",
        "identifier": "Observatorio Geodesico Argentino-Aleman, Buenos Aires (AGGO-v3.2)",
        "data_format": "RTCM 3.2",
        "format_details": "1006(10),1008(10),1033(10),1077(1),1087(1),1097(1),1127(1)",
        "carrier": "L2",
        "nav_system": "GPS+GLO+GAL+BDS",
        "network": "RAMSAC",
        "country": "ARG",
        "coordinates": "-34.87, -58.14",
        "solution": "single base",
        "misc": "Marco POSGAR07-ITRF2005(2006.632)-SIRGAS",
        "color": "blue",
        "align": "left",
        "bline": "baseline"
      },
      "geometry": {
        "type": "Point",
        "coordinates": [
          -58.14,
          -34.87
        ]
      }
    },
    {
      "type": "Feature",
      "properties": {
        "name": "AUTF-v3.0",
        "identifier": "Ushuaia, Tierra del Fuego (AUTF-v3.0)",
        "data_format": "RTCM 3.0",
        "format_details": "1004(1),1006(10),1008(10),1012(1),1013(10),1033(10),1230(10)",
        "carrier": "L2",
        "nav_system": "GPS+GLO",
        "network": "RAMSAC",
        "country": "ARG",
        "coordinates": "-54.83, -68.3",
        "solution": "single base",
        "misc": "Marco POSGAR07-ITRF2005(2006.632)-SIRGAS",
        "color": "blue",
        "align": "left",
        "bline": "baseline"
      },
      "geometry": {
        "type": "Point",
        "coordinates": [
          -68.3,
          -54.83
        ]
      }
    },
    {
      "type": "Feature",
      "properties": {
        "name": "AUTF-v3.2",
        "identifier": "Ushuaia, Tierra del Fuego (AUTF-v3.2)",
        "data_format": "RTCM 3.2",
        "format_details": "1006(10),1008(10),1013(10),1033(10),1074(1),1084(1),1094(1),1124(1),1230(10)",
        "carrier": "L2",
        "nav_system": "GPS+GLO+GAL+BDS",
        "network": "RAMSAC",
        "country": "ARG",
        "coordinates": "-54.83, -68.3",
        "solution": "single base",
        "misc": "Marco POSGAR07-ITRF2005(2006.632)-SIRGAS",
        "color": "blue",
        "align": "left",
        "bline": "baseline"
      },
      "geometry": {
        "type": "Point",
        "coordinates": [
          -68.3,
          -54.83
        ]
      }
    },
    {
      "type": "Feature",
      "properties": {
        "name": "AZUL-v3.0",
        "identifier": "Azul, Buenos Aires (AZUL-v3.0)",
        "data_format": "RTCM 3.0",
        "format_details": "1004(1),1006(10),1008(10),1012(1),1013(10),1033(10)",
        "carrier": "L2",
        "nav_system": "GPS+GLO",
        "network": "RAMSAC",
        "country": "ARG",
        "coordinates": "-36.76, -59.88",
        "solution": "single base",
        "misc": "Marco POSGAR07-ITRF2005(2006.632)-SIRGAS",
        "color": "blue",
        "align": "left",
        "bline": "baseline"
      },
      "geometry": {
        "type": "Point",
        "coordinates": [
          -59.88,
          -36.76
        ]
      }
    },
    {
      "type": "Feature",
      "properties": {
        "name": "AZUL-v3.2",
        "identifier": "Azul, Buenos Aires (AZUL-v3.2)",
        "data_format": "RTCM 3.2",
        "format_details": "1004(1),1006(10),1008(10),1012(1),1013(10),1033(10)",
        "carrier": "L2",
        "nav_system": "GPS+GLO",
        "network": "RAMSAC",
        "country": "ARG",
        "coordinates": "-36.76, -59.88",
        "solution": "single base",
        "misc": "Marco POSGAR07-ITRF2005(2006.632)-SIRGAS",
        "color": "blue",
        "align": "left",
        "bline": "baseline"
      },
      "geometry": {
        "type": "Point",
        "coordinates": [
          -59.88,
          -36.76
        ]
      }
    },
    {
      "type": "Feature",
      "properties": {
        "name": "BATE-v3.0",
        "identifier": "Baterias, Buenos Aires (BATE-v3.0)",
        "data_format": "RTCM 3.0",
        "format_details": "1004(1),1006(10),1008(10),1012(1),1013(10),1019(10),1020(10),1033(10),1230(10)",
        "carrier": "L2",
        "nav_system": "GPS+GLO",
        "network": "RAMSAC",
        "country": "ARG",
        "coordinates": "-38.96, -61.91",
        "solution": "single base",
        "misc": "Marco POSGAR07-ITRF2005(2006.632)",
        "color": "blue",
        "align": "left",
        "bline": "baseline"
      },
      "geometry": {
        "type": "Point",
        "coordinates": [
          -61.91,
          -38.96
        ]
      }
    },
    {
      "type": "Feature",
      "properties": {
        "name": "BATE-v3.2",
        "identifier": "Baterias, Buenos Aires (BATE-v3.2)",
        "data_format": "RTCM 3.2",
        "format_details": "1006(10),1008(10),1033(10),1074(1),1084(1),1094(1),1124(1),4091(10)",
        "carrier": "L2",
        "nav_system": "GPS+GLO",
        "network": "RAMSAC",
        "country": "ARG",
        "coordinates": "-38.96, -61.91",
        "solution": "single base",
        "misc": "Marco POSGAR07-ITRF2005(2006.632)",
        "color": "blue",
        "align": "left",
        "bline": "baseline"
      },
      "geometry": {
        "type": "Point",
        "coordinates": [
          -61.91,
          -38.96
        ]
      }
    },
    {
      "type": "Feature",
      "properties": {
        "name": "BCAR-v3.2",
        "identifier": "Balcarce, Buenos Aires (BCAR-v3.2)",
        "data_format": "RTCM 3.2",
        "format_details": "1006(10),1008(10),1013(10),1019(10),1020(10),1033(10),1077(1),1087(1),1097(1),1127(1),1230(10)",
        "carrier": "L2",
        "nav_system": "GPS+GLO+GAL+BDS",
        "network": "RAMSAC",
        "country": "ARG",
        "coordinates": "-37.76, -58.3",
        "solution": "single base",
        "misc": "Marco POSGAR07-ITRF2005(2006.632)-SIRGAS",
        "color": "blue",
        "align": "left",
        "bline": "baseline"
      },
      "geometry": {
        "type": "Point",
        "coordinates": [
          -58.3,
          -37.76
        ]
      }
    },
    {
      "type": "Feature",
      "properties": {
        "name": "BCH1-v3.0",
        "identifier": "Bariloche, Rio Negro (BCH1-v3.0)",
        "data_format": "RTCM 3.0",
        "format_details": "1004(1),1006(10),1008(10),1012(1),1013(10),1033(10)",
        "carrier": "L2",
        "nav_system": "GPS+GLO",
        "network": "RAMSAC",
        "country": "ARG",
        "coordinates": "-41.13, -71.28",
        "solution": "single base",
        "misc": "Marco POSGAR07-ITRF2005(2006.632)-SIRGAS",
        "color": "blue",
        "align": "left",
        "bline": "baseline"
      },
      "geometry": {
        "type": "Point",
        "coordinates": [
          -71.28,
          -41.13
        ]
      }
    },
    {
      "type": "Feature",
      "properties": {
        "name": "BCH1-v3.2",
        "identifier": "Bariloche, Rio Negro (BCH1-v3.2)",
        "data_format": "RTCM 3.2",
        "format_details": "1006(10),1008(10),1013(10),1033(10),1077(10),1087(10),1097(1),1230(10)",
        "carrier": "L2",
        "nav_system": "GPS+GLO+GAL",
        "network": "RAMSAC",
        "country": "ARG",
        "coordinates": "-41.13, -71.28",
        "solution": "single base",
        "misc": "Marco POSGAR07-ITRF2005(2006.632)-SIRGAS",
        "color": "blue",
        "align": "left",
        "bline": "baseline"
      },
      "geometry": {
        "type": "Point",
        "coordinates": [
          -71.28,
          -41.13
        ]
      }
    },
    {
      "type": "Feature",
      "properties": {
        "name": "BELG-v3.0",
        "identifier": "Base Belgrano, Tierra del Fuego, Antártida e Islas del Atlántico Sur (BELG-v3.0)",
        "data_format": "RTCM 3.0",
        "format_details": "1004(1),1006(10),1008(10),1012(1),1013(10),1019(10),1020(10),1033(10),1230(10)",
        "carrier": "L2",
        "nav_system": "GPS+GLO",
        "network": "RAMSAC",
        "country": "ARG",
        "coordinates": "-77.87, -34.63",
        "solution": "single base",
        "misc": "Marco POSGAR07-ITRF2005(2006.632)",
        "color": "blue",
        "align": "left",
        "bline": "baseline"
      },
      "geometry": {
        "type": "Point",
        "coordinates": [
          -34.63,
          -77.87
        ]
      }
    },
    {
      "type": "Feature",
      "properties": {
        "name": "BELG-v3.2",
        "identifier": "Base Belgrano, Tierra del Fuego, Antártida e Islas del Atlántico Sur (BELG-v3.2)",
        "data_format": "RTCM 3.2",
        "format_details": "1006(10),1008(10),1013(10),1019(10),1020(10),1033(10),1077(1),1087(1),1230(10)",
        "carrier": "L2",
        "nav_system": "GPS+GLO",
        "network": "RAMSAC",
        "country": "ARG",
        "coordinates": "-77.87, -34.63",
        "solution": "single base",
        "misc": "Marco POSGAR07-ITRF2005(2006.632)",
        "color": "blue",
        "align": "left",
        "bline": "baseline"
      },
      "geometry": {
        "type": "Point",
        "coordinates": [
          -34.63,
          -77.87
        ]
      }
    },
    {
      "type": "Feature",
      "properties": {
        "name": "BOLS-v3.0",
        "identifier": "El Bolson, Rio Negro (BOLS-v3.0)",
        "data_format": "RTCM 3.0",
        "format_details": "1004(1),1006(10),1008(10),1012(1),1033(10)",
        "carrier": "L2",
        "nav_system": "GPS+GLO+GAL+BDS",
        "network": "RAMSAC",
        "country": "ARG",
        "coordinates": "-41.97, -71.53",
        "solution": "single base",
        "misc": "Marco POSGAR07-ITRF2005(2006.632)",
        "color": "blue",
        "align": "left",
        "bline": "baseline"
      },
      "geometry": {
        "type": "Point",
        "coordinates": [
          -71.53,
          -41.97
        ]
      }
    },
    {
      "type": "Feature",
      "properties": {
        "name": "BOLS-v3.2",
        "identifier": "El Bolson, Rio Negro (BOLS-v3.2)",
        "data_format": "RTCM 3.2",
        "format_details": "1006(10),1008(10),1033(10),1074(1),1084(1),1094(1),1124(1)",
        "carrier": "L2",
        "nav_system": "GPS+GLO+GAL+BDS",
        "network": "RAMSAC",
        "country": "ARG",
        "coordinates": "-41.97, -71.53",
        "solution": "single base",
        "misc": "Marco POSGAR07-ITRF2005(2006.632)",
        "color": "blue",
        "align": "left",
        "bline": "baseline"
      },
      "geometry": {
        "type": "Point",
        "coordinates": [
          -71.53,
          -41.97
        ]
      }
    },
    {
      "type": "Feature",
      "properties": {
        "name": "BSEN-v2.3",
        "identifier": "Coronel Brandsen, Buenos Aires (BSEN-v2.3)",
        "data_format": "RTCM 2.3",
        "format_details": "1(1),3(10),18(1),19(1),22(10)",
        "carrier": "L2",
        "nav_system": "GPS+GLO+GAL+BDS",
        "network": "RAMSAC",
        "country": "ARG",
        "coordinates": "-35.16, -58.24",
        "solution": "single base",
        "misc": "Marco POSGAR07-ITRF2005(2006.632)",
        "color": "blue",
        "align": "left",
        "bline": "baseline"
      },
      "geometry": {
        "type": "Point",
        "coordinates": [
          -58.24,
          -35.16
        ]
      }
    },
    {
      "type": "Feature",
      "properties": {
        "name": "BSEN-v3.2",
        "identifier": "Coronel Brandsen, Buenos Aires (BSEN-v3.2)",
        "data_format": "RTCM 3.2",
        "format_details": "1006(10),1008(10),1033(10),1074(1),1084(1),1094(1),1124(1)",
        "carrier": "L2",
        "nav_system": "GPS+GLO+GAL+BDS",
        "network": "RAMSAC",
        "country": "ARG",
        "coordinates": "-35.16, -58.24",
        "solution": "single base",
        "misc": "Marco POSGAR07-ITRF2005(2006.632)",
        "color": "blue",
        "align": "left",
        "bline": "baseline"
      },
      "geometry": {
        "type": "Point",
        "coordinates": [
          -58.24,
          -35.16
        ]
      }
    },
    {
      "type": "Feature",
      "properties": {
        "name": "CAEP-v3.0",
        "identifier": "Juan Jose Castelli, Chaco (CAEP-v3.0)",
        "data_format": "RTCM 3.0",
        "format_details": "1004(1),1006(10),1008(10),1012(1),1013(10)",
        "carrier": "L2",
        "nav_system": "GPS+GLO",
        "network": "RAMSAC",
        "country": "ARG",
        "coordinates": "-25.95, -60.62",
        "solution": "single base",
        "misc": "Marco POSGAR07-ITRF2005(2006.632)",
        "color": "blue",
        "align": "left",
        "bline": "baseline"
      },
      "geometry": {
        "type": "Point",
        "coordinates": [
          -60.62,
          -25.95
        ]
      }
    },
    {
      "type": "Feature",
      "properties": {
        "name": "CAEP-v3.2",
        "identifier": "Juan Jose Castelli, Chaco (CAEP-v3.2)",
        "data_format": "RTCM 3.2",
        "format_details": "1004(1),1006(10),1008(10),1012(1),1013(10)",
        "carrier": "L2",
        "nav_system": "GPS+GLO",
        "network": "RAMSAC",
        "country": "ARG",
        "coordinates": "-25.95, -60.62",
        "solution": "single base",
        "misc": "Marco POSGAR07-ITRF2005(2006.632)",
        "color": "blue",
        "align": "left",
        "bline": "baseline"
      },
      "geometry": {
        "type": "Point",
        "coordinates": [
          -60.62,
          -25.95
        ]
      }
    },
    {
      "type": "Feature",
      "properties": {
        "name": "CAQI-v3.0",
        "identifier": "Calchaqui, Santa Fe (CAQI-v3.0)",
        "data_format": "RTCM 3.0",
        "format_details": "1004(1),1006(10),1008(10),1012(1),1013(10),1019(10),1020(10),1033(10),1230(10)",
        "carrier": "L2",
        "nav_system": "GPS+GLO",
        "network": "RAMSAC",
        "country": "ARG",
        "coordinates": "-29.89, -60.28",
        "solution": "single base",
        "misc": "Marco POSGAR07-ITRF2005(2006.632)",
        "color": "blue",
        "align": "left",
        "bline": "baseline"
      },
      "geometry": {
        "type": "Point",
        "coordinates": [
          -60.28,
          -29.89
        ]
      }
    },
    {
      "type": "Feature",
      "properties": {
        "name": "CAQI-v3.2",
        "identifier": "Calchaqui, Santa Fe (CAQI-v3.2)",
        "data_format": "RTCM 3.2",
        "format_details": "1006(10),1008(10),1033(10),1074(1),1084(1),1094(1),1124(1),4091(10)",
        "carrier": "L2",
        "nav_system": "GPS+GLO",
        "network": "RAMSAC",
        "country": "ARG",
        "coordinates": "-29.89, -60.28",
        "solution": "single base",
        "misc": "Marco POSGAR07-ITRF2005(2006.632)",
        "color": "blue",
        "align": "left",
        "bline": "baseline"
      },
      "geometry": {
        "type": "Point",
        "coordinates": [
          -60.28,
          -29.89
        ]
      }
    },
    {
      "type": "Feature",
      "properties": {
        "name": "CATA-v3.0",
        "identifier": "Catamarca, Catamarca (CATA-v3.0)",
        "data_format": "RTCM 3.0",
        "format_details": "1004(1),1006(10),1008(10),1012(1),1013(10),1019(10),1020(10),1033(10)",
        "carrier": "L2",
        "nav_system": "GPS+GLO",
        "network": "RAMSAC",
        "country": "ARG",
        "coordinates": "-28.47, -65.77",
        "solution": "single base",
        "misc": "Marco POSGAR07-ITRF2005(2006.632)-SIRGAS",
        "color": "blue",
        "align": "left",
        "bline": "baseline"
      },
      "geometry": {
        "type": "Point",
        "coordinates": [
          -65.77,
          -28.47
        ]
      }
    },
    {
      "type": "Feature",
      "properties": {
        "name": "CATA-v3.2",
        "identifier": "Catamarca, Catamarca (CATA-v3.2)",
        "data_format": "RTCM 3.2",
        "format_details": "1004(1),1006(10),1008(10),1012(1),1013(10),1019(10),1020(10),1033(10),1230(10)",
        "carrier": "L2",
        "nav_system": "GPS",
        "network": "RAMSAC",
        "country": "ARG",
        "coordinates": "-28.47, -65.77",
        "solution": "single base",
        "misc": "Marco POSGAR07-ITRF2005(2006.632)-SIRGAS",
        "color": "blue",
        "align": "left",
        "bline": "baseline"
      },
      "geometry": {
        "type": "Point",
        "coordinates": [
          -65.77,
          -28.47
        ]
      }
    },
    {
      "type": "Feature",
      "properties": {
        "name": "CFAG-v2.3",
        "identifier": "Caucete, San Juan (CFAG-v2.3)",
        "data_format": "RTCM 2.3",
        "format_details": "1(1),3(10),18(1),19(1),22(10)",
        "carrier": "L2",
        "nav_system": "GPS",
        "network": "RAMSAC",
        "country": "ARG",
        "coordinates": "-31.6, -68.23",
        "solution": "single base",
        "misc": "Marco POSGAR07-ITRF2005(2006.632)",
        "color": "blue",
        "align": "left",
        "bline": "baseline"
      },
      "geometry": {
        "type": "Point",
        "coordinates": [
          -68.23,
          -31.6
        ]
      }
    },
    {
      "type": "Feature",
      "properties": {
        "name": "CFAG-v3.0",
        "identifier": "Caucete, San Juan (CFAG-v3.0)",
        "data_format": "RTCM 3.0",
        "format_details": "1004(1),1006(10),1008(10),1012(1),1013(10),1019(10),1020(10),1033(10),1230(10)",
        "carrier": "L2",
        "nav_system": "GPS",
        "network": "RAMSAC",
        "country": "ARG",
        "coordinates": "-31.6, -68.23",
        "solution": "single base",
        "misc": "Marco POSGAR07-ITRF2005(2006.632)",
        "color": "blue",
        "align": "left",
        "bline": "baseline"
      },
      "geometry": {
        "type": "Point",
        "coordinates": [
          -68.23,
          -31.6
        ]
      }
    },
    {
      "type": "Feature",
      "properties": {
        "name": "CFAG-v3.2",
        "identifier": "Caucete, San Juan (CFAG-v3.2)",
        "data_format": "RTCM 3.2",
        "format_details": "1006(10),1008(10),1013(10),1019(10),1020(10),1033(10),1077(1),1087(1),1230(10)",
        "carrier": "L2",
        "nav_system": "GPS",
        "network": "RAMSAC",
        "country": "ARG",
        "coordinates": "-31.6, -68.23",
        "solution": "single base",
        "misc": "Marco POSGAR07-ITRF2005(2006.632)",
        "color": "blue",
        "align": "left",
        "bline": "baseline"
      },
      "geometry": {
        "type": "Point",
        "coordinates": [
          -68.23,
          -31.6
        ]
      }
    },
    {
      "type": "Feature",
      "properties": {
        "name": "CHAC-v3.0",
        "identifier": "Resistencia, Chaco (CHAC-v3.0)",
        "data_format": "RTCM 3.0",
        "format_details": "1004(1),1006(10),1008(10),1012(1),1033(10)",
        "carrier": "L2",
        "nav_system": "GPS+GLO",
        "network": "RAMSAC",
        "country": "ARG",
        "coordinates": "-27.42, -58.95",
        "solution": "single base",
        "misc": "Marco POSGAR07-ITRF2005(2006.632)-SIRGAS",
        "color": "blue",
        "align": "left",
        "bline": "baseline"
      },
      "geometry": {
        "type": "Point",
        "coordinates": [
          -58.95,
          -27.42
        ]
      }
    },
    {
      "type": "Feature",
      "properties": {
        "name": "CHAC-v3.2",
        "identifier": "Resistencia, Chaco (CHAC-v3.2)",
        "data_format": "RTCM 3.2",
        "format_details": "1004(1),1006(10),1008(10),1012(1),1033(10)",
        "carrier": "L2",
        "nav_system": "GPS+GLO",
        "network": "RAMSAC",
        "country": "ARG",
        "coordinates": "-27.42, -58.95",
        "solution": "single base",
        "misc": "Marco POSGAR07-ITRF2005(2006.632)-SIRGAS",
        "color": "blue",
        "align": "left",
        "bline": "baseline"
      },
      "geometry": {
        "type": "Point",
        "coordinates": [
          -58.95,
          -27.42
        ]
      }
    },
    {
      "type": "Feature",
      "properties": {
        "name": "CHIM-v3.0",
        "identifier": "Chimpay, Rio Negro (CHIM-v3.0)",
        "data_format": "RTCM 3.0",
        "format_details": "1004(1),1006(10),1008(10),1012(1),1013(10),1033(10),1230(10)",
        "carrier": "L2",
        "nav_system": "GPS+GLO",
        "network": "RAMSAC",
        "country": "ARG",
        "coordinates": "-39.16, -66.14",
        "solution": "single base",
        "misc": "Marco POSGAR07-ITRF2005(2006.632)",
        "color": "blue",
        "align": "left",
        "bline": "baseline"
      },
      "geometry": {
        "type": "Point",
        "coordinates": [
          -66.14,
          -39.16
        ]
      }
    },
    {
      "type": "Feature",
      "properties": {
        "name": "CHLT-v3.0",
        "identifier": "El Chalten, Santa Cruz (CHLT-v3.0)",
        "data_format": "RTCM 3.0",
        "format_details": "1004(1),1006(10),1007(10),1013(10)",
        "carrier": "L2",
        "nav_system": "GPS",
        "network": "RAMSAC",
        "country": "ARG",
        "coordinates": "-49.34, -72.89",
        "solution": "single base",
        "misc": "Marco POSGAR07-ITRF2005(2006.632)",
        "color": "blue",
        "align": "left",
        "bline": "baseline"
      },
      "geometry": {
        "type": "Point",
        "coordinates": [
          -72.89,
          -49.34
        ]
      }
    },
    {
      "type": "Feature",
      "properties": {
        "name": "CHOY-v3.0",
        "identifier": "Chivilcoy, Buenos Aires (CHOY-v3.0)",
        "data_format": "RTCM 3.0",
        "format_details": "1004(1),1006(10),1008(10),1012(1),1013(10),1019(10),1020(10),1033(10),1230(10)",
        "carrier": "L2",
        "nav_system": "GPS+GLO",
        "network": "RAMSAC",
        "country": "ARG",
        "coordinates": "-34.89, -60.01",
        "solution": "single base",
        "misc": "Marco POSGAR07-ITRF2005(2006.632)",
        "color": "blue",
        "align": "left",
        "bline": "baseline"
      },
      "geometry": {
        "type": "Point",
        "coordinates": [
          -60.01,
          -34.89
        ]
      }
    },
    {
      "type": "Feature",
      "properties": {
        "name": "CSJ1-v3.0",
        "identifier": "Sarmiento, San Juan (CSJ1-v3.0)",
        "data_format": "RTCM 3.0",
        "format_details": "1004(1),1006(10),1008(10),1012(1),1013(10),1019(10),1020(10),1033(10),1230(10)",
        "carrier": "L2",
        "nav_system": "GPS+GLO",
        "network": "RAMSAC",
        "country": "ARG",
        "coordinates": "-31.98, -68.42",
        "solution": "single base",
        "misc": "Marco POSGAR07-ITRF2005(2006.632)",
        "color": "blue",
        "align": "left",
        "bline": "baseline"
      },
      "geometry": {
        "type": "Point",
        "coordinates": [
          -68.42,
          -31.98
        ]
      }
    },
    {
      "type": "Feature",
      "properties": {
        "name": "CSJ1-v3.2",
        "identifier": "Sarmiento, San Juan (CSJ1-v3.2)",
        "data_format": "RTCM 3.2",
        "format_details": "1006(10),1008(10),1013(10),1019(10),1020(10),1033(10),1077(1),1087(1),1230(10)",
        "carrier": "L2",
        "nav_system": "GPS+GLO",
        "network": "RAMSAC",
        "country": "ARG",
        "coordinates": "-31.98, -68.42",
        "solution": "single base",
        "misc": "Marco POSGAR07-ITRF2005(2006.632)",
        "color": "blue",
        "align": "left",
        "bline": "baseline"
      },
      "geometry": {
        "type": "Point",
        "coordinates": [
          -68.42,
          -31.98
        ]
      }
    },
    {
      "type": "Feature",
      "properties": {
        "name": "CSOM-v3.0",
        "identifier": "Cerro Sombrero, Punta Arenas (CSOM-v3.0)",
        "data_format": "RTCM 3.0",
        "format_details": "1004(1),1006(10),1008(10),1012(1),1033(10)",
        "carrier": "L2",
        "nav_system": "GPS+GLO",
        "network": "RAMSAC",
        "country": "ARG",
        "coordinates": "-52.78, -69.22",
        "solution": "single base",
        "misc": "Marco POSGAR07-ITRF2005(2006.632)",
        "color": "blue",
        "align": "left",
        "bline": "baseline"
      },
      "geometry": {
        "type": "Point",
        "coordinates": [
          -69.22,
          -52.78
        ]
      }
    },
    {
      "type": "Feature",
      "properties": {
        "name": "DAL5-v3.0",
        "identifier": "Base Carlini, Tierra del Fuego, Antártida e Islas del Atlántico Sur (DAL5-v3.0)",
        "data_format": "RTCM 3.0",
        "format_details": "1004(1),1006(10),1008(10),1012(1),1013(10),1019(10),1020(10),1033(10),1230(10)",
        "carrier": "L2",
        "nav_system": "GPS+GLO",
        "network": "RAMSAC",
        "country": "ARG",
        "coordinates": "-62.4, -58.68",
        "solution": "single base",
        "misc": "Marco POSGAR07-ITRF2005(2006.632)",
        "color": "blue",
        "align": "left",
        "bline": "baseline"
      },
      "geometry": {
        "type": "Point",
        "coordinates": [
          -58.68,
          -62.4
        ]
      }
    },
    {
      "type": "Feature",
      "properties": {
        "name": "DAL5-v3.2",
        "identifier": "Base Carlini, Tierra del Fuego, Antártida e Islas del Atlántico Sur (DAL5-v3.2)",
        "data_format": "RTCM 3.2",
        "format_details": "1006(10),1008(10),1013(10),1019(10),1020(10),1033(10),1077(1),1087(1),1230(10)",
        "carrier": "L2",
        "nav_system": "GPS+GLO",
        "network": "RAMSAC",
        "country": "ARG",
        "coordinates": "-62.4, -58.68",
        "solution": "single base",
        "misc": "Marco POSGAR07-ITRF2005(2006.632)",
        "color": "blue",
        "align": "left",
        "bline": "baseline"
      },
      "geometry": {
        "type": "Point",
        "coordinates": [
          -58.68,
          -62.4
        ]
      }
    },
    {
      "type": "Feature",
      "properties": {
        "name": "DINO-v3.0",
        "identifier": "Ischigualasto, San Juan (DINO-v3.0)",
        "data_format": "RTCM 3.0",
        "format_details": "1004(1),1006(10),1008(10),1012(1),1013(10),1033(10),1230(10)",
        "carrier": "L2",
        "nav_system": "GPS+GLO",
        "network": "RAMSAC",
        "country": "ARG",
        "coordinates": "-30.16, -67.84",
        "solution": "single base",
        "misc": "Marco POSGAR07-ITRF2005(2006.632)",
        "color": "blue",
        "align": "left",
        "bline": "baseline"
      },
      "geometry": {
        "type": "Point",
        "coordinates": [
          -67.84,
          -30.16
        ]
      }
    },
    {
      "type": "Feature",
      "properties": {
        "name": "DINO-v3.2",
        "identifier": "Ischigualasto, San Juan (DINO-v3.2)",
        "data_format": "RTCM 3.2",
        "format_details": "1006(10),1008(10),1013(10),1033(10),1075(1),1085(1),1125(1),1230(10)",
        "carrier": "L2",
        "nav_system": "GPS+GLO+BDS",
        "network": "RAMSAC",
        "country": "ARG",
        "coordinates": "-30.16, -67.84",
        "solution": "single base",
        "misc": "Marco POSGAR07-ITRF2005(2006.632)",
        "color": "blue",
        "align": "left",
        "bline": "baseline"
      },
      "geometry": {
        "type": "Point",
        "coordinates": [
          -67.84,
          -30.16
        ]
      }
    },
    {
      "type": "Feature",
      "properties": {
        "name": "DORE-v3.0",
        "identifier": "Dolores, Buenos Aires (DORE-v3.0)",
        "data_format": "RTCM 3.0",
        "format_details": "1004(1),1006(10),1008(10),1012(1),1013(10),1033(10),1230(10)",
        "carrier": "L2",
        "nav_system": "GPS+GLO",
        "network": "RAMSAC",
        "country": "ARG",
        "coordinates": "-36.31, -57.68",
        "solution": "single base",
        "misc": "Marco POSGAR07-ITRF2005(2006.632)",
        "color": "blue",
        "align": "left",
        "bline": "baseline"
      },
      "geometry": {
        "type": "Point",
        "coordinates": [
          -57.68,
          -36.31
        ]
      }
    },
    {
      "type": "Feature",
      "properties": {
        "name": "DORE-v3.2",
        "identifier": "Dolores, Buenos Aires (DORE-v3.2)",
        "data_format": "RTCM 3.2",
        "format_details": "1006(10),1008(10),1013(10),1033(10),1077(10),1087(10),1230(10)",
        "carrier": "L2",
        "nav_system": "GPS+GLO",
        "network": "RAMSAC",
        "country": "ARG",
        "coordinates": "-36.31, -57.68",
        "solution": "single base",
        "misc": "Marco POSGAR07-ITRF2005(2006.632)",
        "color": "blue",
        "align": "left",
        "bline": "baseline"
      },
      "geometry": {
        "type": "Point",
        "coordinates": [
          -57.68,
          -36.31
        ]
      }
    },
    {
      "type": "Feature",
      "properties": {
        "name": "EBY1-v3.0",
        "identifier": "Posadas, Misiones (EBY1-v3.0)",
        "data_format": "RTCM 3.0",
        "format_details": "1004(1),1006(10),1007(10),1013(10)",
        "carrier": "L2",
        "nav_system": "GPS",
        "network": "RAMSAC",
        "country": "ARG",
        "coordinates": "-27.5, -56.41",
        "solution": "single base",
        "misc": "Marco POSGAR07-ITRF2005(2006.632)-SIRGAS",
        "color": "blue",
        "align": "left",
        "bline": "baseline"
      },
      "geometry": {
        "type": "Point",
        "coordinates": [
          -56.41,
          -27.5
        ]
      }
    },
    {
      "type": "Feature",
      "properties": {
        "name": "EPGZ-v3.0",
        "identifier": "Galvez, Santa Fe (EPGZ-v3.0)",
        "data_format": "RTCM 3.0",
        "format_details": "1004(1),1006(10),1008(10),1012(1),1013(10),1033(10),1230(10)",
        "carrier": "L2",
        "nav_system": "GPS+GLO",
        "network": "RAMSAC",
        "country": "ARG",
        "coordinates": "-32.03, -61.22",
        "solution": "single base",
        "misc": "Marco POSGAR07-ITRF2005(2006.632)",
        "color": "blue",
        "align": "left",
        "bline": "baseline"
      },
      "geometry": {
        "type": "Point",
        "coordinates": [
          -61.22,
          -32.03
        ]
      }
    },
    {
      "type": "Feature",
      "properties": {
        "name": "EPGZ-v3.2",
        "identifier": "Galvez, Santa Fe (EPGZ-v3.2)",
        "data_format": "RTCM 3.2",
        "format_details": "1006(10),1008(10),1013(10),1033(10),1075(1),1085(1),1230(10)",
        "carrier": "L2",
        "nav_system": "GPS+GLO",
        "network": "RAMSAC",
        "country": "ARG",
        "coordinates": "-32.03, -61.22",
        "solution": "single base",
        "misc": "Marco POSGAR07-ITRF2005(2006.632)",
        "color": "blue",
        "align": "left",
        "bline": "baseline"
      },
      "geometry": {
        "type": "Point",
        "coordinates": [
          -61.22,
          -32.03
        ]
      }
    },
    {
      "type": "Feature",
      "properties": {
        "name": "ESQU-v3.0",
        "identifier": "Esquel, Chubut (ESQU-v3.0)",
        "data_format": "RTCM 3.0",
        "format_details": "1004(1),1006(10),1008(10),1012(1),1013(10),1019(10),1020(10),1033(10),1230(10)",
        "carrier": "L2",
        "nav_system": "GPS+GLO",
        "network": "RAMSAC",
        "country": "ARG",
        "coordinates": "-42.91, -71.32",
        "solution": "single base",
        "misc": "Marco POSGAR07-ITRF2005(2006.632)-SIRGAS",
        "color": "blue",
        "align": "left",
        "bline": "baseline"
      },
      "geometry": {
        "type": "Point",
        "coordinates": [
          -71.32,
          -42.91
        ]
      }
    },
    {
      "type": "Feature",
      "properties": {
        "name": "ESQU-v3.2",
        "identifier": "Esquel, Chubut (ESQU-v3.2)",
        "data_format": "RTCM 3.2",
        "format_details": "1006(10),1008(10),1013(10),1019(10),1020(10),1033(10),1077(1),1087(1),1230(10)",
        "carrier": "L2",
        "nav_system": "GPS+GLO",
        "network": "RAMSAC",
        "country": "ARG",
        "coordinates": "-42.91, -71.32",
        "solution": "single base",
        "misc": "Marco POSGAR07-ITRF2005(2006.632)-SIRGAS",
        "color": "blue",
        "align": "left",
        "bline": "baseline"
      },
      "geometry": {
        "type": "Point",
        "coordinates": [
          -71.32,
          -42.91
        ]
      }
    },
    {
      "type": "Feature",
      "properties": {
        "name": "EZZA-v2.3",
        "identifier": "Ezeiza, Buenos Aires (EZZA-v2.3)",
        "data_format": "RTCM 2.3",
        "format_details": "1(1),3(10),18(1),19(1),22(10)",
        "carrier": "L2",
        "nav_system": "GPS+GLO+GAL+BDS",
        "network": "RAMSAC",
        "country": "ARG",
        "coordinates": "-34.85, -58.53",
        "solution": "single base",
        "misc": "Marco POSGAR07-ITRF2005(2006.632)",
        "color": "blue",
        "align": "left",
        "bline": "baseline"
      },
      "geometry": {
        "type": "Point",
        "coordinates": [
          -58.53,
          -34.85
        ]
      }
    },
    {
      "type": "Feature",
      "properties": {
        "name": "EZZA-v3.0",
        "identifier": "Ezeiza, Buenos Aires (EZZA-v3.0)",
        "data_format": "RTCM 3.0",
        "format_details": "1006(10),1008(10),1033(10),1074(1),1084(1),1094(1),1124(1)",
        "carrier": "L2",
        "nav_system": "GPS+GLO+GAL+BDS",
        "network": "RAMSAC",
        "country": "ARG",
        "coordinates": "-34.85, -58.53",
        "solution": "single base",
        "misc": "Marco POSGAR07-ITRF2005(2006.632)",
        "color": "blue",
        "align": "left",
        "bline": "baseline"
      },
      "geometry": {
        "type": "Point",
        "coordinates": [
          -58.53,
          -34.85
        ]
      }
    },
    {
      "type": "Feature",
      "properties": {
        "name": "EZZA-v3.2",
        "identifier": "Ezeiza, Buenos Aires (EZZA-v3.2)",
        "data_format": "RTCM 3.2",
        "format_details": "1006(10),1008(10),1033(10),1074(1),1084(1),1094(1),1124(1)",
        "carrier": "L2",
        "nav_system": "GPS+GLO+GAL+BDS",
        "network": "RAMSAC",
        "country": "ARG",
        "coordinates": "-34.85, -58.53",
        "solution": "single base",
        "misc": "Marco POSGAR07-ITRF2005(2006.632)",
        "color": "blue",
        "align": "left",
        "bline": "baseline"
      },
      "geometry": {
        "type": "Point",
        "coordinates": [
          -58.53,
          -34.85
        ]
      }
    },
    {
      "type": "Feature",
      "properties": {
        "name": "FEDE-v3.0",
        "identifier": "Federal, Entre Rios (FEDE-v3.0)",
        "data_format": "RTCM 3.0",
        "format_details": "1004(1),1006(10),1007(10),1013(10)",
        "carrier": "L2",
        "nav_system": "GPS",
        "network": "RAMSAC",
        "country": "ARG",
        "coordinates": "-30.95, -58.78",
        "solution": "single base",
        "misc": "Marco POSGAR07-ITRF2005(2006.632)",
        "color": "blue",
        "align": "left",
        "bline": "baseline"
      },
      "geometry": {
        "type": "Point",
        "coordinates": [
          -58.78,
          -30.95
        ]
      }
    },
    {
      "type": "Feature",
      "properties": {
        "name": "FMAT-v3.0",
        "identifier": "Firmat, Santa Fe (FMAT-v3.0)",
        "data_format": "RTCM 3.0",
        "format_details": "1004(1),1006(10),1008(10),1012(1),1013(10),1019(10),1020(10),1033(10),1230(10)",
        "carrier": "L2",
        "nav_system": "GPS+GLO",
        "network": "RAMSAC",
        "country": "ARG",
        "coordinates": "-33.46, -61.49",
        "solution": "single base",
        "misc": "Marco POSGAR07-ITRF2005(2006.632)",
        "color": "blue",
        "align": "left",
        "bline": "baseline"
      },
      "geometry": {
        "type": "Point",
        "coordinates": [
          -61.49,
          -33.46
        ]
      }
    },
    {
      "type": "Feature",
      "properties": {
        "name": "FMAT-v3.2",
        "identifier": "Firmat, Santa Fe (FMAT-v3.2)",
        "data_format": "RTCM 3.2",
        "format_details": "1006(10),1008(10),1013(10),1019(10),1020(10),1033(10),1077(1),1087(1),1230(10)",
        "carrier": "L2",
        "nav_system": "GPS+GLO",
        "network": "RAMSAC",
        "country": "ARG",
        "coordinates": "-33.46, -61.49",
        "solution": "single base",
        "misc": "Marco POSGAR07-ITRF2005(2006.632)",
        "color": "blue",
        "align": "left",
        "bline": "baseline"
      },
      "geometry": {
        "type": "Point",
        "coordinates": [
          -61.49,
          -33.46
        ]
      }
    },
    {
      "type": "Feature",
      "properties": {
        "name": "FOSA-v3.0",
        "identifier": "Formosa, Formosa (FOSA-v3.0)",
        "data_format": "RTCM 3.0",
        "format_details": "1004(1),1006(10),1008(10),1012(1),1013(10),1033(10),1019(10),1020(10),1230(10)",
        "carrier": "L2",
        "nav_system": "GPS+GLO",
        "network": "RAMSAC",
        "country": "ARG",
        "coordinates": "-26.19, -58.17",
        "solution": "single base",
        "misc": "Marco POSGAR07-ITRF2005(2006.632)",
        "color": "blue",
        "align": "left",
        "bline": "baseline"
      },
      "geometry": {
        "type": "Point",
        "coordinates": [
          -58.17,
          -26.19
        ]
      }
    },
    {
      "type": "Feature",
      "properties": {
        "name": "FOSA-v3.2",
        "identifier": "Formosa, Formosa (FOSA-v3.2)",
        "data_format": "RTCM 3.2",
        "format_details": "1006(10),1008(10),1013(10),1033(10),1019(10),1020(10),1077(1),1087(1),1230(10)",
        "carrier": "L2",
        "nav_system": "GPS+GLO",
        "network": "RAMSAC",
        "country": "ARG",
        "coordinates": "-26.19, -58.17",
        "solution": "single base",
        "misc": "Marco POSGAR07-ITRF2005(2006.632)",
        "color": "blue",
        "align": "left",
        "bline": "baseline"
      },
      "geometry": {
        "type": "Point",
        "coordinates": [
          -58.17,
          -26.19
        ]
      }
    },
    {
      "type": "Feature",
      "properties": {
        "name": "GRCA-v3.0",
        "identifier": "General Roca, Rio Negro (GRCA-v3.0)",
        "data_format": "RTCM 3.0",
        "format_details": "1004(1),1006(10),1008(10),1012(1),1013(10),1033(10),1230(10)",
        "carrier": "L2",
        "nav_system": "GPS+GLO",
        "network": "RAMSAC",
        "country": "ARG",
        "coordinates": "-39.02, -67.57",
        "solution": "single base",
        "misc": "Marco POSGAR07-ITRF2005(2006.632)",
        "color": "blue",
        "align": "left",
        "bline": "baseline"
      },
      "geometry": {
        "type": "Point",
        "coordinates": [
          -67.57,
          -39.02
        ]
      }
    },
    {
      "type": "Feature",
      "properties": {
        "name": "GUAY-v3.0",
        "identifier": "Villaguay, Entre Rios (GUAY-v3.0)",
        "data_format": "RTCM 3.0",
        "format_details": "1004(1),1006(10),1008(10),1012(1),1013(10),1033(10)",
        "carrier": "L2",
        "nav_system": "GPS+GLO",
        "network": "RAMSAC",
        "country": "ARG",
        "coordinates": "-31.87, -59.02",
        "solution": "single base",
        "misc": "Marco POSGAR07-ITRF2005(2006.632)-SIRGAS",
        "color": "blue",
        "align": "left",
        "bline": "baseline"
      },
      "geometry": {
        "type": "Point",
        "coordinates": [
          -59.02,
          -31.87
        ]
      }
    },
    {
      "type": "Feature",
      "properties": {
        "name": "GUAY-v3.2",
        "identifier": "Villaguay, Entre Rios (GUAY-v3.2)",
        "data_format": "RTCM 3.2",
        "format_details": "1004(1),1006(10),1008(10),1012(1),1013(10),1033(10)",
        "carrier": "L2",
        "nav_system": "GPS+GLO",
        "network": "RAMSAC",
        "country": "ARG",
        "coordinates": "-31.87, -59.02",
        "solution": "single base",
        "misc": "Marco POSGAR07-ITRF2005(2006.632)-SIRGAS",
        "color": "blue",
        "align": "left",
        "bline": "baseline"
      },
      "geometry": {
        "type": "Point",
        "coordinates": [
          -59.02,
          -31.87
        ]
      }
    },
    {
      "type": "Feature",
      "properties": {
        "name": "GVIL-v3.0",
        "identifier": "General Villegas, Buenos Aires (GVIL-v3.0)",
        "data_format": "RTCM 3.0",
        "format_details": "1004(1),1006(10),1008(10),1012(1),1013(10),1019(10),1020(10),1033(10),1230(10)",
        "carrier": "L2",
        "nav_system": "GPS+GLO",
        "network": "RAMSAC",
        "country": "ARG",
        "coordinates": "-35.03, -63.02",
        "solution": "single base",
        "misc": "Marco POSGAR07-ITRF2005(2006.632)",
        "color": "blue",
        "align": "left",
        "bline": "baseline"
      },
      "geometry": {
        "type": "Point",
        "coordinates": [
          -63.02,
          -35.03
        ]
      }
    },
    {
      "type": "Feature",
      "properties": {
        "name": "GVIL-v3.2",
        "identifier": "General Villegas, Buenos Aires (GVIL-v3.2)",
        "data_format": "RTCM 3.2",
        "format_details": "1006(10),1008(10),1033(10),1074(1),1084(1),1094(1),1124(1),1230(10),4091(10)",
        "carrier": "L2",
        "nav_system": "GPS+GLO",
        "network": "RAMSAC",
        "country": "ARG",
        "coordinates": "-35.03, -63.02",
        "solution": "single base",
        "misc": "Marco POSGAR07-ITRF2005(2006.632)",
        "color": "blue",
        "align": "left",
        "bline": "baseline"
      },
      "geometry": {
        "type": "Point",
        "coordinates": [
          -63.02,
          -35.03
        ]
      }
    },
    {
      "type": "Feature",
      "properties": {
        "name": "IGM1-v3.3",
        "identifier": "CABA IGN (IGM1-v3.3)",
        "data_format": "RTCM 3.3",
        "format_details": "1006(10),1008(10),1013(10),1019(10),1020(10),1033(10),1077(1),1087(1),1230(10)",
        "carrier": "L2",
        "nav_system": "GPS+GLO",
        "network": "RAMSAC",
        "country": "ARG",
        "coordinates": "-34.57, -58.44",
        "solution": "single base",
        "misc": "Marco POSGAR07-ITRF2005(2006.632)-SIRGAS",
        "color": "blue",
        "align": "left",
        "bline": "baseline"
      },
      "geometry": {
        "type": "Point",
        "coordinates": [
          -58.44,
          -34.57
        ]
      }
    },
    {
      "type": "Feature",
      "properties": {
        "name": "JBAL-v3.0",
        "identifier": "Alberdi, Tucuman (JBAL-v3.0)",
        "data_format": "RTCM 3.0",
        "format_details": "1004(1),1006(10),1008(10),1012(1),1013(10),1019(10),1020(10),1033(10),1230(10)",
        "carrier": "L2",
        "nav_system": "GPS+GLO",
        "network": "RAMSAC",
        "country": "ARG",
        "coordinates": "-27.58, -65.62",
        "solution": "single base",
        "misc": "Marco POSGAR07-ITRF2005(2006.632)-SIRGAS",
        "color": "blue",
        "align": "left",
        "bline": "baseline"
      },
      "geometry": {
        "type": "Point",
        "coordinates": [
          -65.62,
          -27.58
        ]
      }
    },
    {
      "type": "Feature",
      "properties": {
        "name": "JBAL-v3.2",
        "identifier": "Alberdi, Tucuman (JBAL-v3.2)",
        "data_format": "RTCM 3.2",
        "format_details": "1006(10),1008(10),1013(10),1019(10),1020(10),1033(10),1074(1),1084(1),1230(10)",
        "carrier": "L2",
        "nav_system": "GPS+GLO",
        "network": "RAMSAC",
        "country": "ARG",
        "coordinates": "-27.58, -65.62",
        "solution": "single base",
        "misc": "Marco POSGAR07-ITRF2005(2006.632)-SIRGAS",
        "color": "blue",
        "align": "left",
        "bline": "baseline"
      },
      "geometry": {
        "type": "Point",
        "coordinates": [
          -65.62,
          -27.58
        ]
      }
    },
    {
      "type": "Feature",
      "properties": {
        "name": "JCBC-v3.0",
        "identifier": "Ingeniero Jacobacci, Rio Negro (JCBC-v3.0)",
        "data_format": "RTCM 3.0",
        "format_details": "1004(1),1006(10),1007(10),1013(10)",
        "carrier": "L2",
        "nav_system": "GPS",
        "network": "RAMSAC",
        "country": "ARG",
        "coordinates": "-41.33, -69.55",
        "solution": "single base",
        "misc": "Marco POSGAR07-ITRF2005(2006.632)",
        "color": "blue",
        "align": "left",
        "bline": "baseline"
      },
      "geometry": {
        "type": "Point",
        "coordinates": [
          -69.55,
          -41.33
        ]
      }
    },
    {
      "type": "Feature",
      "properties": {
        "name": "JCHL-v3.0",
        "identifier": "San Jose de Jachal, San Juan (JCHL-v3.0)",
        "data_format": "RTCM 3.0",
        "format_details": "1004(1),1006(10),1008(10),1012(1),1013(10),1019(10),1020(10),1033(10),1230(10)",
        "carrier": "L2",
        "nav_system": "GPS+GLO",
        "network": "RAMSAC",
        "country": "ARG",
        "coordinates": "-30.23, -68.73",
        "solution": "single base",
        "misc": "Marco POSGAR07-ITRF2005(2006.632)",
        "color": "blue",
        "align": "left",
        "bline": "baseline"
      },
      "geometry": {
        "type": "Point",
        "coordinates": [
          -68.73,
          -30.23
        ]
      }
    },
    {
      "type": "Feature",
      "properties": {
        "name": "JCHL-v3.2",
        "identifier": "San Jose de Jachal, San Juan (JCHL-v3.2)",
        "data_format": "RTCM 3.2",
        "format_details": "1006(10),1008(10),1013(10),1019(10),1020(10),1033(10),1074(1),1084(1),1230(10)",
        "carrier": "L2",
        "nav_system": "GPS+GLO",
        "network": "RAMSAC",
        "country": "ARG",
        "coordinates": "-30.23, -68.73",
        "solution": "single base",
        "misc": "Marco POSGAR07-ITRF2005(2006.632)",
        "color": "blue",
        "align": "left",
        "bline": "baseline"
      },
      "geometry": {
        "type": "Point",
        "coordinates": [
          -68.73,
          -30.23
        ]
      }
    },
    {
      "type": "Feature",
      "properties": {
        "name": "JVCH-v3.0",
        "identifier": "Estancia Javicho, Santiago del Estero (JVCH-v3.0)",
        "data_format": "RTCM 3.0",
        "format_details": "1004(1),1006(10),1008(10),1012(1),1013(10),1033(10)",
        "carrier": "L2",
        "nav_system": "GPS+GLO+GAL+BDS",
        "network": "RAMSAC",
        "country": "ARG",
        "coordinates": "-27.0, -64.68",
        "solution": "single base",
        "misc": "Marco POSGAR07-ITRF2005(2006.632)",
        "color": "blue",
        "align": "left",
        "bline": "baseline"
      },
      "geometry": {
        "type": "Point",
        "coordinates": [
          -64.68,
          -27.0
        ]
      }
    },
    {
      "type": "Feature",
      "properties": {
        "name": "JVCH-v3.2",
        "identifier": "Estancia Javicho, Santiago del Estero (JVCH-v3.2)",
        "data_format": "RTCM 3.2",
        "format_details": "1006(10),1008(10),1033(10),1074(1),1084(1),1094(1),1124(1)",
        "carrier": "L2",
        "nav_system": "GPS+GLO+GAL+BDS",
        "network": "RAMSAC",
        "country": "ARG",
        "coordinates": "-27.0, -64.68",
        "solution": "single base",
        "misc": "Marco POSGAR07-ITRF2005(2006.632)",
        "color": "blue",
        "align": "left",
        "bline": "baseline"
      },
      "geometry": {
        "type": "Point",
        "coordinates": [
          -64.68,
          -27.0
        ]
      }
    },
    {
      "type": "Feature",
      "properties": {
        "name": "JVGO-v3.0",
        "identifier": "Joaquin V Gonzalez, Salta (JVGO-v3.0)",
        "data_format": "RTCM 3.0",
        "format_details": "1004(1),1006(10),1008(10),1012(1),1013(10),1033(10)",
        "carrier": "L2",
        "nav_system": "GPS+GLO",
        "network": "RAMSAC",
        "country": "ARG",
        "coordinates": "-25.12, -64.12",
        "solution": "single base",
        "misc": "Marco POSGAR07-ITRF2005(2006.632)",
        "color": "blue",
        "align": "left",
        "bline": "baseline"
      },
      "geometry": {
        "type": "Point",
        "coordinates": [
          -64.12,
          -25.12
        ]
      }
    },
    {
      "type": "Feature",
      "properties": {
        "name": "LARJ-v3.0",
        "identifier": "La Rioja, La Rioja (LARJ-v3.0)",
        "data_format": "RTCM 3.0",
        "format_details": "1004(1),1006(10),1008(10),1012(1),1013(10),1033(10)",
        "carrier": "L2",
        "nav_system": "GPS+GLO",
        "network": "RAMSAC",
        "country": "ARG",
        "coordinates": "-29.41, -66.85",
        "solution": "single base",
        "misc": "Marco POSGAR07-ITRF2005(2006.632)",
        "color": "blue",
        "align": "left",
        "bline": "baseline"
      },
      "geometry": {
        "type": "Point",
        "coordinates": [
          -66.85,
          -29.41
        ]
      }
    },
    {
      "type": "Feature",
      "properties": {
        "name": "LARJ-v3.2",
        "identifier": "La Rioja, La Rioja (LARJ-v3.2)",
        "data_format": "RTCM 3.2",
        "format_details": "1004(1),1006(10),1008(10),1012(1),1013(10),1033(10)",
        "carrier": "L2",
        "nav_system": "GPS+GLO",
        "network": "RAMSAC",
        "country": "ARG",
        "coordinates": "-29.41, -66.85",
        "solution": "single base",
        "misc": "Marco POSGAR07-ITRF2005(2006.632)",
        "color": "blue",
        "align": "left",
        "bline": "baseline"
      },
      "geometry": {
        "type": "Point",
        "coordinates": [
          -66.85,
          -29.41
        ]
      }
    },
    {
      "type": "Feature",
      "properties": {
        "name": "LHCL-v3.0",
        "identifier": "Lihuel Calel, La Pampa (LHCL-v3.0)",
        "data_format": "RTCM 3.0",
        "format_details": "1004(1),1006(10),1008(10),1012(1),1013(10),1019(10),1020(10),1033(10),1230(10)",
        "carrier": "L2",
        "nav_system": "GPS+GLO",
        "network": "RAMSAC",
        "country": "ARG",
        "coordinates": "-38.0, -65.6",
        "solution": "single base",
        "misc": "Marco POSGAR07-ITRF2005(2006.632)-SIRGAS",
        "color": "blue",
        "align": "left",
        "bline": "baseline"
      },
      "geometry": {
        "type": "Point",
        "coordinates": [
          -65.6,
          -38.0
        ]
      }
    },
    {
      "type": "Feature",
      "properties": {
        "name": "LHCL-v3.2",
        "identifier": "Lihuel Calel, La Pampa (LHCL-v3.2)",
        "data_format": "RTCM 3.2",
        "format_details": "1006(10),1008(10),1013(10),1019(10),1020(10),1033(10),1077(1),1087(1),1230(10)",
        "carrier": "L2",
        "nav_system": "GPS+GLO",
        "network": "RAMSAC",
        "country": "ARG",
        "coordinates": "-38.0, -65.6",
        "solution": "single base",
        "misc": "Marco POSGAR07-ITRF2005(2006.632)-SIRGAS",
        "color": "blue",
        "align": "left",
        "bline": "baseline"
      },
      "geometry": {
        "type": "Point",
        "coordinates": [
          -65.6,
          -38.0
        ]
      }
    },
    {
      "type": "Feature",
      "properties": {
        "name": "LPGS-v3.2",
        "identifier": "La Plata, Buenos Aires (LPGS-v3.2)",
        "data_format": "RTCM 3.2",
        "format_details": "1006(10),1007(10),1008(10),1019(15),1020(15),1033(10),1077(1),1087(1),1097(1)",
        "carrier": "L2",
        "nav_system": "GPS+GLO+GAL",
        "network": "RAMSAC",
        "country": "ARG",
        "coordinates": "-34.9, -57.93",
        "solution": "single base",
        "misc": "Marco POSGAR07-ITRF2005(2006.632)-SIRGAS",
        "color": "blue",
        "align": "left",
        "bline": "baseline"
      },
      "geometry": {
        "type": "Point",
        "coordinates": [
          -57.93,
          -34.9
        ]
      }
    },
    {
      "type": "Feature",
      "properties": {
        "name": "LROS-v3.0",
        "identifier": "Las Rosas, Santa Fe (LROS-v3.0)",
        "data_format": "RTCM 3.0",
        "format_details": "1004(1),1006(10),1008(10),1012(1),1013(10),1019(10),1020(10),1033(10),1230(10)",
        "carrier": "L2",
        "nav_system": "GPS+GLO",
        "network": "RAMSAC",
        "country": "ARG",
        "coordinates": "-32.47, -61.57",
        "solution": "single base",
        "misc": "Marco POSGAR07-ITRF2005(2006.632)-SIRGAS",
        "color": "blue",
        "align": "left",
        "bline": "baseline"
      },
      "geometry": {
        "type": "Point",
        "coordinates": [
          -61.57,
          -32.47
        ]
      }
    },
    {
      "type": "Feature",
      "properties": {
        "name": "LROS-v3.2",
        "identifier": "Las Rosas, Santa Fe (LROS-v3.2)",
        "data_format": "RTCM 3.2",
        "format_details": "1006(10),1008(10),1013(10),1019(10),1020(10),1033(10),1077(1),1087(1),1230(10)",
        "carrier": "L2",
        "nav_system": "GPS+GLO",
        "network": "RAMSAC",
        "country": "ARG",
        "coordinates": "-32.47, -61.57",
        "solution": "single base",
        "misc": "Marco POSGAR07-ITRF2005(2006.632)-SIRGAS",
        "color": "blue",
        "align": "left",
        "bline": "baseline"
      },
      "geometry": {
        "type": "Point",
        "coordinates": [
          -61.57,
          -32.47
        ]
      }
    },
    {
      "type": "Feature",
      "properties": {
        "name": "MGLO-v3.0",
        "identifier": "Maggiolo, Santa Fe (MGLO-v3.0)",
        "data_format": "RTCM 3.0",
        "format_details": "1004(1),1006(10),1008(10),1012(1),1013(10),1019(10),1020(10),1033(10),1230(10)",
        "carrier": "L2",
        "nav_system": "GPS+GLO",
        "network": "RAMSAC",
        "country": "ARG",
        "coordinates": "-33.72, -62.24",
        "solution": "single base",
        "misc": "Marco POSGAR07-ITRF2005(2006.632)",
        "color": "blue",
        "align": "left",
        "bline": "baseline"
      },
      "geometry": {
        "type": "Point",
        "coordinates": [
          -62.24,
          -33.72
        ]
      }
    },
    {
      "type": "Feature",
      "properties": {
        "name": "MGLO-v3.2",
        "identifier": "Maggiolo, Santa Fe (MGLO-v3.2)",
        "data_format": "RTCM 3.2",
        "format_details": "1006(10),1008(10),1013(10),1033(10),1077(1),1087(1),1097(1),1127(1),1230(10)",
        "carrier": "L2",
        "nav_system": "GPS+GLO+GAL",
        "network": "RAMSAC",
        "country": "ARG",
        "coordinates": "-33.72, -62.24",
        "solution": "single base",
        "misc": "Marco POSGAR07-ITRF2005(2006.632)",
        "color": "blue",
        "align": "left",
        "bline": "baseline"
      },
      "geometry": {
        "type": "Point",
        "coordinates": [
          -62.24,
          -33.72
        ]
      }
    },
    {
      "type": "Feature",
      "properties": {
        "name": "MGNO-v3.0",
        "identifier": "Malagueno, Cordoba (MGNO-v3.0)",
        "data_format": "RTCM 3.0",
        "format_details": "1004(1),1006(10),1008(10),1012(1),1033(10),4091(10)",
        "carrier": "L2",
        "nav_system": "GPS+GLO",
        "network": "RAMSAC",
        "country": "ARG",
        "coordinates": "-31.45, -64.35",
        "solution": "single base",
        "misc": "Marco POSGAR07-ITRF2005(2006.632)",
        "color": "blue",
        "align": "left",
        "bline": "baseline"
      },
      "geometry": {
        "type": "Point",
        "coordinates": [
          -64.35,
          -31.45
        ]
      }
    },
    {
      "type": "Feature",
      "properties": {
        "name": "MGNO-v3.2",
        "identifier": "Malagueno, Cordoba (MGNO-v3.2)",
        "data_format": "RTCM 3.2",
        "format_details": "1006(10),1008(10),1033(10),1074(1),1084(1),1094(1),1124(1),4091(10)",
        "carrier": "L2",
        "nav_system": "GPS+GLO+GAL+BDS",
        "network": "RAMSAC",
        "country": "ARG",
        "coordinates": "-31.45, -64.35",
        "solution": "single base",
        "misc": "Marco POSGAR07-ITRF2005(2006.632)",
        "color": "blue",
        "align": "left",
        "bline": "baseline"
      },
      "geometry": {
        "type": "Point",
        "coordinates": [
          -64.35,
          -31.45
        ]
      }
    },
    {
      "type": "Feature",
      "properties": {
        "name": "MGUE-v3.0",
        "identifier": "Malargue, Mendoza (MGUE-v3.0)",
        "data_format": "RTCM 3.0",
        "format_details": "1004(1),1006(10),1008(10),1012(1),1033(10)",
        "carrier": "L2",
        "nav_system": "GPS+GLO",
        "network": "RAMSAC",
        "country": "ARG",
        "coordinates": "-35.78, -69.4",
        "solution": "single base",
        "misc": "Marco POSGAR07-ITRF2005(2006.632)-SIRGAS",
        "color": "blue",
        "align": "left",
        "bline": "baseline"
      },
      "geometry": {
        "type": "Point",
        "coordinates": [
          -69.4,
          -35.78
        ]
      }
    },
    {
      "type": "Feature",
      "properties": {
        "name": "MGUE-v3.2",
        "identifier": "Malargue, Mendoza (MGUE-v3.2)",
        "data_format": "RTCM 3.2",
        "format_details": "1006(10),1008(10),1033(10),1077(1),1087(10),1097(10),1127(10)",
        "carrier": "L2",
        "nav_system": "GPS+GLO+GAL+BDS",
        "network": "RAMSAC",
        "country": "ARG",
        "coordinates": "-35.78, -69.4",
        "solution": "single base",
        "misc": "Marco POSGAR07-ITRF2005(2006.632)-SIRGAS",
        "color": "blue",
        "align": "left",
        "bline": "baseline"
      },
      "geometry": {
        "type": "Point",
        "coordinates": [
          -69.4,
          -35.78
        ]
      }
    },
    {
      "type": "Feature",
      "properties": {
        "name": "MPL2-v3.0",
        "identifier": "Mar del Plata, Buenos Aires (MPL2-v3.0)",
        "data_format": "RTCM 3.0",
        "format_details": "1004(1),1006(10),1008(10),1012(1),1013(10),1033(10)",
        "carrier": "L2",
        "nav_system": "GPS+GLO",
        "network": "RAMSAC",
        "country": "ARG",
        "coordinates": "-38.0, -57.57",
        "solution": "single base",
        "misc": "Marco POSGAR07-ITRF2005(2006.632)-SIRGAS",
        "color": "blue",
        "align": "left",
        "bline": "baseline"
      },
      "geometry": {
        "type": "Point",
        "coordinates": [
          -57.57,
          -38.0
        ]
      }
    },
    {
      "type": "Feature",
      "properties": {
        "name": "MPL2-v3.2",
        "identifier": "Mar del Plata, Buenos Aires (MPL2-v3.2)",
        "data_format": "RTCM 3.2",
        "format_details": "1004(1),1006(10),1008(10),1012(1),1013(10),1033(10)",
        "carrier": "L2",
        "nav_system": "GPS+GLO",
        "network": "RAMSAC",
        "country": "ARG",
        "coordinates": "-38.0, -57.57",
        "solution": "single base",
        "misc": "Marco POSGAR07-ITRF2005(2006.632)-SIRGAS",
        "color": "blue",
        "align": "left",
        "bline": "baseline"
      },
      "geometry": {
        "type": "Point",
        "coordinates": [
          -57.57,
          -38.0
        ]
      }
    },
    {
      "type": "Feature",
      "properties": {
        "name": "MZAC-v3.0",
        "identifier": "Mendoza, Mendoza (MZAC-v3.0)",
        "data_format": "RTCM 3.0",
        "format_details": "1004(1),1006(10),1008(10),1012(1),1013(10),1019(10),1020(10),1033(10)",
        "carrier": "L2",
        "nav_system": "GPS+GLO",
        "network": "RAMSAC",
        "country": "ARG",
        "coordinates": "-32.53, -68.87",
        "solution": "single base",
        "misc": "Marco POSGAR07-ITRF2005(2006.632)-SIRGAS",
        "color": "blue",
        "align": "left",
        "bline": "baseline"
      },
      "geometry": {
        "type": "Point",
        "coordinates": [
          -68.87,
          -32.53
        ]
      }
    },
    {
      "type": "Feature",
      "properties": {
        "name": "MZAC-v3.2",
        "identifier": "Mendoza, Mendoza (MZAC-v3.2)",
        "data_format": "RTCM 3.2",
        "format_details": "1004(1),1006(10),1008(10),1012(1),1013(10),1019(10),1020(10),1033(10)",
        "carrier": "L2",
        "nav_system": "GPS+GLO",
        "network": "RAMSAC",
        "country": "ARG",
        "coordinates": "-32.53, -68.87",
        "solution": "single base",
        "misc": "Marco POSGAR07-ITRF2005(2006.632)-SIRGAS",
        "color": "blue",
        "align": "left",
        "bline": "baseline"
      },
      "geometry": {
        "type": "Point",
        "coordinates": [
          -68.87,
          -32.53
        ]
      }
    },
    {
      "type": "Feature",
      "properties": {
        "name": "MZAE-v3.0",
        "identifier": "Santa Rosa, Mendoza (MZAE-v3.0)",
        "data_format": "RTCM 3.0",
        "format_details": "1004(1),1006(10),1007(10),1013(10)",
        "carrier": "L2",
        "nav_system": "GPS",
        "network": "RAMSAC",
        "country": "ARG",
        "coordinates": "-33.25, -68.15",
        "solution": "single base",
        "misc": "Marco POSGAR07-ITRF2005(2006.632)-SIRGAS",
        "color": "blue",
        "align": "left",
        "bline": "baseline"
      },
      "geometry": {
        "type": "Point",
        "coordinates": [
          -68.15,
          -33.25
        ]
      }
    },
    {
      "type": "Feature",
      "properties": {
        "name": "MZAL-v3.0",
        "identifier": "Lavalle, Mendoza (MZAL-v3.0)",
        "data_format": "RTCM 3.0",
        "format_details": "1004(1),1006(10),1008(10),1012(1),1013(10),1019(10),1020(10),1033(10),1230(10)",
        "carrier": "L2",
        "nav_system": "GPS+GLO",
        "network": "RAMSAC",
        "country": "ARG",
        "coordinates": "-32.72, -68.59",
        "solution": "single base",
        "misc": "Marco POSGAR07-ITRF2005(2006.632)-SIRGAS",
        "color": "blue",
        "align": "left",
        "bline": "baseline"
      },
      "geometry": {
        "type": "Point",
        "coordinates": [
          -68.59,
          -32.72
        ]
      }
    },
    {
      "type": "Feature",
      "properties": {
        "name": "MZAL-v3.2",
        "identifier": "Lavalle, Mendoza (MZAL-v3.2)",
        "data_format": "RTCM 3.2",
        "format_details": "1006(10),1008(10),1013(10),1019(10),1020(10),1033(10),1077(1),1087(1),1230(10)",
        "carrier": "L2",
        "nav_system": "GPS+GLO",
        "network": "RAMSAC",
        "country": "ARG",
        "coordinates": "-32.72, -68.59",
        "solution": "single base",
        "misc": "Marco POSGAR07-ITRF2005(2006.632)-SIRGAS",
        "color": "blue",
        "align": "left",
        "bline": "baseline"
      },
      "geometry": {
        "type": "Point",
        "coordinates": [
          -68.59,
          -32.72
        ]
      }
    },
    {
      "type": "Feature",
      "properties": {
        "name": "MZGA-v3.0",
        "identifier": "General Alvear, Mendoza (MZGA-v3.0)",
        "data_format": "RTCM 3.0",
        "format_details": "1004(1),1006(10),1008(10),1012(1),1033(10)",
        "carrier": "L2",
        "nav_system": "GPS+GLO",
        "network": "RAMSAC",
        "country": "ARG",
        "coordinates": "-34.97, -67.68",
        "solution": "single base",
        "misc": "Marco POSGAR07-ITRF2005(2006.632)-SIRGAS",
        "color": "blue",
        "align": "left",
        "bline": "baseline"
      },
      "geometry": {
        "type": "Point",
        "coordinates": [
          -67.68,
          -34.97
        ]
      }
    },
    {
      "type": "Feature",
      "properties": {
        "name": "MZRF-v3.0",
        "identifier": "San Rafael, Mendoza (MZRF-v3.0)",
        "data_format": "RTCM 3.0",
        "format_details": "1004(1),1006(10),1008(10),1012(1),1033(10)",
        "carrier": "L2",
        "nav_system": "GPS+GLO",
        "network": "RAMSAC",
        "country": "ARG",
        "coordinates": "-34.61, -68.33",
        "solution": "single base",
        "misc": "Marco POSGAR07-ITRF2005(2006.632)-SIRGAS",
        "color": "blue",
        "align": "left",
        "bline": "baseline"
      },
      "geometry": {
        "type": "Point",
        "coordinates": [
          -68.33,
          -34.61
        ]
      }
    },
    {
      "type": "Feature",
      "properties": {
        "name": "MZRF-v3.2",
        "identifier": "San Rafael, Mendoza (MZRF-v3.2)",
        "data_format": "RTCM 3.2",
        "format_details": "1006(10),1008(10),1013(10),1033(10),1077(1),1087(1),1097(1),1127(1),1230(10)",
        "carrier": "L2",
        "nav_system": "GPS+GLO+GAL",
        "network": "RAMSAC",
        "country": "ARG",
        "coordinates": "-34.61, -68.33",
        "solution": "single base",
        "misc": "Marco POSGAR07-ITRF2005(2006.632)-SIRGAS",
        "color": "blue",
        "align": "left",
        "bline": "baseline"
      },
      "geometry": {
        "type": "Point",
        "coordinates": [
          -68.33,
          -34.61
        ]
      }
    },
    {
      "type": "Feature",
      "properties": {
        "name": "NEQN-v3.0",
        "identifier": "Neuquen, Neuquen (NEQN-v3.0)",
        "data_format": "RTCM 3.0",
        "format_details": "1004(1),1006(10),1008(10),1012(1),1013(10),1033(10)",
        "carrier": "L2",
        "nav_system": "GPS+GLO",
        "network": "RAMSAC",
        "country": "ARG",
        "coordinates": "-38.94, -68.05",
        "solution": "single base",
        "misc": "Marco POSGAR07-ITRF2005(2006.632)",
        "color": "blue",
        "align": "left",
        "bline": "baseline"
      },
      "geometry": {
        "type": "Point",
        "coordinates": [
          -68.05,
          -38.94
        ]
      }
    },
    {
      "type": "Feature",
      "properties": {
        "name": "NESA-v3.0",
        "identifier": "General Conesa, Rio Negro (NESA-v3.0)",
        "data_format": "RTCM 3.0",
        "format_details": "1004(1),1006(10),1008(10),1012(1),1013(10),1033(10),1230(10)",
        "carrier": "L2",
        "nav_system": "GPS+GLO",
        "network": "RAMSAC",
        "country": "ARG",
        "coordinates": "-40.1, -64.45",
        "solution": "single base",
        "misc": "Marco POSGAR07-ITRF2005(2006.632)-SIRGAS",
        "color": "blue",
        "align": "left",
        "bline": "baseline"
      },
      "geometry": {
        "type": "Point",
        "coordinates": [
          -64.45,
          -40.1
        ]
      }
    },
    {
      "type": "Feature",
      "properties": {
        "name": "NOYA-v3.0",
        "identifier": "Nogoya, Entre Rios (NOYA-v3.0)",
        "data_format": "RTCM 3.0",
        "format_details": "1004(1),1006(10),1008(10),1012(1),1013(10),1033(10),1230(10)",
        "carrier": "L2",
        "nav_system": "GPS+GLO",
        "network": "RAMSAC",
        "country": "ARG",
        "coordinates": "-32.38, -59.79",
        "solution": "single base",
        "misc": "Marco POSGAR07-ITRF2005(2006.632)",
        "color": "blue",
        "align": "left",
        "bline": "baseline"
      },
      "geometry": {
        "type": "Point",
        "coordinates": [
          -59.79,
          -32.38
        ]
      }
    },
    {
      "type": "Feature",
      "properties": {
        "name": "NOYA-v3.2",
        "identifier": "Nogoya, Entre Rios (NOYA-v3.2)",
        "data_format": "RTCM 3.2",
        "format_details": "1006(10),1008(10),1013(10),1033(10),1075(1),1085(1),1230(10)",
        "carrier": "L2",
        "nav_system": "GPS+GLO",
        "network": "RAMSAC",
        "country": "ARG",
        "coordinates": "-32.38, -59.79",
        "solution": "single base",
        "misc": "Marco POSGAR07-ITRF2005(2006.632)",
        "color": "blue",
        "align": "left",
        "bline": "baseline"
      },
      "geometry": {
        "type": "Point",
        "coordinates": [
          -59.79,
          -32.38
        ]
      }
    },
    {
      "type": "Feature",
      "properties": {
        "name": "NUGA-v3.0",
        "identifier": "Nueva Galia, San Luis (NUGA-v3.0)",
        "data_format": "RTCM 3.0",
        "format_details": "1004(1),1006(10),1008(10),1012(1),1013(10),1019(10),1020(10),1033(10),1230(10)",
        "carrier": "L2",
        "nav_system": "GPS+GLO",
        "network": "RAMSAC",
        "country": "ARG",
        "coordinates": "-35.11, -65.26",
        "solution": "single base",
        "misc": "Marco POSGAR07-ITRF2005(2006.632)",
        "color": "blue",
        "align": "left",
        "bline": "baseline"
      },
      "geometry": {
        "type": "Point",
        "coordinates": [
          -65.26,
          -35.11
        ]
      }
    },
    {
      "type": "Feature",
      "properties": {
        "name": "NUGA-v3.2",
        "identifier": "Nueva Galia, San Luis (NUGA-v3.2)",
        "data_format": "RTCM 3.2",
        "format_details": "1006(10),1008(10),1013(10),1019(10),1020(10),1033(10),1077(1),1087(1),1230(10)",
        "carrier": "L2",
        "nav_system": "GPS+GLO",
        "network": "RAMSAC",
        "country": "ARG",
        "coordinates": "-35.11, -65.26",
        "solution": "single base",
        "misc": "Marco POSGAR07-ITRF2005(2006.632)",
        "color": "blue",
        "align": "left",
        "bline": "baseline"
      },
      "geometry": {
        "type": "Point",
        "coordinates": [
          -65.26,
          -35.11
        ]
      }
    },
    {
      "type": "Feature",
      "properties": {
        "name": "OAFA-v3.0",
        "identifier": "Observatorio Astronomico Felix Aguilar, San Juan (OAFA-v3.0)",
        "data_format": "RTCM 3.0",
        "format_details": "1004(1),1006(10),1008(10),1012(1),1013(10),1019(10),1020(10),1033(10),1230(10)",
        "carrier": "L2",
        "nav_system": "GPS+GLO",
        "network": "RAMSAC",
        "country": "ARG",
        "coordinates": "-31.5, -68.62",
        "solution": "single base",
        "misc": "Marco POSGAR07-ITRF2005(2006.632)-SIRGAS",
        "color": "blue",
        "align": "left",
        "bline": "baseline"
      },
      "geometry": {
        "type": "Point",
        "coordinates": [
          -68.62,
          -31.5
        ]
      }
    },
    {
      "type": "Feature",
      "properties": {
        "name": "OAFA-v3.2",
        "identifier": "Observatorio Astronomico Felix Aguilar, San Juan (OAFA-v3.2)",
        "data_format": "RTCM 3.2",
        "format_details": "1006(10),1008(10),1013(10),1033(10),1077(1),1087(1),1097(1),1127(1),1230(10)",
        "carrier": "L2",
        "nav_system": "GPS+GLO+GAL+BDS",
        "network": "RAMSAC",
        "country": "ARG",
        "coordinates": "-31.5, -68.62",
        "solution": "single base",
        "misc": "Marco POSGAR07-ITRF2005(2006.632)-SIRGAS",
        "color": "blue",
        "align": "left",
        "bline": "baseline"
      },
      "geometry": {
        "type": "Point",
        "coordinates": [
          -68.62,
          -31.5
        ]
      }
    },
    {
      "type": "Feature",
      "properties": {
        "name": "OBRA-v3.0",
        "identifier": "Obera, Misiones (OBRA-v3.0)",
        "data_format": "RTCM 3.0",
        "format_details": "1006(10),1008(10),1033(10),1074(1),1084(1),1094(1),1124(1)",
        "carrier": "L2",
        "nav_system": "GPS+GLO+GAL+BDS",
        "network": "RAMSAC",
        "country": "ARG",
        "coordinates": "-27.47, -55.13",
        "solution": "single base",
        "misc": "Marco POSGAR07-ITRF2005(2006.632)-SIRGAS",
        "color": "blue",
        "align": "left",
        "bline": "baseline"
      },
      "geometry": {
        "type": "Point",
        "coordinates": [
          -55.13,
          -27.47
        ]
      }
    },
    {
      "type": "Feature",
      "properties": {
        "name": "OBRA-v3.2",
        "identifier": "Obera, Misiones (OBRA-v3.2)",
        "data_format": "RTCM 3.2",
        "format_details": "1006(10),1008(10),1033(10),1074(1),1084(1),1094(1),1124(1)",
        "carrier": "L2",
        "nav_system": "GPS+GLO+GAL+BDS",
        "network": "RAMSAC",
        "country": "ARG",
        "coordinates": "-27.47, -55.13",
        "solution": "single base",
        "misc": "Marco POSGAR07-ITRF2005(2006.632)-SIRGAS",
        "color": "blue",
        "align": "left",
        "bline": "baseline"
      },
      "geometry": {
        "type": "Point",
        "coordinates": [
          -55.13,
          -27.47
        ]
      }
    },
    {
      "type": "Feature",
      "properties": {
        "name": "OJOA-v3.0",
        "identifier": "Villa Ojo de Agua, Santiago del Estero (OJOA-v3.0)",
        "data_format": "RTCM 3.0",
        "format_details": "1004(1),1006(10),1008(10),1012(1),1013(10),1033(10)",
        "carrier": "L2",
        "nav_system": "GPS+GLO",
        "network": "RAMSAC",
        "country": "ARG",
        "coordinates": "-29.5, -63.69",
        "solution": "single base",
        "misc": "Marco POSGAR07-ITRF2005(2006.632)",
        "color": "blue",
        "align": "left",
        "bline": "baseline"
      },
      "geometry": {
        "type": "Point",
        "coordinates": [
          -63.69,
          -29.5
        ]
      }
    },
    {
      "type": "Feature",
      "properties": {
        "name": "ORAN-v3.0",
        "identifier": "Oran, Salta (ORAN-v3.0)",
        "data_format": "RTCM 3.0",
        "format_details": "1004(1),1006(10),1008(10),1012(1),1013(10),1033(10)",
        "carrier": "L2",
        "nav_system": "GPS+GLO",
        "network": "RAMSAC",
        "country": "ARG",
        "coordinates": "-23.14, -64.32",
        "solution": "single base",
        "misc": "Marco POSGAR07-ITRF2005(2006.632)",
        "color": "blue",
        "align": "left",
        "bline": "baseline"
      },
      "geometry": {
        "type": "Point",
        "coordinates": [
          -64.32,
          -23.14
        ]
      }
    },
    {
      "type": "Feature",
      "properties": {
        "name": "ORAN-v3.2",
        "identifier": "Oran, Salta (ORAN-v3.2)",
        "data_format": "RTCM 3.2",
        "format_details": "1004(1),1006(10),1008(10),1012(1),1013(10),1033(10)",
        "carrier": "L2",
        "nav_system": "GPS+GLO",
        "network": "RAMSAC",
        "country": "ARG",
        "coordinates": "-23.14, -64.32",
        "solution": "single base",
        "misc": "Marco POSGAR07-ITRF2005(2006.632)",
        "color": "blue",
        "align": "left",
        "bline": "baseline"
      },
      "geometry": {
        "type": "Point",
        "coordinates": [
          -64.32,
          -23.14
        ]
      }
    },
    {
      "type": "Feature",
      "properties": {
        "name": "PACO-v3.0",
        "identifier": "Paso de los Libres, Corrientes (PACO-v3.0)",
        "data_format": "RTCM 3.0",
        "format_details": "1004(1),1006(10),1008(10),1012(1),1013(10),1033(10)",
        "carrier": "L2",
        "nav_system": "GPS+GLO",
        "network": "RAMSAC",
        "country": "ARG",
        "coordinates": "-29.71, -57.08",
        "solution": "single base",
        "misc": "Marco POSGAR07-ITRF2005(2006.632)",
        "color": "blue",
        "align": "left",
        "bline": "baseline"
      },
      "geometry": {
        "type": "Point",
        "coordinates": [
          -57.08,
          -29.71
        ]
      }
    },
    {
      "type": "Feature",
      "properties": {
        "name": "PATA-v3.0",
        "identifier": "Carmen de Patagones, Buenos Aires (PATA-v3.0)",
        "data_format": "RTCM 3.0",
        "format_details": "1004(1),1006(10),1008(10),1012(1),1013(10),1033(10)",
        "carrier": "L2",
        "nav_system": "GPS+GLO",
        "network": "RAMSAC",
        "country": "ARG",
        "coordinates": "-40.78, -62.98",
        "solution": "single base",
        "misc": "Marco POSGAR07-ITRF2005(2006.632)",
        "color": "blue",
        "align": "left",
        "bline": "baseline"
      },
      "geometry": {
        "type": "Point",
        "coordinates": [
          -62.98,
          -40.78
        ]
      }
    },
    {
      "type": "Feature",
      "properties": {
        "name": "PATA-v3.2",
        "identifier": "Carmen de Patagones, Buenos Aires (PATA-v3.2)",
        "data_format": "RTCM 3.2",
        "format_details": "1004(1),1006(10),1008(10),1012(1),1013(10),1033(10)",
        "carrier": "L2",
        "nav_system": "GPS+GLO",
        "network": "RAMSAC",
        "country": "ARG",
        "coordinates": "-40.78, -62.98",
        "solution": "single base",
        "misc": "Marco POSGAR07-ITRF2005(2006.632)",
        "color": "blue",
        "align": "left",
        "bline": "baseline"
      },
      "geometry": {
        "type": "Point",
        "coordinates": [
          -62.98,
          -40.78
        ]
      }
    },
    {
      "type": "Feature",
      "properties": {
        "name": "PBCA-v3.0",
        "identifier": "Bahia Blanca, Buenos Aires (PBCA-v3.0)",
        "data_format": "RTCM 3.0",
        "format_details": "1004(1),1006(10),1008(10),1012(1),1013(10),1019(10),1020(10),1033(10),1230(10)",
        "carrier": "L2",
        "nav_system": "GPS+GLO",
        "network": "RAMSAC",
        "country": "ARG",
        "coordinates": "-38.79, -62.27",
        "solution": "single base",
        "misc": "Marco POSGAR07-ITRF2005(2006.632)",
        "color": "blue",
        "align": "left",
        "bline": "baseline"
      },
      "geometry": {
        "type": "Point",
        "coordinates": [
          -62.27,
          -38.79
        ]
      }
    },
    {
      "type": "Feature",
      "properties": {
        "name": "PBCA-v3.2",
        "identifier": "Bahia Blanca, Buenos Aires (PBCA-v3.2)",
        "data_format": "RTCM 3.2",
        "format_details": "1006(10),1008(10),1033(10),1074(1),1084(1),1094(1),1124(1),4091(10)",
        "carrier": "L2",
        "nav_system": "GPS+GLO",
        "network": "RAMSAC",
        "country": "ARG",
        "coordinates": "-38.79, -62.27",
        "solution": "single base",
        "misc": "Marco POSGAR07-ITRF2005(2006.632)",
        "color": "blue",
        "align": "left",
        "bline": "baseline"
      },
      "geometry": {
        "type": "Point",
        "coordinates": [
          -62.27,
          -38.79
        ]
      }
    },
    {
      "type": "Feature",
      "properties": {
        "name": "PEBA-v2.3",
        "identifier": "Pergamino, Buenos Aires (PEBA-v2.3)",
        "data_format": "RTCM 2.3",
        "format_details": "1(1),3(10),18(1),19(1),22(10)",
        "carrier": "L2",
        "nav_system": "GPS+GLO",
        "network": "RAMSAC",
        "country": "ARG",
        "coordinates": "-33.93, -60.55",
        "solution": "single base",
        "misc": "Marco POSGAR07-ITRF2005(2006.632)",
        "color": "blue",
        "align": "left",
        "bline": "baseline"
      },
      "geometry": {
        "type": "Point",
        "coordinates": [
          -60.55,
          -33.93
        ]
      }
    },
    {
      "type": "Feature",
      "properties": {
        "name": "PEBA-v3.0",
        "identifier": "Pergamino, Buenos Aires (PEBA-v3.0)",
        "data_format": "RTCM 3.0",
        "format_details": "1004(1),1006(10),1008(10),1012(1),1019(10),1020(10),1033(10),1230(10)",
        "carrier": "L2",
        "nav_system": "GPS+GLO",
        "network": "RAMSAC",
        "country": "ARG",
        "coordinates": "-33.93, -60.55",
        "solution": "single base",
        "misc": "Marco POSGAR07-ITRF2005(2006.632)",
        "color": "blue",
        "align": "left",
        "bline": "baseline"
      },
      "geometry": {
        "type": "Point",
        "coordinates": [
          -60.55,
          -33.93
        ]
      }
    },
    {
      "type": "Feature",
      "properties": {
        "name": "PELU-v3.0",
        "identifier": "Pedro Luro, Buenos Aires (PELU-v3.0)",
        "data_format": "RTCM 3.0",
        "format_details": "1004(1),1006(10),1008(10),1012(1),1013(10),1019(10),1020(10),1033(10)",
        "carrier": "L2",
        "nav_system": "GPS+GLO",
        "network": "RAMSAC",
        "country": "ARG",
        "coordinates": "-39.5, -62.68",
        "solution": "single base",
        "misc": "Marco POSGAR07-ITRF2005(2006.632)-SIRGAS",
        "color": "blue",
        "align": "left",
        "bline": "baseline"
      },
      "geometry": {
        "type": "Point",
        "coordinates": [
          -62.68,
          -39.5
        ]
      }
    },
    {
      "type": "Feature",
      "properties": {
        "name": "PELU-v3.2",
        "identifier": "Pedro Luro, Buenos Aires (PELU-v3.2)",
        "data_format": "RTCM 3.2",
        "format_details": "1006(10),1008(10),1013(10),1019(10),1020(10),1033(10),1077(1),1087(1),1230(10)",
        "carrier": "L2",
        "nav_system": "GPS+GLO",
        "network": "RAMSAC",
        "country": "ARG",
        "coordinates": "-39.5, -62.68",
        "solution": "single base",
        "misc": "Marco POSGAR07-ITRF2005(2006.632)-SIRGAS",
        "color": "blue",
        "align": "left",
        "bline": "baseline"
      },
      "geometry": {
        "type": "Point",
        "coordinates": [
          -62.68,
          -39.5
        ]
      }
    },
    {
      "type": "Feature",
      "properties": {
        "name": "PIAG-v2.3",
        "identifier": "Piedra del Aguila, Neuquen (PIAG-v2.3)",
        "data_format": "RTCM 2.3",
        "format_details": "1(1),3(10),18(1),19(1),22(10)",
        "carrier": "L2",
        "nav_system": "GPS+GLO",
        "network": "RAMSAC",
        "country": "ARG",
        "coordinates": "-40.05, -70.07",
        "solution": "single base",
        "misc": "Marco POSGAR07-ITRF2005(2006.632)",
        "color": "blue",
        "align": "left",
        "bline": "baseline"
      },
      "geometry": {
        "type": "Point",
        "coordinates": [
          -70.07,
          -40.05
        ]
      }
    },
    {
      "type": "Feature",
      "properties": {
        "name": "PIAG-v3.0",
        "identifier": "Piedra del Aguila, Neuquen (PIAG-v3.0)",
        "data_format": "RTCM 3.0",
        "format_details": "1004(1),1006(10),1008(10),1012(1),1013(10),1019(10),1020(10),1033(10),1230(10)",
        "carrier": "L2",
        "nav_system": "GPS+GLO",
        "network": "RAMSAC",
        "country": "ARG",
        "coordinates": "-40.05, -70.07",
        "solution": "single base",
        "misc": "Marco POSGAR07-ITRF2005(2006.632)",
        "color": "blue",
        "align": "left",
        "bline": "baseline"
      },
      "geometry": {
        "type": "Point",
        "coordinates": [
          -70.07,
          -40.05
        ]
      }
    },
    {
      "type": "Feature",
      "properties": {
        "name": "PIAG-v3.2",
        "identifier": "Piedra del Aguila, Neuquen (PIAG-v3.2)",
        "data_format": "RTCM 3.2",
        "format_details": "1006(10),1008(10),1013(10),1019(10),1020(10),1033(10),1077(1),1087(1),1230(10)",
        "carrier": "L2",
        "nav_system": "GPS+GLO",
        "network": "RAMSAC",
        "country": "ARG",
        "coordinates": "-40.05, -70.07",
        "solution": "single base",
        "misc": "Marco POSGAR07-ITRF2005(2006.632)",
        "color": "blue",
        "align": "left",
        "bline": "baseline"
      },
      "geometry": {
        "type": "Point",
        "coordinates": [
          -70.07,
          -40.05
        ]
      }
    },
    {
      "type": "Feature",
      "properties": {
        "name": "PRNA-v3.0",
        "identifier": "Parana, Entre Rios (PRNA-v3.0)",
        "data_format": "RTCM 3.0",
        "format_details": "1004(1),1006(10),1008(10),1012(1),1033(10),1230(10)",
        "carrier": "L2",
        "nav_system": "GPS+GLO",
        "network": "RAMSAC",
        "country": "ARG",
        "coordinates": "-31.78, -60.47",
        "solution": "single base",
        "misc": "Marco POSGAR07-ITRF2005(2006.632)-SIRGAS",
        "color": "blue",
        "align": "left",
        "bline": "baseline"
      },
      "geometry": {
        "type": "Point",
        "coordinates": [
          -60.47,
          -31.78
        ]
      }
    },
    {
      "type": "Feature",
      "properties": {
        "name": "PRNA-v3.2",
        "identifier": "Parana, Entre Rios (PRNA-v3.2)",
        "data_format": "RTCM 3.2",
        "format_details": "1006(10),1008(10),1013(10),1019(10),1020(10),1033(10),1077(1),1087(1),1230(10)",
        "carrier": "L2",
        "nav_system": "GPS+GLO",
        "network": "RAMSAC",
        "country": "ARG",
        "coordinates": "-31.78, -60.47",
        "solution": "single base",
        "misc": "Marco POSGAR07-ITRF2005(2006.632)-SIRGAS",
        "color": "blue",
        "align": "left",
        "bline": "baseline"
      },
      "geometry": {
        "type": "Point",
        "coordinates": [
          -60.47,
          -31.78
        ]
      }
    },
    {
      "type": "Feature",
      "properties": {
        "name": "PUMA-v3.0",
        "identifier": "Tintina, Santiago del Estero (PUMA-v3.0)",
        "data_format": "RTCM 3.0",
        "format_details": "1004(1),1006(10),1008(10),1012(1),1013(10),1033(10)",
        "carrier": "L2",
        "nav_system": "GPS+GLO",
        "network": "RAMSAC",
        "country": "ARG",
        "coordinates": "-27.01, -62.7",
        "solution": "single base",
        "misc": "Marco POSGAR07-ITRF2005(2006.632)",
        "color": "blue",
        "align": "left",
        "bline": "baseline"
      },
      "geometry": {
        "type": "Point",
        "coordinates": [
          -62.7,
          -27.01
        ]
      }
    },
    {
      "type": "Feature",
      "properties": {
        "name": "PUMA-v3.2",
        "identifier": "Tintina, Santiago del Estero (PUMA-v3.2)",
        "data_format": "RTCM 3.2",
        "format_details": "1004(1),1006(10),1008(10),1012(1),1013(10),1033(10)",
        "carrier": "L2",
        "nav_system": "GPS+GLO",
        "network": "RAMSAC",
        "country": "ARG",
        "coordinates": "-27.01, -62.7",
        "solution": "single base",
        "misc": "Marco POSGAR07-ITRF2005(2006.632)",
        "color": "blue",
        "align": "left",
        "bline": "baseline"
      },
      "geometry": {
        "type": "Point",
        "coordinates": [
          -62.7,
          -27.01
        ]
      }
    },
    {
      "type": "Feature",
      "properties": {
        "name": "PWRO-v2.3",
        "identifier": "Puesto Wircaleo, Neuquen (PWRO-v2.3)",
        "data_format": "RTCM 2.3",
        "format_details": "1(1),3(10),18(1),19(1),22(10)",
        "carrier": "L2",
        "nav_system": "GPS",
        "network": "RAMSAC",
        "country": "ARG",
        "coordinates": "-38.42, -69.21",
        "solution": "single base",
        "misc": "Marco POSGAR07-ITRF2005(2006.632)",
        "color": "blue",
        "align": "left",
        "bline": "baseline"
      },
      "geometry": {
        "type": "Point",
        "coordinates": [
          -69.21,
          -38.42
        ]
      }
    },
    {
      "type": "Feature",
      "properties": {
        "name": "PWRO-v3.0",
        "identifier": "Puesto Wircaleo, Neuquen (PWRO-v3.0)",
        "data_format": "RTCM 3.0",
        "format_details": "1004(1),1006(10),1008(10),1013(10),1033(10)",
        "carrier": "L2",
        "nav_system": "GPS",
        "network": "RAMSAC",
        "country": "ARG",
        "coordinates": "-38.42, -69.21",
        "solution": "single base",
        "misc": "Marco POSGAR07-ITRF2005(2006.632)",
        "color": "blue",
        "align": "left",
        "bline": "baseline"
      },
      "geometry": {
        "type": "Point",
        "coordinates": [
          -69.21,
          -38.42
        ]
      }
    },
    {
      "type": "Feature",
      "properties": {
        "name": "PWRO-v3.2",
        "identifier": "Puesto Wircaleo, Neuquen (PWRO-v3.2)",
        "data_format": "RTCM 3.2",
        "format_details": "1006(10),1008(10),1013(10),1019(10),1020(10),1033(10),1077(1),1087(1),1230(10)",
        "carrier": "L2",
        "nav_system": "GPS",
        "network": "RAMSAC",
        "country": "ARG",
        "coordinates": "-38.42, -69.21",
        "solution": "single base",
        "misc": "Marco POSGAR07-ITRF2005(2006.632)",
        "color": "blue",
        "align": "left",
        "bline": "baseline"
      },
      "geometry": {
        "type": "Point",
        "coordinates": [
          -69.21,
          -38.42
        ]
      }
    },
    {
      "type": "Feature",
      "properties": {
        "name": "RAF1-v3.0",
        "identifier": "Rafaela, Santa Fe (RAF1-v3.0)",
        "data_format": "RTCM 3.0",
        "format_details": "1004(1),1006(10),1008(10),1012(1),1013(10),1033(10),1230(10)",
        "carrier": "L2",
        "nav_system": "GPS+GLO",
        "network": "RAMSAC",
        "country": "ARG",
        "coordinates": "-31.24, -61.47",
        "solution": "single base",
        "misc": "Marco POSGAR07-ITRF2005(2006.632)",
        "color": "blue",
        "align": "left",
        "bline": "baseline"
      },
      "geometry": {
        "type": "Point",
        "coordinates": [
          -61.47,
          -31.24
        ]
      }
    },
    {
      "type": "Feature",
      "properties": {
        "name": "RAF1-v3.2",
        "identifier": "Rafaela, Santa Fe (RAF1-v3.2)",
        "data_format": "RTCM 3.2",
        "format_details": "1006(10),1008(10),1013(10),1033(10),1077(1),1087(1),1097(1),1127(1),1230(10)",
        "carrier": "L2",
        "nav_system": "GPS+GLO+GAL",
        "network": "RAMSAC",
        "country": "ARG",
        "coordinates": "-31.24, -61.47",
        "solution": "single base",
        "misc": "Marco POSGAR07-ITRF2005(2006.632)",
        "color": "blue",
        "align": "left",
        "bline": "baseline"
      },
      "geometry": {
        "type": "Point",
        "coordinates": [
          -61.47,
          -31.24
        ]
      }
    },
    {
      "type": "Feature",
      "properties": {
        "name": "RCRO-v3.2",
        "identifier": "Recreo, Catamarca (RCRO-v3.2)",
        "data_format": "RTCM 3.2",
        "format_details": "1006(10),1008(10),1033(10),1074(1),1084(1),1094(1),1124(1)",
        "carrier": "L2",
        "nav_system": "GPS+GLO+GAL+BDS",
        "network": "RAMSAC",
        "country": "ARG",
        "coordinates": "-29.27, -65.06",
        "solution": "single base",
        "misc": "Marco POSGAR07-ITRF2005(2006.632)",
        "color": "blue",
        "align": "left",
        "bline": "baseline"
      },
      "geometry": {
        "type": "Point",
        "coordinates": [
          -65.06,
          -29.27
        ]
      }
    },
    {
      "type": "Feature",
      "properties": {
        "name": "RDCM-v3.0",
        "identifier": "Reserva Don Carmelo, San Juan (RDCM-v3.0)",
        "data_format": "RTCM 3.0",
        "format_details": "1004(1),1006(10),1008(10),1012(1),1013(10),1033(10),1230(10)",
        "carrier": "L2",
        "nav_system": "GPS",
        "network": "RAMSAC",
        "country": "ARG",
        "coordinates": "-30.95, -69.08",
        "solution": "single base",
        "misc": "Marco POSGAR07-ITRF2005(2006.632)",
        "color": "blue",
        "align": "left",
        "bline": "baseline"
      },
      "geometry": {
        "type": "Point",
        "coordinates": [
          -69.08,
          -30.95
        ]
      }
    },
    {
      "type": "Feature",
      "properties": {
        "name": "RDCM-v3.2",
        "identifier": "Reserva Don Carmelo, San Juan (RDCM-v3.2)",
        "data_format": "RTCM 3.2",
        "format_details": "1006(10),1008(10),1013(10),1019(10),1020(10),1033(10),1077(1),1087(1),1230(10)",
        "carrier": "L2",
        "nav_system": "GPS+GLO",
        "network": "RAMSAC",
        "country": "ARG",
        "coordinates": "-30.95, -69.08",
        "solution": "single base",
        "misc": "Marco POSGAR07-ITRF2005(2006.632)",
        "color": "blue",
        "align": "left",
        "bline": "baseline"
      },
      "geometry": {
        "type": "Point",
        "coordinates": [
          -69.08,
          -30.95
        ]
      }
    },
    {
      "type": "Feature",
      "properties": {
        "name": "RECO-v3.0",
        "identifier": "Reconquista, Santa Fe (RECO-v3.0)",
        "data_format": "RTCM 3.0",
        "format_details": "1004(1),1006(10),1008(10),1012(1),1013(10),1033(10)",
        "carrier": "L2",
        "nav_system": "GPS+GLO",
        "network": "RAMSAC",
        "country": "ARG",
        "coordinates": "-29.13, -59.65",
        "solution": "single base",
        "misc": "Marco POSGAR07-ITRF2005(2006.632)-SIRGAS",
        "color": "blue",
        "align": "left",
        "bline": "baseline"
      },
      "geometry": {
        "type": "Point",
        "coordinates": [
          -59.65,
          -29.13
        ]
      }
    },
    {
      "type": "Feature",
      "properties": {
        "name": "RECO-v3.2",
        "identifier": "Reconquista, Santa Fe (RECO-v3.2)",
        "data_format": "RTCM 3.2",
        "format_details": "1004(1),1006(10),1008(10),1012(1),1013(10),1033(10)",
        "carrier": "L2",
        "nav_system": "GPS+GLO",
        "network": "RAMSAC",
        "country": "ARG",
        "coordinates": "-29.13, -59.65",
        "solution": "single base",
        "misc": "Marco POSGAR07-ITRF2005(2006.632)-SIRGAS",
        "color": "blue",
        "align": "left",
        "bline": "baseline"
      },
      "geometry": {
        "type": "Point",
        "coordinates": [
          -59.65,
          -29.13
        ]
      }
    },
    {
      "type": "Feature",
      "properties": {
        "name": "RODE-v3.0",
        "identifier": "Rodeo, San Juan (RODE-v3.0)",
        "data_format": "RTCM 3.0",
        "format_details": "1004(1),1006(10),1008(10),1012(1),1013(10),1033(10),1230(10)",
        "carrier": "L2",
        "nav_system": "GPS+GLO",
        "network": "RAMSAC",
        "country": "ARG",
        "coordinates": "-30.2, -69.13",
        "solution": "single base",
        "misc": "Marco POSGAR07-ITRF2005(2006.632)",
        "color": "blue",
        "align": "left",
        "bline": "baseline"
      },
      "geometry": {
        "type": "Point",
        "coordinates": [
          -69.13,
          -30.2
        ]
      }
    },
    {
      "type": "Feature",
      "properties": {
        "name": "RODE-v3.2",
        "identifier": "Rodeo, San Juan (RODE-v3.2)",
        "data_format": "RTCM 3.2",
        "format_details": "1006(10),1008(10),1013(10),1033(10),1075(1),1085(1),1230(1)",
        "carrier": "L2",
        "nav_system": "GPS+GLO",
        "network": "RAMSAC",
        "country": "ARG",
        "coordinates": "-30.2, -69.13",
        "solution": "single base",
        "misc": "Marco POSGAR07-ITRF2005(2006.632)",
        "color": "blue",
        "align": "left",
        "bline": "baseline"
      },
      "geometry": {
        "type": "Point",
        "coordinates": [
          -69.13,
          -30.2
        ]
      }
    },
    {
      "type": "Feature",
      "properties": {
        "name": "RSAL-v3.0",
        "identifier": "Alegrete, Rio Grande do Sul (RSAL-v3.0)",
        "data_format": "RTCM 3.0",
        "format_details": "1004(1),1006(10),1008(10),1012(1),1033(10)",
        "carrier": "L2",
        "nav_system": "GPS+GLO",
        "network": "RAMSAC",
        "country": "ARG",
        "coordinates": "-29.79, -55.77",
        "solution": "single base",
        "misc": "Marco POSGAR07-ITRF2005(2006.632)",
        "color": "blue",
        "align": "left",
        "bline": "baseline"
      },
      "geometry": {
        "type": "Point",
        "coordinates": [
          -55.77,
          -29.79
        ]
      }
    },
    {
      "type": "Feature",
      "properties": {
        "name": "RSAU-v3.2",
        "identifier": "Rincon de los Sauces, Neuquen (RSAU-v3.2)",
        "data_format": "RTCM 3.2",
        "format_details": "1006(10),1008(10),1013(10),1033(10),1077(1),1087(1),1097(1),1127(1),1230(10)",
        "carrier": "L2",
        "nav_system": "GPS+GLO+GAL+BDS",
        "network": "RAMSAC",
        "country": "ARG",
        "coordinates": "-37.38, -68.92",
        "solution": "single base",
        "misc": "Marco POSGAR07-ITRF2005(2006.632)",
        "color": "blue",
        "align": "left",
        "bline": "baseline"
      },
      "geometry": {
        "type": "Point",
        "coordinates": [
          -68.92,
          -37.38
        ]
      }
    },
    {
      "type": "Feature",
      "properties": {
        "name": "RSCL-v3.0",
        "identifier": "Cerro Largo, Rio Grande do Sul (RSCL-v3.0)",
        "data_format": "RTCM 3.0",
        "format_details": "1004(1),1006(10),1008(10),1012(1),1033(10)",
        "carrier": "L2",
        "nav_system": "GPS+GLO",
        "network": "RAMSAC",
        "country": "ARG",
        "coordinates": "-28.14, -54.75",
        "solution": "single base",
        "misc": "Marco POSGAR07-ITRF2005(2006.632)",
        "color": "blue",
        "align": "left",
        "bline": "baseline"
      },
      "geometry": {
        "type": "Point",
        "coordinates": [
          -54.75,
          -28.14
        ]
      }
    },
    {
      "type": "Feature",
      "properties": {
        "name": "RUFI-v3.0",
        "identifier": "Rufino, Santa Fe (RUFI-v3.0)",
        "data_format": "RTCM 3.0",
        "format_details": "1004(1),1006(10),1008(10),1012(1),1013(10),1033(10),1230(10)",
        "carrier": "L2",
        "nav_system": "GPS+GLO",
        "network": "RAMSAC",
        "country": "ARG",
        "coordinates": "-34.25, -62.7",
        "solution": "single base",
        "misc": "Marco POSGAR07-ITRF2005(2006.632)",
        "color": "blue",
        "align": "left",
        "bline": "baseline"
      },
      "geometry": {
        "type": "Point",
        "coordinates": [
          -62.7,
          -34.25
        ]
      }
    },
    {
      "type": "Feature",
      "properties": {
        "name": "RUFI-v3.2",
        "identifier": "Rufino, Santa Fe (RUFI-v3.2)",
        "data_format": "RTCM 3.2",
        "format_details": "1006(10),1008(10),1013(10),1019(10),1020(10),1033(10),1077(1),1087(1),1230(10)",
        "carrier": "L2",
        "nav_system": "GPS+GLO",
        "network": "RAMSAC",
        "country": "ARG",
        "coordinates": "-34.25, -62.7",
        "solution": "single base",
        "misc": "Marco POSGAR07-ITRF2005(2006.632)",
        "color": "blue",
        "align": "left",
        "bline": "baseline"
      },
      "geometry": {
        "type": "Point",
        "coordinates": [
          -62.7,
          -34.25
        ]
      }
    },
    {
      "type": "Feature",
      "properties": {
        "name": "RWSN-v3.0",
        "identifier": "Rawson, Chubut (RWSN-v3.0)",
        "data_format": "RTCM 3.0",
        "format_details": "1004(1),1006(10),1008(10),1012(1),1013(10),1033(10)",
        "carrier": "L2",
        "nav_system": "GPS+GLO",
        "network": "RAMSAC",
        "country": "ARG",
        "coordinates": "-43.28, -65.1",
        "solution": "single base",
        "misc": "Marco POSGAR07-ITRF2005(2006.632)-SIRGAS",
        "color": "blue",
        "align": "left",
        "bline": "baseline"
      },
      "geometry": {
        "type": "Point",
        "coordinates": [
          -65.1,
          -43.28
        ]
      }
    },
    {
      "type": "Feature",
      "properties": {
        "name": "SAJA-v3.0",
        "identifier": "San Javier, Santa Fe (SAJA-v3.0)",
        "data_format": "RTCM 3.0",
        "format_details": "1004(1),1006(10),1008(10),1012(1),1013(10),1033(10),1230(10)",
        "carrier": "L2",
        "nav_system": "GPS+GLO",
        "network": "RAMSAC",
        "country": "ARG",
        "coordinates": "-30.57, -59.93",
        "solution": "single base",
        "misc": "Marco POSGAR07-ITRF2005(2006.632)",
        "color": "blue",
        "align": "left",
        "bline": "baseline"
      },
      "geometry": {
        "type": "Point",
        "coordinates": [
          -59.93,
          -30.57
        ]
      }
    },
    {
      "type": "Feature",
      "properties": {
        "name": "SAJA-v3.2",
        "identifier": "San Javier, Santa Fe (SAJA-v3.2)",
        "data_format": "RTCM 3.2",
        "format_details": "1006(10),1008(10),1013(10),1033(10),1075(1),1085(1),1230(10)",
        "carrier": "L2",
        "nav_system": "GPS+GLO",
        "network": "RAMSAC",
        "country": "ARG",
        "coordinates": "-30.57, -59.93",
        "solution": "single base",
        "misc": "Marco POSGAR07-ITRF2005(2006.632)",
        "color": "blue",
        "align": "left",
        "bline": "baseline"
      },
      "geometry": {
        "type": "Point",
        "coordinates": [
          -59.93,
          -30.57
        ]
      }
    },
    {
      "type": "Feature",
      "properties": {
        "name": "SARM-v3.0",
        "identifier": "Sarmiento, Chubut (SARM-v3.0)",
        "data_format": "RTCM 3.0",
        "format_details": "1004(1),1006(10),1008(10),1012(1),1013(10),1033(10)",
        "carrier": "L2",
        "nav_system": "GPS+GLO",
        "network": "RAMSAC",
        "country": "ARG",
        "coordinates": "-45.58, -69.07",
        "solution": "single base",
        "misc": "Marco POSGAR07-ITRF2005(2006.632)",
        "color": "blue",
        "align": "left",
        "bline": "baseline"
      },
      "geometry": {
        "type": "Point",
        "coordinates": [
          -69.07,
          -45.58
        ]
      }
    },
    {
      "type": "Feature",
      "properties": {
        "name": "SBAL-v3.0",
        "identifier": "San Cristobal, Santa Fe (SBAL-v3.0)",
        "data_format": "RTCM 3.0",
        "format_details": "1004(1),1006(10),1008(10),1012(1),1019(10),1020(10),1033(10)",
        "carrier": "L2",
        "nav_system": "GPS+GLO",
        "network": "RAMSAC",
        "country": "ARG",
        "coordinates": "-30.3, -61.22",
        "solution": "single base",
        "misc": "Marco POSGAR07-ITRF2005(2006.632)",
        "color": "blue",
        "align": "left",
        "bline": "baseline"
      },
      "geometry": {
        "type": "Point",
        "coordinates": [
          -61.22,
          -30.3
        ]
      }
    },
    {
      "type": "Feature",
      "properties": {
        "name": "SICO-v3.0",
        "identifier": "Sierra Colorada, Rio Negro (SICO-v3.0)",
        "data_format": "RTCM 3.0",
        "format_details": "1004(1),1006(10),1008(10),1012(1),1013(10),1033(10),1230(10)",
        "carrier": "L2",
        "nav_system": "GPS+GLO",
        "network": "RAMSAC",
        "country": "ARG",
        "coordinates": "-39.02, -67.57",
        "solution": "single base",
        "misc": "Marco POSGAR07-ITRF2005(2006.632)-SIRGAS",
        "color": "blue",
        "align": "left",
        "bline": "baseline"
      },
      "geometry": {
        "type": "Point",
        "coordinates": [
          -67.57,
          -39.02
        ]
      }
    },
    {
      "type": "Feature",
      "properties": {
        "name": "SJSF-v3.0",
        "identifier": "San Justo, Santa Fe (SJSF-v3.0)",
        "data_format": "RTCM 3.0",
        "format_details": "1004(1),1006(10),1008(10),1012(1),1013(10),1019(10),1020(10),1033(10),1230(10)",
        "carrier": "L2",
        "nav_system": "GPS+GLO",
        "network": "RAMSAC",
        "country": "ARG",
        "coordinates": "-30.81, -60.6",
        "solution": "single base",
        "misc": "Marco POSGAR07-ITRF2005(2006.632)",
        "color": "blue",
        "align": "left",
        "bline": "baseline"
      },
      "geometry": {
        "type": "Point",
        "coordinates": [
          -60.6,
          -30.81
        ]
      }
    },
    {
      "type": "Feature",
      "properties": {
        "name": "SJSF-v3.2",
        "identifier": "San Justo, Santa Fe (SJSF-v3.2)",
        "data_format": "RTCM 3.2",
        "format_details": "1006(10),1008(10),1033(10),1074(1),1084(1),1094(1),1124(1),4091(10)",
        "carrier": "L2",
        "nav_system": "GPS+GLO",
        "network": "RAMSAC",
        "country": "ARG",
        "coordinates": "-30.81, -60.6",
        "solution": "single base",
        "misc": "Marco POSGAR07-ITRF2005(2006.632)",
        "color": "blue",
        "align": "left",
        "bline": "baseline"
      },
      "geometry": {
        "type": "Point",
        "coordinates": [
          -60.6,
          -30.81
        ]
      }
    },
    {
      "type": "Feature",
      "properties": {
        "name": "SL01-v3.0",
        "identifier": "San Luis, San Luis (SL01-v3.0)",
        "data_format": "RTCM 3.0",
        "format_details": "1004(1),1006(10),1008(10),1012(1),1033(10)",
        "carrier": "L2",
        "nav_system": "GPS+GLO+GAL+BDS",
        "network": "RAMSAC",
        "country": "ARG",
        "coordinates": "-33.15, -66.3",
        "solution": "single base",
        "misc": "Marco POSGAR07-ITRF2005(2006.632)-SIRGAS",
        "color": "blue",
        "align": "left",
        "bline": "baseline"
      },
      "geometry": {
        "type": "Point",
        "coordinates": [
          -66.3,
          -33.15
        ]
      }
    },
    {
      "type": "Feature",
      "properties": {
        "name": "SL01-v3.2",
        "identifier": "San Luis, San Luis (SL01-v3.2)",
        "data_format": "RTCM 3.2",
        "format_details": "1006(10),1008(10),1033(10),1074(1),1084(1),1094(1),1124(1)",
        "carrier": "L2",
        "nav_system": "GPS+GLO+GAL+BDS",
        "network": "RAMSAC",
        "country": "ARG",
        "coordinates": "-33.15, -66.3",
        "solution": "single base",
        "misc": "Marco POSGAR07-ITRF2005(2006.632)-SIRGAS",
        "color": "blue",
        "align": "left",
        "bline": "baseline"
      },
      "geometry": {
        "type": "Point",
        "coordinates": [
          -66.3,
          -33.15
        ]
      }
    },
    {
      "type": "Feature",
      "properties": {
        "name": "SMAN-v3.0",
        "identifier": "San Martin de los Andes, Neuquen (SMAN-v3.0)",
        "data_format": "RTCM 3.0",
        "format_details": "1004(1),1006(10),1008(10),1012(1),1013(10),1033(10)",
        "carrier": "L2",
        "nav_system": "GPS+GLO",
        "network": "RAMSAC",
        "country": "ARG",
        "coordinates": "-40.13, -71.22",
        "solution": "single base",
        "misc": "Marco POSGAR07-ITRF2005(2006.632)",
        "color": "blue",
        "align": "left",
        "bline": "baseline"
      },
      "geometry": {
        "type": "Point",
        "coordinates": [
          -71.22,
          -40.13
        ]
      }
    },
    {
      "type": "Feature",
      "properties": {
        "name": "SMAN-v3.2",
        "identifier": "San Martin de los Andes, Neuquen (SMAN-v3.2)",
        "data_format": "RTCM 3.2",
        "format_details": "1004(1),1006(10),1008(10),1012(1),1013(10),1033(10)",
        "carrier": "L2",
        "nav_system": "GPS+GLO",
        "network": "RAMSAC",
        "country": "ARG",
        "coordinates": "-40.13, -71.22",
        "solution": "single base",
        "misc": "Marco POSGAR07-ITRF2005(2006.632)",
        "color": "blue",
        "align": "left",
        "bline": "baseline"
      },
      "geometry": {
        "type": "Point",
        "coordinates": [
          -71.22,
          -40.13
        ]
      }
    },
    {
      "type": "Feature",
      "properties": {
        "name": "SRLP-v2.3",
        "identifier": "Santa Rosa, La Pampa (SRLP-v2.3)",
        "data_format": "RTCM 2.3",
        "format_details": "1(1),3(10),18(1),19(1),22(10)",
        "carrier": "L2",
        "nav_system": "GPS+GLO",
        "network": "RAMSAC",
        "country": "ARG",
        "coordinates": "-36.62, -64.27",
        "solution": "single base",
        "misc": "Marco POSGAR07-ITRF2005(2006.632)-SIRGAS",
        "color": "blue",
        "align": "left",
        "bline": "baseline"
      },
      "geometry": {
        "type": "Point",
        "coordinates": [
          -64.27,
          -36.62
        ]
      }
    },
    {
      "type": "Feature",
      "properties": {
        "name": "SRLP-v3.0",
        "identifier": "Santa Rosa, La Pampa (SRLP-v3.0)",
        "data_format": "RTCM 3.0",
        "format_details": "1004(1),1006(10),1008(10),1012(1),1013(10),1033(10)",
        "carrier": "L2",
        "nav_system": "GPS+GLO",
        "network": "RAMSAC",
        "country": "ARG",
        "coordinates": "-36.62, -64.27",
        "solution": "single base",
        "misc": "Marco POSGAR07-ITRF2005(2006.632)-SIRGAS",
        "color": "blue",
        "align": "left",
        "bline": "baseline"
      },
      "geometry": {
        "type": "Point",
        "coordinates": [
          -64.27,
          -36.62
        ]
      }
    },
    {
      "type": "Feature",
      "properties": {
        "name": "SUAR-v3.0",
        "identifier": "Coronel Suarez, Buenos Aires (SUAR-v3.0)",
        "data_format": "RTCM 3.0",
        "format_details": "1004(1),1006(10),1008(10),1012(1),1033(10),4091(10)",
        "carrier": "L2",
        "nav_system": "GPS+GLO",
        "network": "RAMSAC",
        "country": "ARG",
        "coordinates": "-37.45, -61.92",
        "solution": "single base",
        "misc": "Marco POSGAR07-ITRF2005(2006.632)",
        "color": "blue",
        "align": "left",
        "bline": "baseline"
      },
      "geometry": {
        "type": "Point",
        "coordinates": [
          -61.92,
          -37.45
        ]
      }
    },
    {
      "type": "Feature",
      "properties": {
        "name": "SUAR-v3.2",
        "identifier": "Coronel Suarez, Buenos Aires (SUAR-v3.2)",
        "data_format": "RTCM 3.2",
        "format_details": "1006(10),1008(10),1033(10),1074(1),1084(1),1094(1),1124(1),4091(10)",
        "carrier": "L2",
        "nav_system": "GPS+GLO+GAL+BDS",
        "network": "RAMSAC",
        "country": "ARG",
        "coordinates": "-37.45, -61.92",
        "solution": "single base",
        "misc": "Marco POSGAR07-ITRF2005(2006.632)",
        "color": "blue",
        "align": "left",
        "bline": "baseline"
      },
      "geometry": {
        "type": "Point",
        "coordinates": [
          -61.92,
          -37.45
        ]
      }
    },
    {
      "type": "Feature",
      "properties": {
        "name": "SUR1-v3.0",
        "identifier": "Pinto, Santiago del Estero (SUR1-v3.0)",
        "data_format": "RTCM 3.0",
        "format_details": "1004(1),1006(10),1008(10),1012(1),1013(10),1033(10)",
        "carrier": "L2",
        "nav_system": "GPS+GLO",
        "network": "RAMSAC",
        "country": "ARG",
        "coordinates": "-29.14, -62.65",
        "solution": "single base",
        "misc": "Marco POSGAR07-ITRF2005(2006.632)",
        "color": "blue",
        "align": "left",
        "bline": "baseline"
      },
      "geometry": {
        "type": "Point",
        "coordinates": [
          -62.65,
          -29.14
        ]
      }
    },
    {
      "type": "Feature",
      "properties": {
        "name": "SUR1-v3.2",
        "identifier": "Pinto, Santiago del Estero (SUR1-v3.2)",
        "data_format": "RTCM 3.2",
        "format_details": "1004(1),1006(10),1008(10),1012(1),1013(10),1033(10)",
        "carrier": "L2",
        "nav_system": "GPS+GLO",
        "network": "RAMSAC",
        "country": "ARG",
        "coordinates": "-29.14, -62.65",
        "solution": "single base",
        "misc": "Marco POSGAR07-ITRF2005(2006.632)",
        "color": "blue",
        "align": "left",
        "bline": "baseline"
      },
      "geometry": {
        "type": "Point",
        "coordinates": [
          -62.65,
          -29.14
        ]
      }
    },
    {
      "type": "Feature",
      "properties": {
        "name": "SVIC-v3.0",
        "identifier": "San Vicente, Misiones (SVIC-v3.0)",
        "data_format": "RTCM 3.0",
        "format_details": "1004(1),1006(10),1008(10),1012(1),1013(10),1033(10)",
        "carrier": "L2",
        "nav_system": "GPS+GLO",
        "network": "RAMSAC",
        "country": "ARG",
        "coordinates": "-26.99, -54.49",
        "solution": "single base",
        "misc": "Marco POSGAR07-ITRF2005(2006.632)-SIRGAS",
        "color": "blue",
        "align": "left",
        "bline": "baseline"
      },
      "geometry": {
        "type": "Point",
        "coordinates": [
          -54.49,
          -26.99
        ]
      }
    },
    {
      "type": "Feature",
      "properties": {
        "name": "TAVA-v3.0",
        "identifier": "Tafi del Valle, Tucuman (TAVA-v3.0)",
        "data_format": "RTCM 3.0",
        "format_details": "1004(1),1006(10),1008(10),1012(1),1013(10),1033(10)",
        "carrier": "L2",
        "nav_system": "GPS+GLO",
        "network": "RAMSAC",
        "country": "ARG",
        "coordinates": "-26.85, -65.71",
        "solution": "single base",
        "misc": "Marco POSGAR07-ITRF2005(2006.632)",
        "color": "blue",
        "align": "left",
        "bline": "baseline"
      },
      "geometry": {
        "type": "Point",
        "coordinates": [
          -65.71,
          -26.85
        ]
      }
    },
    {
      "type": "Feature",
      "properties": {
        "name": "TAVA-v3.2",
        "identifier": "Tafi del Valle, Tucuman (TAVA-v3.2)",
        "data_format": "RTCM 3.2",
        "format_details": "1006(10),1008(10),1013(10),1019(10),1020(10),1033(10),1077(1),1087(1),1230(10)",
        "carrier": "L2",
        "nav_system": "GPS+GLO",
        "network": "RAMSAC",
        "country": "ARG",
        "coordinates": "-26.85, -65.71",
        "solution": "single base",
        "misc": "Marco POSGAR07-ITRF2005(2006.632)",
        "color": "blue",
        "align": "left",
        "bline": "baseline"
      },
      "geometry": {
        "type": "Point",
        "coordinates": [
          -65.71,
          -26.85
        ]
      }
    },
    {
      "type": "Feature",
      "properties": {
        "name": "TERO-v3.0",
        "identifier": "Santiago del Estero, Santiago del Estero (TERO-v3.0)",
        "data_format": "RTCM 3.0",
        "format_details": "1004(1),1006(10),1008(10),1012(1),1013(10)",
        "carrier": "L2",
        "nav_system": "GPS+GLO",
        "network": "RAMSAC",
        "country": "ARG",
        "coordinates": "-27.78, -64.25",
        "solution": "single base",
        "misc": "Marco POSGAR07-ITRF2005(2006.632)-SIRGAS",
        "color": "blue",
        "align": "left",
        "bline": "baseline"
      },
      "geometry": {
        "type": "Point",
        "coordinates": [
          -64.25,
          -27.78
        ]
      }
    },
    {
      "type": "Feature",
      "properties": {
        "name": "TGTA-v3.0",
        "identifier": "Tinogasta, Catamarca (TGTA-v3.0)",
        "data_format": "RTCM 3.0",
        "format_details": "1004(1),1006(10),1008(10),1012(1),1013(10),1019(10),1020(10),1033(10),1230(10)",
        "carrier": "L2",
        "nav_system": "GPS+GLO",
        "network": "RAMSAC",
        "country": "ARG",
        "coordinates": "-28.06, -67.56",
        "solution": "single base",
        "misc": "Marco POSGAR07-ITRF2005(2006.632)-SIRGAS",
        "color": "blue",
        "align": "left",
        "bline": "baseline"
      },
      "geometry": {
        "type": "Point",
        "coordinates": [
          -67.56,
          -28.06
        ]
      }
    },
    {
      "type": "Feature",
      "properties": {
        "name": "TGTA-v3.2",
        "identifier": "Tinogasta, Catamarca (TGTA-v3.2)",
        "data_format": "RTCM 3.2",
        "format_details": "1006(10),1008(10),1013(10),1019(10),1020(10),1033(10),1077(1),1087(1),1230(10)",
        "carrier": "L2",
        "nav_system": "GPS+GLO",
        "network": "RAMSAC",
        "country": "ARG",
        "coordinates": "-28.06, -67.56",
        "solution": "single base",
        "misc": "Marco POSGAR07-ITRF2005(2006.632)-SIRGAS",
        "color": "blue",
        "align": "left",
        "bline": "baseline"
      },
      "geometry": {
        "type": "Point",
        "coordinates": [
          -67.56,
          -28.06
        ]
      }
    },
    {
      "type": "Feature",
      "properties": {
        "name": "TILC-v3.0",
        "identifier": "Tilcara, Jujuy (TILC-v3.0)",
        "data_format": "RTCM 3.0",
        "format_details": "1004(1),1006(10),1008(10),1012(1),1013(10),1019(10),1020(10),1033(10)",
        "carrier": "L2",
        "nav_system": "GPS+GLO",
        "network": "RAMSAC",
        "country": "ARG",
        "coordinates": "-23.58, -65.39",
        "solution": "single base",
        "misc": "Marco POSGAR07-ITRF2005(2006.632)",
        "color": "blue",
        "align": "left",
        "bline": "baseline"
      },
      "geometry": {
        "type": "Point",
        "coordinates": [
          -65.39,
          -23.58
        ]
      }
    },
    {
      "type": "Feature",
      "properties": {
        "name": "TILC-v3.2",
        "identifier": "Tilcara, Jujuy (TILC-v3.2)",
        "data_format": "RTCM 3.2",
        "format_details": "1006(10),1008(10),1013(10),1019(10),1020(10),1033(10),1077(1),1087(1),1230(10)",
        "carrier": "L2",
        "nav_system": "GPS+GLO",
        "network": "RAMSAC",
        "country": "ARG",
        "coordinates": "-23.58, -65.39",
        "solution": "single base",
        "misc": "Marco POSGAR07-ITRF2005(2006.632)",
        "color": "blue",
        "align": "left",
        "bline": "baseline"
      },
      "geometry": {
        "type": "Point",
        "coordinates": [
          -65.39,
          -23.58
        ]
      }
    },
    {
      "type": "Feature",
      "properties": {
        "name": "TOSF-v3.0",
        "identifier": "Tostado, Santa Fe (TOSF-v3.0)",
        "data_format": "RTCM 3.0",
        "format_details": "1004(1),1006(10),1008(10),1012(1),1013(10),1033(10),1230(10)",
        "carrier": "L2",
        "nav_system": "GPS+GLO",
        "network": "RAMSAC",
        "country": "ARG",
        "coordinates": "-29.23, -61.77",
        "solution": "single base",
        "misc": "Marco POSGAR07-ITRF2005(2006.632)-SIRGAS",
        "color": "blue",
        "align": "left",
        "bline": "baseline"
      },
      "geometry": {
        "type": "Point",
        "coordinates": [
          -61.77,
          -29.23
        ]
      }
    },
    {
      "type": "Feature",
      "properties": {
        "name": "TOSF-v3.2",
        "identifier": "Tostado, Santa Fe (TOSF-v3.2)",
        "data_format": "RTCM 3.2",
        "format_details": "1006(10),1008(10),1013(10),1033(10),1075(1),1085(1),1230(10)",
        "carrier": "L2",
        "nav_system": "GPS+GLO",
        "network": "RAMSAC",
        "country": "ARG",
        "coordinates": "-29.23, -61.77",
        "solution": "single base",
        "misc": "Marco POSGAR07-ITRF2005(2006.632)-SIRGAS",
        "color": "blue",
        "align": "left",
        "bline": "baseline"
      },
      "geometry": {
        "type": "Point",
        "coordinates": [
          -61.77,
          -29.23
        ]
      }
    },
    {
      "type": "Feature",
      "properties": {
        "name": "TRN1-v3.0",
        "identifier": "Trancas, Tucuman (TRN1-v3.0)",
        "data_format": "RTCM 3.0",
        "format_details": "1004(1),1006(10),1008(10),1012(1),1013(10),1019(10),1020(10),1033(10)",
        "carrier": "L2",
        "nav_system": "GPS+GLO",
        "network": "RAMSAC",
        "country": "ARG",
        "coordinates": "-26.23, -65.28",
        "solution": "single base",
        "misc": "Marco POSGAR07-ITRF2005(2006.632)",
        "color": "blue",
        "align": "left",
        "bline": "baseline"
      },
      "geometry": {
        "type": "Point",
        "coordinates": [
          -65.28,
          -26.23
        ]
      }
    },
    {
      "type": "Feature",
      "properties": {
        "name": "TRN1-v3.2",
        "identifier": "Trancas, Tucuman (TRN1-v3.2)",
        "data_format": "RTCM 3.2",
        "format_details": "1006(10),1008(10),1013(10),1019(10),1020(10),1033(10),1077(1),1087(1),1230(10)",
        "carrier": "L2",
        "nav_system": "GPS+GLO",
        "network": "RAMSAC",
        "country": "ARG",
        "coordinates": "-26.23, -65.28",
        "solution": "single base",
        "misc": "Marco POSGAR07-ITRF2005(2006.632)",
        "color": "blue",
        "align": "left",
        "bline": "baseline"
      },
      "geometry": {
        "type": "Point",
        "coordinates": [
          -65.28,
          -26.23
        ]
      }
    },
    {
      "type": "Feature",
      "properties": {
        "name": "TUC1-v3.0",
        "identifier": "Tucuman, Tucuman (TUC1-v3.0)",
        "data_format": "RTCM 3.0",
        "format_details": "1004(1),1006(10),1008(10),1012(1),1013(10),1033(10),1230(10)",
        "carrier": "L2",
        "nav_system": "GPS+GLO",
        "network": "RAMSAC",
        "country": "ARG",
        "coordinates": "-26.83, -65.18",
        "solution": "single base",
        "misc": "Marco POSGAR07-ITRF2005(2006.632)",
        "color": "blue",
        "align": "left",
        "bline": "baseline"
      },
      "geometry": {
        "type": "Point",
        "coordinates": [
          -65.18,
          -26.83
        ]
      }
    },
    {
      "type": "Feature",
      "properties": {
        "name": "TUC1-v3.2",
        "identifier": "Tucuman, Tucuman (TUC1-v3.2)",
        "data_format": "RTCM 3.2",
        "format_details": "1006(10),1008(10),1013(10),1033(10),1077(1),1087(1),1097(1),1127(1),1230(10)",
        "carrier": "L2",
        "nav_system": "GPS+GLO+GAL+BDS",
        "network": "RAMSAC",
        "country": "ARG",
        "coordinates": "-26.83, -65.18",
        "solution": "single base",
        "misc": "Marco POSGAR07-ITRF2005(2006.632)",
        "color": "blue",
        "align": "left",
        "bline": "baseline"
      },
      "geometry": {
        "type": "Point",
        "coordinates": [
          -65.18,
          -26.83
        ]
      }
    },
    {
      "type": "Feature",
      "properties": {
        "name": "TUCU-v2.3",
        "identifier": "Tucuman, Tucuman (TUCU-v2.3)",
        "data_format": "RTCM 2.3",
        "format_details": "1(1),3(10),18(1),19(1),22(10)",
        "carrier": "L2",
        "nav_system": "GPS+GLO",
        "network": "RAMSAC",
        "country": "ARG",
        "coordinates": "-26.84, -65.23",
        "solution": "single base",
        "misc": "Marco POSGAR07-ITRF2005(2006.632)-SIRGAS",
        "color": "blue",
        "align": "left",
        "bline": "baseline"
      },
      "geometry": {
        "type": "Point",
        "coordinates": [
          -65.23,
          -26.84
        ]
      }
    },
    {
      "type": "Feature",
      "properties": {
        "name": "TUCU-v3.0",
        "identifier": "Tucuman, Tucuman (TUCU-v3.0)",
        "data_format": "RTCM 3.0",
        "format_details": "1004(1),1006(10),1008(10),1012(1),1013(10),1019(10),1020(10),1033(10),1230(10)",
        "carrier": "L2",
        "nav_system": "GPS+GLO",
        "network": "RAMSAC",
        "country": "ARG",
        "coordinates": "-26.84, -65.23",
        "solution": "single base",
        "misc": "Marco POSGAR07-ITRF2005(2006.632)-SIRGAS",
        "color": "blue",
        "align": "left",
        "bline": "baseline"
      },
      "geometry": {
        "type": "Point",
        "coordinates": [
          -65.23,
          -26.84
        ]
      }
    },
    {
      "type": "Feature",
      "properties": {
        "name": "TUCU-v3.2",
        "identifier": "Tucuman, Tucuman (TUCU-v3.2)",
        "data_format": "RTCM 3.2",
        "format_details": "1006(10),1008(10),1013(10),1019(10),1020(10),1033(10),1077(1),1087(1),1230(10)",
        "carrier": "L2",
        "nav_system": "GPS+GLO",
        "network": "RAMSAC",
        "country": "ARG",
        "coordinates": "-26.84, -65.23",
        "solution": "single base",
        "misc": "Marco POSGAR07-ITRF2005(2006.632)-SIRGAS",
        "color": "blue",
        "align": "left",
        "bline": "baseline"
      },
      "geometry": {
        "type": "Point",
        "coordinates": [
          -65.23,
          -26.84
        ]
      }
    },
    {
      "type": "Feature",
      "properties": {
        "name": "UCOR-v3.0",
        "identifier": "Cordoba, Cordoba (UCOR-v3.0)",
        "data_format": "RTCM 3.0",
        "format_details": "1004(1),1006(10),1008(10),1012(1),1013(10),1019(10),1020(10),1033(10),1230(10)",
        "carrier": "L2",
        "nav_system": "GPS+GLO",
        "network": "RAMSAC",
        "country": "ARG",
        "coordinates": "-31.43, -64.18",
        "solution": "single base",
        "misc": "Marco POSGAR07-ITRF2005(2006.632)-SIRGAS",
        "color": "blue",
        "align": "left",
        "bline": "baseline"
      },
      "geometry": {
        "type": "Point",
        "coordinates": [
          -64.18,
          -31.43
        ]
      }
    },
    {
      "type": "Feature",
      "properties": {
        "name": "UCOR-v3.2",
        "identifier": "Cordoba, Cordoba (UCOR-v3.2)",
        "data_format": "RTCM 3.2",
        "format_details": "1006(10),1008(10),1013(10),1019(10),1020(10),1033(10),1074(1),1084(1),1230(10)",
        "carrier": "L2",
        "nav_system": "GPS+GLO",
        "network": "RAMSAC",
        "country": "ARG",
        "coordinates": "-31.43, -64.18",
        "solution": "single base",
        "misc": "Marco POSGAR07-ITRF2005(2006.632)-SIRGAS",
        "color": "blue",
        "align": "left",
        "bline": "baseline"
      },
      "geometry": {
        "type": "Point",
        "coordinates": [
          -64.18,
          -31.43
        ]
      }
    },
    {
      "type": "Feature",
      "properties": {
        "name": "UNPA-v3.0",
        "identifier": "Rio Gallegos, Santa Cruz (UNPA-v3.0)",
        "data_format": "RTCM 3.0",
        "format_details": "1004(1),1006(10),1008(10),1012(1),1013(10),1033(10)",
        "carrier": "L2",
        "nav_system": "GPS+GLO",
        "network": "RAMSAC",
        "country": "ARG",
        "coordinates": "-51.63, -69.2",
        "solution": "single base",
        "misc": "Marco POSGAR07-ITRF2005(2006.632)-SIRGAS",
        "color": "blue",
        "align": "left",
        "bline": "baseline"
      },
      "geometry": {
        "type": "Point",
        "coordinates": [
          -69.2,
          -51.63
        ]
      }
    },
    {
      "type": "Feature",
      "properties": {
        "name": "UNPA-v3.2",
        "identifier": "Rio Gallegos, Santa Cruz (UNPA-v3.2)",
        "data_format": "RTCM 3.2",
        "format_details": "1004(1),1006(10),1008(10),1012(1),1013(10),1033(10)",
        "carrier": "L2",
        "nav_system": "GPS+GLO",
        "network": "RAMSAC",
        "country": "ARG",
        "coordinates": "-51.63, -69.2",
        "solution": "single base",
        "misc": "Marco POSGAR07-ITRF2005(2006.632)-SIRGAS",
        "color": "blue",
        "align": "left",
        "bline": "baseline"
      },
      "geometry": {
        "type": "Point",
        "coordinates": [
          -69.2,
          -51.63
        ]
      }
    },
    {
      "type": "Feature",
      "properties": {
        "name": "UNRO-v2.3",
        "identifier": "Rosario, Santa Fe (UNRO-v2.3)",
        "data_format": "RTCM 2.3",
        "format_details": "1(1),3(10),18(1),19(1),22(10)",
        "carrier": "L2",
        "nav_system": "GPS+GLO",
        "network": "RAMSAC",
        "country": "ARG",
        "coordinates": "-32.96, -60.63",
        "solution": "single base",
        "misc": "Marco POSGAR07-ITRF2005(2006.632)-SIRGAS",
        "color": "blue",
        "align": "left",
        "bline": "baseline"
      },
      "geometry": {
        "type": "Point",
        "coordinates": [
          -60.63,
          -32.96
        ]
      }
    },
    {
      "type": "Feature",
      "properties": {
        "name": "UNRO-v3.0",
        "identifier": "Rosario, Santa Fe (UNRO-v3.0)",
        "data_format": "RTCM 3.0",
        "format_details": "1004(1),1006(10),1008(10),1012(1),1013(10),1019(10),1020(10),1033(10)",
        "carrier": "L2",
        "nav_system": "GPS+GLO",
        "network": "RAMSAC",
        "country": "ARG",
        "coordinates": "-32.96, -60.63",
        "solution": "single base",
        "misc": "Marco POSGAR07-ITRF2005(2006.632)-SIRGAS",
        "color": "blue",
        "align": "left",
        "bline": "baseline"
      },
      "geometry": {
        "type": "Point",
        "coordinates": [
          -60.63,
          -32.96
        ]
      }
    },
    {
      "type": "Feature",
      "properties": {
        "name": "UNSA-v3.0",
        "identifier": "Salta, Salta (UNSA-v3.0)",
        "data_format": "RTCM 3.0",
        "format_details": "1004(1),1006(10),1008(10),1012(1),1033(10)",
        "carrier": "L2",
        "nav_system": "GPS+GLO",
        "network": "RAMSAC",
        "country": "ARG",
        "coordinates": "-24.73, -65.41",
        "solution": "single base",
        "misc": "Marco POSGAR07-ITRF2005(2006.632)-SIRGAS",
        "color": "blue",
        "align": "left",
        "bline": "baseline"
      },
      "geometry": {
        "type": "Point",
        "coordinates": [
          -65.41,
          -24.73
        ]
      }
    },
    {
      "type": "Feature",
      "properties": {
        "name": "UNSA-v3.2",
        "identifier": "Salta, Salta (UNSA-v3.2)",
        "data_format": "RTCM 3.2",
        "format_details": "1006(10),1008(10),1033(10),1077(1),1087(1),1097(1),1127(1)",
        "carrier": "L2",
        "nav_system": "GPS+GLO+GAL+BDS",
        "network": "RAMSAC",
        "country": "ARG",
        "coordinates": "-24.73, -65.41",
        "solution": "single base",
        "misc": "Marco POSGAR07-ITRF2005(2006.632)-SIRGAS",
        "color": "blue",
        "align": "left",
        "bline": "baseline"
      },
      "geometry": {
        "type": "Point",
        "coordinates": [
          -65.41,
          -24.73
        ]
      }
    },
    {
      "type": "Feature",
      "properties": {
        "name": "UNSJ-v3.0",
        "identifier": "San Juan, San Juan (UNSJ-v3.0)",
        "data_format": "RTCM 3.0",
        "format_details": "1004(1),1006(10),1008(10),1012(1),1013(10),1019(10),1020(10),1033(10)",
        "carrier": "L2",
        "nav_system": "GPS+GLO",
        "network": "RAMSAC",
        "country": "ARG",
        "coordinates": "-31.53, -68.57",
        "solution": "single base",
        "misc": "Marco POSGAR07-ITRF2005(2006.632)-SIRGAS",
        "color": "blue",
        "align": "left",
        "bline": "baseline"
      },
      "geometry": {
        "type": "Point",
        "coordinates": [
          -68.57,
          -31.53
        ]
      }
    },
    {
      "type": "Feature",
      "properties": {
        "name": "UYBU-v3.0",
        "identifier": "Bella Union, Artigas (UYBU-v3.0)",
        "data_format": "RTCM 3.0",
        "format_details": "1004(1),1006(10),1008(10),1012(1),1033(10)",
        "carrier": "L2",
        "nav_system": "GPS+GLO",
        "network": "RAMSAC",
        "country": "ARG",
        "coordinates": "-30.25, -57.6",
        "solution": "single base",
        "misc": "Marco POSGAR07-ITRF2005(2006.632)",
        "color": "blue",
        "align": "left",
        "bline": "baseline"
      },
      "geometry": {
        "type": "Point",
        "coordinates": [
          -57.6,
          -30.25
        ]
      }
    },
    {
      "type": "Feature",
      "properties": {
        "name": "UYCO-v3.0",
        "identifier": "Colonia del Sacramento, Colonia (UYCO-v3.0)",
        "data_format": "RTCM 3.0",
        "format_details": "1004(1),1006(10),1008(10),1012(1),1033(10)",
        "carrier": "L2",
        "nav_system": "GPS+GLO",
        "network": "RAMSAC",
        "country": "ARG",
        "coordinates": "-34.46, -57.84",
        "solution": "single base",
        "misc": "Marco POSGAR07-ITRF2005(2006.632)",
        "color": "blue",
        "align": "left",
        "bline": "baseline"
      },
      "geometry": {
        "type": "Point",
        "coordinates": [
          -57.84,
          -34.46
        ]
      }
    },
    {
      "type": "Feature",
      "properties": {
        "name": "UYPA-v3.0",
        "identifier": "Paysandu, Paysandu (UYPA-v3.0)",
        "data_format": "RTCM 3.0",
        "format_details": "1004(1),1006(10),1008(10),1012(1),1033(10)",
        "carrier": "L2",
        "nav_system": "GPS+GLO",
        "network": "RAMSAC",
        "country": "ARG",
        "coordinates": "-32.29, -58.07",
        "solution": "single base",
        "misc": "Marco POSGAR07-ITRF2005(2006.632)",
        "color": "blue",
        "align": "left",
        "bline": "baseline"
      },
      "geometry": {
        "type": "Point",
        "coordinates": [
          -58.07,
          -32.29
        ]
      }
    },
    {
      "type": "Feature",
      "properties": {
        "name": "UYSA-v3.0",
        "identifier": "Salto, Salto (UYSA-v3.0)",
        "data_format": "RTCM 3.0",
        "format_details": "1004(1),1006(10),1008(10),1012(1),1033(10)",
        "carrier": "L2",
        "nav_system": "GPS+GLO",
        "network": "RAMSAC",
        "country": "ARG",
        "coordinates": "-31.38, -57.96",
        "solution": "single base",
        "misc": "Marco POSGAR07-ITRF2005(2006.632)",
        "color": "blue",
        "align": "left",
        "bline": "baseline"
      },
      "geometry": {
        "type": "Point",
        "coordinates": [
          -57.96,
          -31.38
        ]
      }
    },
    {
      "type": "Feature",
      "properties": {
        "name": "UYSO-v3.0",
        "identifier": "Mercedes, Soriano (UYSO-v3.0)",
        "data_format": "RTCM 3.0",
        "format_details": "1004(1),1006(10),1008(10),1012(1),1033(10)",
        "carrier": "L2",
        "nav_system": "GPS+GLO",
        "network": "RAMSAC",
        "country": "ARG",
        "coordinates": "-33.26, -58.01",
        "solution": "single base",
        "misc": "Marco POSGAR07-ITRF2005(2006.632)",
        "color": "blue",
        "align": "left",
        "bline": "baseline"
      },
      "geometry": {
        "type": "Point",
        "coordinates": [
          -58.01,
          -33.26
        ]
      }
    },
    {
      "type": "Feature",
      "properties": {
        "name": "UYTD-v3.0",
        "identifier": "Termas del Arapey, Salto (UYTD-v3.0)",
        "data_format": "RTCM 3.0",
        "format_details": "1004(1),1006(10),1008(10),1012(1),1033(10)",
        "carrier": "L2",
        "nav_system": "GPS+GLO",
        "network": "RAMSAC",
        "country": "ARG",
        "coordinates": "-30.95, -57.52",
        "solution": "single base",
        "misc": "Marco POSGAR07-ITRF2005(2006.632)",
        "color": "blue",
        "align": "left",
        "bline": "baseline"
      },
      "geometry": {
        "type": "Point",
        "coordinates": [
          -57.52,
          -30.95
        ]
      }
    },
    {
      "type": "Feature",
      "properties": {
        "name": "VBCA-v3.0",
        "identifier": "Bahia Blanca, Buenos Aires (VBCA-v3.0)",
        "data_format": "RTCM 3.0",
        "format_details": "1004(1),1006(10),1008(10),1012(1),1013(10),1019(10),1020(10),1033(10)",
        "carrier": "L2",
        "nav_system": "GPS+GLO",
        "network": "RAMSAC",
        "country": "ARG",
        "coordinates": "-38.7, -62.27",
        "solution": "single base",
        "misc": "Marco POSGAR07-ITRF2005(2006.632)-SIRGAS",
        "color": "blue",
        "align": "left",
        "bline": "baseline"
      },
      "geometry": {
        "type": "Point",
        "coordinates": [
          -62.27,
          -38.7
        ]
      }
    },
    {
      "type": "Feature",
      "properties": {
        "name": "VBCA-v3.2",
        "identifier": "Bahia Blanca, Buenos Aires (VBCA-v3.2)",
        "data_format": "RTCM 3.2",
        "format_details": "1004(1),1006(10),1008(10),1012(1),1013(10),1019(10),1020(10),1033(10)",
        "carrier": "L2",
        "nav_system": "GPS+GLO",
        "network": "RAMSAC",
        "country": "ARG",
        "coordinates": "-38.7, -62.27",
        "solution": "single base",
        "misc": "Marco POSGAR07-ITRF2005(2006.632)-SIRGAS",
        "color": "blue",
        "align": "left",
        "bline": "baseline"
      },
      "geometry": {
        "type": "Point",
        "coordinates": [
          -62.27,
          -38.7
        ]
      }
    },
    {
      "type": "Feature",
      "properties": {
        "name": "VCON-v2.3",
        "identifier": "Villa Constitucion, Santa Fe (VCON-v2.3)",
        "data_format": "RTCM 2.3",
        "format_details": "1(1),3(10),18(1),19(1),22(10)",
        "carrier": "L2",
        "nav_system": "GPS+GLO",
        "network": "RAMSAC",
        "country": "ARG",
        "coordinates": "-33.22, -60.32",
        "solution": "single base",
        "misc": "Marco POSGAR07-ITRF2005(2006.632)",
        "color": "blue",
        "align": "left",
        "bline": "baseline"
      },
      "geometry": {
        "type": "Point",
        "coordinates": [
          -60.32,
          -33.22
        ]
      }
    },
    {
      "type": "Feature",
      "properties": {
        "name": "VCON-v3.0",
        "identifier": "Villa Constitucion, Santa Fe (VCON-v3.0)",
        "data_format": "RTCM 3.0",
        "format_details": "1004(1),1006(10),1008(10),1012(1),1013(10),1019(10),1020(10),1033(10),1230(10)",
        "carrier": "L2",
        "nav_system": "GPS+GLO",
        "network": "RAMSAC",
        "country": "ARG",
        "coordinates": "-33.22, -60.32",
        "solution": "single base",
        "misc": "Marco POSGAR07-ITRF2005(2006.632)",
        "color": "blue",
        "align": "left",
        "bline": "baseline"
      },
      "geometry": {
        "type": "Point",
        "coordinates": [
          -60.32,
          -33.22
        ]
      }
    },
    {
      "type": "Feature",
      "properties": {
        "name": "VCON-v3.2",
        "identifier": "Villa Constitucion, Santa Fe (VCON-v3.2)",
        "data_format": "RTCM 3.2",
        "format_details": "1006(10),1008(10),1013(10),1019(10),1033(10),1074(1),1084(1),1230(10)",
        "carrier": "L2",
        "nav_system": "GPS+GLO",
        "network": "RAMSAC",
        "country": "ARG",
        "coordinates": "-33.22, -60.32",
        "solution": "single base",
        "misc": "Marco POSGAR07-ITRF2005(2006.632)",
        "color": "blue",
        "align": "left",
        "bline": "baseline"
      },
      "geometry": {
        "type": "Point",
        "coordinates": [
          -60.32,
          -33.22
        ]
      }
    },
    {
      "type": "Feature",
      "properties": {
        "name": "VIME-v3.0",
        "identifier": "Villa Mercedes, San Luis (VIME-v3.0)",
        "data_format": "RTCM 3.0",
        "format_details": "1004(1),1006(10),1008(10),1012(1),1033(10)",
        "carrier": "L2",
        "nav_system": "GPS+GLO+GAL+BDS",
        "network": "RAMSAC",
        "country": "ARG",
        "coordinates": "-33.64, -65.44",
        "solution": "single base",
        "misc": "Marco POSGAR07-ITRF2005(2006.632)",
        "color": "blue",
        "align": "left",
        "bline": "baseline"
      },
      "geometry": {
        "type": "Point",
        "coordinates": [
          -65.44,
          -33.64
        ]
      }
    },
    {
      "type": "Feature",
      "properties": {
        "name": "VIME-v3.2",
        "identifier": "Villa Mercedes, San Luis (VIME-v3.2)",
        "data_format": "RTCM 3.2",
        "format_details": "1006(10),1008(10),1033(10),1074(1),1084(1),1094(1),1124(1)",
        "carrier": "L2",
        "nav_system": "GPS+GLO+GAL+BDS",
        "network": "RAMSAC",
        "country": "ARG",
        "coordinates": "-33.64, -65.44",
        "solution": "single base",
        "misc": "Marco POSGAR07-ITRF2005(2006.632)",
        "color": "blue",
        "align": "left",
        "bline": "baseline"
      },
      "geometry": {
        "type": "Point",
        "coordinates": [
          -65.44,
          -33.64
        ]
      }
    },
    {
      "type": "Feature",
      "properties": {
        "name": "YEMA-v3.0",
        "identifier": "Laguna Yema, Formosa (YEMA-v3.0)",
        "data_format": "RTCM 3.0",
        "format_details": "1004(1),1006(10),1008(10),1012(1),1013(10),1019(10),1020(10),1033(10)",
        "carrier": "L2",
        "nav_system": "GPS+GLO",
        "network": "RAMSAC",
        "country": "ARG",
        "coordinates": "-24.28, -61.24",
        "solution": "single base",
        "misc": "Marco POSGAR07-ITRF2005(2006.632)-SIRGAS",
        "color": "blue",
        "align": "left",
        "bline": "baseline"
      },
      "geometry": {
        "type": "Point",
        "coordinates": [
          -61.24,
          -24.28
        ]
      }
    },
    {
      "type": "Feature",
      "properties": {
        "name": "YEMA-v3.2",
        "identifier": "Laguna Yema, Formosa (YEMA-v3.2)",
        "data_format": "RTCM 3.2",
        "format_details": "1006(10),1008(10),1013(10),1033(10),1074(1),1084(1),1094(1),1124(1),1230(10)",
        "carrier": "L2",
        "nav_system": "GPS+GLO",
        "network": "RAMSAC",
        "country": "ARG",
        "coordinates": "-24.28, -61.24",
        "solution": "single base",
        "misc": "Marco POSGAR07-ITRF2005(2006.632)-SIRGAS",
        "color": "blue",
        "align": "left",
        "bline": "baseline"
      },
      "geometry": {
        "type": "Point",
        "coordinates": [
          -61.24,
          -24.28
        ]
      }
    },
    {
      "type": "Feature",
      "properties": {
        "name": "ZPLA-v3.0",
        "identifier": "Zapala, Neuquen (ZPLA-v3.0)",
        "data_format": "RTCM 3.0",
        "format_details": "1004(1),1006(10),1008(10),1012(1),1013(10),1033(10)",
        "carrier": "L2",
        "nav_system": "GPS+GLO",
        "network": "RAMSAC",
        "country": "ARG",
        "coordinates": "-38.91, -70.07",
        "solution": "single base",
        "misc": "Marco POSGAR07-ITRF2005(2006.632)-SIRGAS06.632)",
        "color": "blue",
        "align": "left",
        "bline": "baseline"
      },
      "geometry": {
        "type": "Point",
        "coordinates": [
          -70.07,
          -38.91
        ]
      }
    }
  ]
}