{
  "type": "FeatureCollection",
  "crs": {
    "type": "name",
    "properties": {
      "name": "urn:ogc:def:crs:OGC:1.3:CRS84"
    }
  },
  "features": [
    {
      "type": "Feature",
      "properties": {
        "name": "ABMF00GLP0",
        "identifier": "Les-Abymes",
        "data_format": "RTCM 3.3",
        "format_details": "1006(30),1007(30),1008(30),1013(30),1019,1020,1033(30),1042,1045,1046,1074(1),1084(1),1094(1),1104(1),1114(1),1124(1),1230(30)",
        "carrier": "L2",
        "nav_system": "GPS+GLO+GAL+BDS+QZS+SBAS",
        "network": "IGS",
        "country": "GLP",
        "coordinates": "16.26, -61.53",
        "solution": "single base",
        "misc": "rgp-ip.ign.fr:2101/ABMF00GLP7(1)",
        "color": "red",
        "align": "left",
        "bline": "middle"
      },
      "geometry": {
        "type": "Point",
        "coordinates": [
          -61.53,
          16.26
        ]
      }
    },
    {
      "type": "Feature",
      "properties": {
        "name": "ABPO00MDG0",
        "identifier": "Antananarivo",
        "data_format": "RTCM 3.2",
        "format_details": "1076(1)",
        "carrier": "L2",
        "nav_system": "GPS",
        "network": "IGS",
        "country": "MDG",
        "coordinates": "-19.02, 47.23",
        "solution": "single base",
        "misc": "caster.cddis.eosdis.nasa.gov:443/ABPO00MDG0(2)",
        "color": "red",
        "align": "left",
        "bline": "middle"
      },
      "geometry": {
        "type": "Point",
        "coordinates": [
          47.23,
          -19.02
        ]
      }
    },
    {
      "type": "Feature",
      "properties": {
        "name": "AC2300USA0",
        "identifier": "Soldotna",
        "data_format": "RTCM 3.3",
        "format_details": "1005(30),1007(30),1013(1),1019,1020,1033(30),1045,1046,1077(1),1087(1),1097(1),1107(1),1117(1),1127(1),1230(5)",
        "carrier": "L2",
        "nav_system": "GPS+GLO+GAL+BDS+QZS+SBAS",
        "network": "IGS",
        "country": "USA",
        "coordinates": "60.48, -150.88",
        "solution": "single base",
        "misc": "rtgpsout.earthscope.org:2101/AC23_RTCM3(1)",
        "color": "red",
        "align": "left",
        "bline": "middle"
      },
      "geometry": {
        "type": "Point",
        "coordinates": [
          -150.88,
          60.48
        ]
      }
    },
    {
      "type": "Feature",
      "properties": {
        "name": "AC2400USA0",
        "identifier": "King Salmon",
        "data_format": "RTCM 3.3",
        "format_details": "1005(30),1007(30),1013(1),1019,1020,1033(30),1045,1046,1077(1),1087(1),1097(1),1107(1),1117(1),1127(1),1230(5)",
        "carrier": "L2",
        "nav_system": "GPS+GLO+GAL+BDS+QZS+SBAS",
        "network": "IGS",
        "country": "USA",
        "coordinates": "58.68, -156.65",
        "solution": "single base",
        "misc": "rtgpsout.earthscope.org:2101/AC24_RTCM3(1)",
        "color": "red",
        "align": "left",
        "bline": "middle"
      },
      "geometry": {
        "type": "Point",
        "coordinates": [
          -156.65,
          58.68
        ]
      }
    },
    {
      "type": "Feature",
      "properties": {
        "name": "ACRG00GHA0",
        "identifier": "Accra",
        "data_format": "RTCM 3.3",
        "format_details": "1006(10),1007(10),1008(10),1019,1020,1033(10),1045,1046,1077(1),1087(1),1097(1)",
        "carrier": "L2",
        "nav_system": "GPS+GLO+GAL",
        "network": "IGS",
        "country": "GHA",
        "coordinates": "5.64, -0.21",
        "solution": "network",
        "misc": "139.17.3.112:2101/ACRG00GHA(1)",
        "color": "red",
        "align": "left",
        "bline": "middle"
      },
      "geometry": {
        "type": "Point",
        "coordinates": [
          -0.21,
          5.64
        ]
      }
    },
    {
      "type": "Feature",
      "properties": {
        "name": "ACSO00USA0",
        "identifier": "Delaware",
        "data_format": "RTCM 3.3",
        "format_details": "1005(30),1007(30),1013(1),1019,1020,1033(30),1045,1046,1077(1),1087(1),1097(1),1107(1),1127(1),1230(5)",
        "carrier": "L2",
        "nav_system": "GPS+GLO+GAL+BDS+SBAS",
        "network": "IGS",
        "country": "USA",
        "coordinates": "40.23, -82.98",
        "solution": "single base",
        "misc": "rtgpsout.earthscope.org:2101/ACSO_RTCM3(1)",
        "color": "red",
        "align": "left",
        "bline": "middle"
      },
      "geometry": {
        "type": "Point",
        "coordinates": [
          -82.98,
          40.23
        ]
      }
    },
    {
      "type": "Feature",
      "properties": {
        "name": "ADH100ARE0",
        "identifier": "Abu_Dhabi",
        "data_format": "RTCM 3.2",
        "format_details": "1033(1),1074(1),1084(1),1094(1),1124(1)",
        "carrier": "L2",
        "nav_system": "GPS+GLO+GAL+BDS",
        "network": "MISC",
        "country": "ARE",
        "coordinates": "24.38, 54.52",
        "solution": "single base",
        "misc": "FUGRO",
        "color": "red",
        "align": "left",
        "bline": "middle"
      },
      "geometry": {
        "type": "Point",
        "coordinates": [
          54.52,
          24.38
        ]
      }
    },
    {
      "type": "Feature",
      "properties": {
        "name": "ADIS00ETH0",
        "identifier": "Addis_Ababa",
        "data_format": "RTCM 3.0",
        "format_details": "1004(1),1006(9),1007(9),1012(1)",
        "carrier": "L2",
        "nav_system": "GPS+GLO",
        "network": "IGS",
        "country": "ETH",
        "coordinates": "9.04, 38.77",
        "solution": "single base",
        "misc": "Adis Ababa University",
        "color": "red",
        "align": "left",
        "bline": "middle"
      },
      "geometry": {
        "type": "Point",
        "coordinates": [
          38.77,
          9.04
        ]
      }
    },
    {
      "type": "Feature",
      "properties": {
        "name": "ADIS00ETH1",
        "identifier": "A-GPS-Addis_Ababa",
        "data_format": "RTCM 3.1",
        "format_details": "1020",
        "carrier": "L2",
        "nav_system": "GLO",
        "network": "IGS",
        "country": "ETH",
        "coordinates": "9.03, 38.74",
        "solution": "single base",
        "misc": "Adis Abbaba University",
        "color": "red",
        "align": "left",
        "bline": "middle"
      },
      "geometry": {
        "type": "Point",
        "coordinates": [
          38.74,
          9.03
        ]
      }
    },
    {
      "type": "Feature",
      "properties": {
        "name": "AGGO00ARG0",
        "identifier": "Aggo",
        "data_format": "RTCM 3.3",
        "format_details": "1006(1),1019,1020,1033(1),1045,1075(1),1085(1),1095(1),1105(1),1115(1),1125(1),1135(1),1230(1)",
        "carrier": "L2",
        "nav_system": "GPS+GLO+GAL+BDS+QZS+IRS+SBAS",
        "network": "IGS",
        "country": "ARG",
        "coordinates": "-34.87, -58.14",
        "solution": "single base",
        "misc": "BKG",
        "color": "red",
        "align": "left",
        "bline": "middle"
      },
      "geometry": {
        "type": "Point",
        "coordinates": [
          -58.14,
          -34.87
        ]
      }
    },
    {
      "type": "Feature",
      "properties": {
        "name": "AIRA00JPN0",
        "identifier": "Aira",
        "data_format": "RTCM 3.3",
        "format_details": "1019,1020,1044,1045,1046,1077(1),1087(1),1097(1),1117(1)",
        "carrier": "L2",
        "nav_system": "GPS+GLO+GAL+QZS",
        "network": "IGS",
        "country": "JPN",
        "coordinates": "31.82, 130.6",
        "solution": "network",
        "misc": "163.42.5.14:2101/AIRA00JPN0(1)",
        "color": "red",
        "align": "left",
        "bline": "middle"
      },
      "geometry": {
        "type": "Point",
        "coordinates": [
          130.6,
          31.82
        ]
      }
    },
    {
      "type": "Feature",
      "properties": {
        "name": "AJAC00FRA0",
        "identifier": "Ajaccio",
        "data_format": "RTCM 3.3",
        "format_details": "1006(60),1008(60),1013(60),1019,1020,1033(60),1042,1045,1046,1077(1),1087(1),1097(1),1127(1),1230(60)",
        "carrier": "L2",
        "nav_system": "GPS+GLO+GAL+BDS",
        "network": "IGS",
        "country": "FRA",
        "coordinates": "41.93, 8.76",
        "solution": "single base",
        "misc": "rgp-ip.ign.fr:2101/AJAC00FRA7(1)",
        "color": "red",
        "align": "left",
        "bline": "middle"
      },
      "geometry": {
        "type": "Point",
        "coordinates": [
          8.76,
          41.93
        ]
      }
    },
    {
      "type": "Feature",
      "properties": {
        "name": "ALAC00ESP0",
        "identifier": "Alicante",
        "data_format": "RTCM 3.3",
        "format_details": "1006(15),1008(15),1013(60),1019,1020,1033(15),1042,1045,1046,1077(1),1087(1),1097(1),1127(1),1230(15)",
        "carrier": "L2",
        "nav_system": "GPS+GLO+GAL+BDS",
        "network": "IGS",
        "country": "ESP",
        "coordinates": "38.34, -0.48",
        "solution": "single base",
        "misc": "euref-ip.net:2101/ALAC00ESP0",
        "color": "red",
        "align": "left",
        "bline": "middle"
      },
      "geometry": {
        "type": "Point",
        "coordinates": [
          -0.48,
          38.34
        ]
      }
    },
    {
      "type": "Feature",
      "properties": {
        "name": "ALBH00CAN0",
        "identifier": "Albert Head",
        "data_format": "RTCM 3.2",
        "format_details": "1006(10),1008(10),1013(60),1019,1020,1033(10),1077(1),1087(1),1097(1)",
        "carrier": "L2",
        "nav_system": "GPS+GLO+GAL",
        "network": "IGS",
        "country": "CAN",
        "coordinates": "48.39, -123.49",
        "solution": "single base",
        "misc": "rt.cacsb.nrcan.gc.ca:12108/ALBH00CAN0(1)",
        "color": "red",
        "align": "left",
        "bline": "middle"
      },
      "geometry": {
        "type": "Point",
        "coordinates": [
          -123.49,
          48.39
        ]
      }
    },
    {
      "type": "Feature",
      "properties": {
        "name": "ALGO00CAN0",
        "identifier": "Algonquin Park",
        "data_format": "RTCM 3.2",
        "format_details": "1006(10),1008(10),1013(60),1019,1020,1033(10),1077(1),1087(1),1097(1)",
        "carrier": "L2",
        "nav_system": "GPS+GLO+GAL",
        "network": "IGS",
        "country": "CAN",
        "coordinates": "45.96, -78.07",
        "solution": "single base",
        "misc": "rt.cacsb.nrcan.gc.ca:12108/ALGO00CAN0(1)",
        "color": "red",
        "align": "left",
        "bline": "middle"
      },
      "geometry": {
        "type": "Point",
        "coordinates": [
          -78.07,
          45.96
        ]
      }
    },
    {
      "type": "Feature",
      "properties": {
        "name": "ALIC00AUS0",
        "identifier": "Alice_Springs",
        "data_format": "RTCM 3.3",
        "format_details": "1006(10),1013(10),1019,1020,1033(10),1042,1044,1045,1046,1077(1),1087(1),1097(1),1117(1),1127(1),1230(120)",
        "carrier": "L2",
        "nav_system": "GPS+GLO+GAL+BDS+QZS",
        "network": "IGS",
        "country": "AUS",
        "coordinates": "-23.67, 133.89",
        "solution": "single base",
        "misc": "ntrip.data.gnss.ga.gov.au:443/ALIC00AUS0(1)",
        "color": "red",
        "align": "left",
        "bline": "middle"
      },
      "geometry": {
        "type": "Point",
        "coordinates": [
          133.89,
          -23.67
        ]
      }
    },
    {
      "type": "Feature",
      "properties": {
        "name": "ANTC00CHL0",
        "identifier": "Los_Angeles",
        "data_format": "RTCM 3.3",
        "format_details": "1004(1),1006(1),1012(1),1033(1),1045,1046,1074(1),1075(1),1076(1),1077(1),1084(1),1085(1),1086(1),1087(1),1094(1),1095(1),1096(1),1097(1),1104(1),1105(1),1106(1),1107(1),1114(1),1115(1),1116(1),1117(1),1124(1),1125(1),1126(1),1127(1),1134(1),1135(1),1136(1),1137(1),1230(1)",
        "carrier": "L2",
        "nav_system": "GPS+GLO+GAL+BDS+QZS+IRS+SBAS",
        "network": "IGS",
        "country": "CHL",
        "coordinates": "-37.34, -71.53",
        "solution": "single base",
        "misc": "rtgpsout.earthscope.org:2101/ANTC_RTCM3(1)",
        "color": "red",
        "align": "left",
        "bline": "middle"
      },
      "geometry": {
        "type": "Point",
        "coordinates": [
          -71.53,
          -37.34
        ]
      }
    },
    {
      "type": "Feature",
      "properties": {
        "name": "ANTF00CHL0",
        "identifier": "Antofagasta",
        "data_format": "RTCM 3.3",
        "format_details": "1006(1),1008(1),1019,1020,1033(1),1042,1045,1046,1077(1),1087(1),1097(1),1127(1),1230(10)",
        "carrier": "L2",
        "nav_system": "GPS+GLO+GAL+BDS",
        "network": "IGS",
        "country": "CHL",
        "coordinates": "-23.7, -70.42",
        "solution": "single base",
        "misc": "146.83.153.183:2101/ANTF00CHL",
        "color": "red",
        "align": "left",
        "bline": "middle"
      },
      "geometry": {
        "type": "Point",
        "coordinates": [
          -70.42,
          -23.7
        ]
      }
    },
    {
      "type": "Feature",
      "properties": {
        "name": "AREG00PER0",
        "identifier": "Arequipa",
        "data_format": "RTCM 3.3",
        "format_details": "1006(30),1007(30),1008(30),1013(30),1019,1020,1029(30),1033(30),1042,1045,1046,1077(1),1087(1),1097(1),1107(1),1127(1),1230(30)",
        "carrier": "L2",
        "nav_system": "GPS+GLO+GAL+BDS+SBAS",
        "network": "IGS",
        "country": "PER",
        "coordinates": "-16.47, -71.49",
        "solution": "single base",
        "misc": "rgp-ip.ign.fr:2101/AREG00PER0(1)",
        "color": "red",
        "align": "left",
        "bline": "middle"
      },
      "geometry": {
        "type": "Point",
        "coordinates": [
          -71.49,
          -16.47
        ]
      }
    },
    {
      "type": "Feature",
      "properties": {
        "name": "ARHT00ATA0",
        "identifier": "McMurdo Station",
        "data_format": "RTCM 3.2",
        "format_details": "1076(1)",
        "carrier": "L2",
        "nav_system": "GPS",
        "network": "IGS",
        "country": "ATA",
        "coordinates": "-77.83, 166.66",
        "solution": "single base",
        "misc": "caster.cddis.eosdis.nasa.gov:443/ARHT00ATA0(2)",
        "color": "red",
        "align": "left",
        "bline": "middle"
      },
      "geometry": {
        "type": "Point",
        "coordinates": [
          166.66,
          -77.83
        ]
      }
    },
    {
      "type": "Feature",
      "properties": {
        "name": "ARUC00ARM0",
        "identifier": "Aruch-Yerevan",
        "data_format": "RTCM 3.2",
        "format_details": "1076(1)",
        "carrier": "L2",
        "nav_system": "GPS",
        "network": "IGS",
        "country": "ARM",
        "coordinates": "40.17, 44.05",
        "solution": "single base",
        "misc": "caster.cddis.eosdis.nasa.gov:443/ARUC00ARM0(2)",
        "color": "red",
        "align": "left",
        "bline": "middle"
      },
      "geometry": {
        "type": "Point",
        "coordinates": [
          44.05,
          40.17
        ]
      }
    },
    {
      "type": "Feature",
      "properties": {
        "name": "ASCG00SHN0",
        "identifier": "Ascension Island",
        "data_format": "RTCM 3.3",
        "format_details": "1006(10),1013(10),1019,1020,1033(10),1042,1045,1046,1077(1),1087(1),1097(1),1127(1),1230(10),4094(10)",
        "carrier": "L2",
        "nav_system": "GPS+GLO+GAL+BDS",
        "network": "IGS",
        "country": "SHN",
        "coordinates": "-7.92, -14.33",
        "solution": "single base",
        "misc": "rgp-ip.ign.fr:2101/ASCG00SHN0(1)",
        "color": "red",
        "align": "left",
        "bline": "middle"
      },
      "geometry": {
        "type": "Point",
        "coordinates": [
          -14.33,
          -7.92
        ]
      }
    },
    {
      "type": "Feature",
      "properties": {
        "name": "AUCK00NZL0",
        "identifier": "Auckland",
        "data_format": "RTCM 3.3",
        "format_details": "1006(10),1013(10),1019,1020,1033(10),1042,1044,1045,1046,1074(1),1084(1),1094(1),1114(1),1124(1),1230(10)",
        "carrier": "L2",
        "nav_system": "GPS+GLO+GAL+BDS+QZS",
        "network": "IGS",
        "country": "NZL",
        "coordinates": "-36.6, 174.83",
        "solution": "single base",
        "misc": "cgps-streaming.geonet.org.nz:8888/AUCK_RTCM(1)",
        "color": "red",
        "align": "left",
        "bline": "middle"
      },
      "geometry": {
        "type": "Point",
        "coordinates": [
          174.83,
          -36.6
        ]
      }
    },
    {
      "type": "Feature",
      "properties": {
        "name": "BAIE00CAN0",
        "identifier": "Baie-Comeau",
        "data_format": "RTCM 3.2",
        "format_details": "1006(10),1008(10),1013(10),1019,1020,1033(10),1077(1),1087(1)",
        "carrier": "L2",
        "nav_system": "GPS+GLO",
        "network": "IGS",
        "country": "CAN",
        "coordinates": "49.19, -68.26",
        "solution": "single base",
        "misc": "rt.cacsb.nrcan.gc.ca:12108/BAIE00CAN0(1)",
        "color": "red",
        "align": "left",
        "bline": "middle"
      },
      "geometry": {
        "type": "Point",
        "coordinates": [
          -68.26,
          49.19
        ]
      }
    },
    {
      "type": "Feature",
      "properties": {
        "name": "BAKE00CAN0",
        "identifier": "Baker-Lake",
        "data_format": "RTCM 3.2",
        "format_details": "1006(10),1008(10),1013(60),1019,1020,1033(10),1077(1),1087(1),1097(1)",
        "carrier": "L2",
        "nav_system": "GPS+GLO+GAL",
        "network": "IGS",
        "country": "CAN",
        "coordinates": "64.32, -96.0",
        "solution": "single base",
        "misc": "rt.cacsb.nrcan.gc.ca:12108/BAKE00CAN0(1)",
        "color": "red",
        "align": "left",
        "bline": "middle"
      },
      "geometry": {
        "type": "Point",
        "coordinates": [
          -96.0,
          64.32
        ]
      }
    },
    {
      "type": "Feature",
      "properties": {
        "name": "BAKO00IDN0",
        "identifier": "Bakosurtanal",
        "data_format": "RTCM 3.3",
        "format_details": "1006(15),1008(15),1013(60),1019,1020,1033(15),1042,1044,1045,1046,1077(1),1087(1),1097(1),1117(1),1127(1),1230(15)",
        "carrier": "L2",
        "nav_system": "GPS+GLO+GAL+BDS+QZS",
        "network": "IGS",
        "country": "IDN",
        "coordinates": "-6.49, 106.85",
        "solution": "single base",
        "misc": "ntrip.data.gnss.ga.gov.au:443/BAKO00IDN0(1)",
        "color": "red",
        "align": "left",
        "bline": "middle"
      },
      "geometry": {
        "type": "Point",
        "coordinates": [
          106.85,
          -6.49
        ]
      }
    },
    {
      "type": "Feature",
      "properties": {
        "name": "BAUT00DEU0",
        "identifier": "Bautzen",
        "data_format": "RTCM 3.3",
        "format_details": "1006(30),1008(30),1019,1020,1033(30),1042,1045,1046,1077(1),1087(1),1097(1),1127(1),1230(60)",
        "carrier": "L2",
        "nav_system": "GPS+GLO+GAL+BDS",
        "network": "IGS",
        "country": "DEU",
        "coordinates": "51.19, 14.52",
        "solution": "single base",
        "misc": "gref-ip.de:2101/BAUT00DEU0(1)",
        "color": "red",
        "align": "left",
        "bline": "middle"
      },
      "geometry": {
        "type": "Point",
        "coordinates": [
          14.52,
          51.19
        ]
      }
    },
    {
      "type": "Feature",
      "properties": {
        "name": "BELE00BRA0",
        "identifier": "Belem",
        "data_format": "RTCM 3.1",
        "format_details": "1004(1),1006(10),1008(10),1012(1),1013(10),1019,1020,1033(10)",
        "carrier": "L2",
        "nav_system": "GPS+GLO",
        "network": "IGS",
        "country": "BRA",
        "coordinates": "-1.41, -48.46",
        "solution": "single base",
        "misc": "gps-ntrip.ibge.gov.br:2101/BELE0(1)",
        "color": "red",
        "align": "left",
        "bline": "middle"
      },
      "geometry": {
        "type": "Point",
        "coordinates": [
          -48.46,
          -1.41
        ]
      }
    },
    {
      "type": "Feature",
      "properties": {
        "name": "BIK000KGZ0",
        "identifier": "Bishkek",
        "data_format": "RTCM 3.3",
        "format_details": "1006(1),1019,1020,1033(1),1045,1046,1077(1),1087(1),1097(1),1107(1),1117(1),1127(1),1137(1),1230(1)",
        "carrier": "L2",
        "nav_system": "GPS+GLO+GAL+BDS+QZS+IRS+SBAS",
        "network": "IGS",
        "country": "KGZ",
        "coordinates": "42.85, 74.53",
        "solution": "network",
        "misc": "GFZ",
        "color": "red",
        "align": "left",
        "bline": "middle"
      },
      "geometry": {
        "type": "Point",
        "coordinates": [
          74.53,
          42.85
        ]
      }
    },
    {
      "type": "Feature",
      "properties": {
        "name": "BILL00USA0",
        "identifier": "Temecula",
        "data_format": "RTCM 3.3",
        "format_details": "1005(30),1007(30),1013(1),1019,1020,1033(30),1045,1046,1077(1),1087(1),1097(1),1107(1),1127(1),1230(5)",
        "carrier": "L2",
        "nav_system": "GPS+GLO+GAL+BDS+SBAS",
        "network": "IGS",
        "country": "USA",
        "coordinates": "33.58, -117.06",
        "solution": "single base",
        "misc": "rtgpsout.earthscope.org:2101/BILL_RTCM3",
        "color": "red",
        "align": "left",
        "bline": "middle"
      },
      "geometry": {
        "type": "Point",
        "coordinates": [
          -117.06,
          33.58
        ]
      }
    },
    {
      "type": "Feature",
      "properties": {
        "name": "BLYT00USA0",
        "identifier": "Blythe",
        "data_format": "RTCM 3.3",
        "format_details": "1005(30),1007(30),1013(1),1019,1020,1033(30),1045,1046,1077(1),1087(1),1097(1),1107(1),1127(1),1230(5)",
        "carrier": "L2",
        "nav_system": "GPS+GLO+GAL+BDS+SBAS",
        "network": "IGS",
        "country": "USA",
        "coordinates": "33.61, -114.71",
        "solution": "single base",
        "misc": "rtgpsout.earthscope.org:2101/BLYT_RTCM3",
        "color": "red",
        "align": "left",
        "bline": "middle"
      },
      "geometry": {
        "type": "Point",
        "coordinates": [
          -114.71,
          33.61
        ]
      }
    },
    {
      "type": "Feature",
      "properties": {
        "name": "BOAV00BRA0",
        "identifier": "Boa Vista",
        "data_format": "RTCM 3.3",
        "format_details": "1006(10),1008(10),1013(10),1019,1020,1033(10),1042,1045,1046,1077(1),1087(1),1097(1),1127(1),1230(10)",
        "carrier": "L2",
        "nav_system": "GPS+GLO+GAL+BDS",
        "network": "IGS",
        "country": "BRA",
        "coordinates": "2.85, -60.7",
        "solution": "single base",
        "misc": "gps-ntrip.ibge.gov.br:2101/BOAV0(1)",
        "color": "red",
        "align": "left",
        "bline": "middle"
      },
      "geometry": {
        "type": "Point",
        "coordinates": [
          -60.7,
          2.85
        ]
      }
    },
    {
      "type": "Feature",
      "properties": {
        "name": "BOGI00POL0",
        "identifier": "Borowa_Gora",
        "data_format": "RTCM 3.1",
        "format_details": "1004(1),1012(1),1019,1020",
        "carrier": "L2",
        "nav_system": "GPS+GLO",
        "network": "IGS",
        "country": "POL",
        "coordinates": "52.47, 21.04",
        "solution": "single base",
        "misc": "euref-ip.net:2101/BOGI00POL0(1)",
        "color": "red",
        "align": "left",
        "bline": "middle"
      },
      "geometry": {
        "type": "Point",
        "coordinates": [
          21.04,
          52.47
        ]
      }
    },
    {
      "type": "Feature",
      "properties": {
        "name": "BOGT00COL0",
        "identifier": "Bogota",
        "data_format": "RTCM 3.2",
        "format_details": "1076(1)",
        "carrier": "L2",
        "nav_system": "GPS",
        "network": "IGS",
        "country": "COL",
        "coordinates": "4.64, -74.08",
        "solution": "single base",
        "misc": "caster.cddis.eosdis.nasa.gov:443/BOGT00COL0(2)",
        "color": "red",
        "align": "left",
        "bline": "middle"
      },
      "geometry": {
        "type": "Point",
        "coordinates": [
          -74.08,
          4.64
        ]
      }
    },
    {
      "type": "Feature",
      "properties": {
        "name": "BOR100POL0",
        "identifier": "Borowiec",
        "data_format": "RTCM 2.3",
        "format_details": "1(1),3(10),18(1),19(1),22(10)",
        "carrier": "L2",
        "nav_system": "GPS",
        "network": "IGS",
        "country": "POL",
        "coordinates": "52.28, 17.07",
        "solution": "single base",
        "misc": "euref-ip.net:2101/BOR100POL0(1)",
        "color": "red",
        "align": "left",
        "bline": "middle"
      },
      "geometry": {
        "type": "Point",
        "coordinates": [
          17.07,
          52.28
        ]
      }
    },
    {
      "type": "Feature",
      "properties": {
        "name": "BRAZ00BRA0",
        "identifier": "Brasilia",
        "data_format": "RTCM 3.3",
        "format_details": "1006(15),1008(15),1013(60),1019,1020,1033(15),1045,1046,1077(1),1087(1),1097(1),1127(1),1230(15)",
        "carrier": "L2",
        "nav_system": "GPS+GLO+GAL+BDS",
        "network": "IGS",
        "country": "BRA",
        "coordinates": "-15.95, -47.88",
        "solution": "single base",
        "misc": "gps-ntrip.ibge.gov.br:2101/BRAZ0(1)",
        "color": "red",
        "align": "left",
        "bline": "middle"
      },
      "geometry": {
        "type": "Point",
        "coordinates": [
          -47.88,
          -15.95
        ]
      }
    },
    {
      "type": "Feature",
      "properties": {
        "name": "BREW00USA0",
        "identifier": "Brewster",
        "data_format": "RTCM 3.2",
        "format_details": "1076(1)",
        "carrier": "L2",
        "nav_system": "GPS",
        "network": "IGS",
        "country": "USA",
        "coordinates": "48.13, -119.68",
        "solution": "single base",
        "misc": "caster.cddis.eosdis.nasa.gov:443/BREW00USA0(2)",
        "color": "red",
        "align": "left",
        "bline": "middle"
      },
      "geometry": {
        "type": "Point",
        "coordinates": [
          -119.68,
          48.13
        ]
      }
    },
    {
      "type": "Feature",
      "properties": {
        "name": "BRMG00DEU0",
        "identifier": "Bremgarten",
        "data_format": "RTCM 3.3",
        "format_details": "1006(30),1008(30),1019,1020,1033(30),1042,1045,1046,1077(1),1087(1),1097(1),1127(1),1230(60)",
        "carrier": "L2",
        "nav_system": "GPS+GLO+GAL+BDS",
        "network": "IGS",
        "country": "DEU",
        "coordinates": "47.91, 7.63",
        "solution": "single base",
        "misc": "gref-ip.de:2101/BRMG00DEU0",
        "color": "red",
        "align": "left",
        "bline": "middle"
      },
      "geometry": {
        "type": "Point",
        "coordinates": [
          7.63,
          47.91
        ]
      }
    },
    {
      "type": "Feature",
      "properties": {
        "name": "BRST00FRA0",
        "identifier": "Brest",
        "data_format": "RTCM 3.3",
        "format_details": "1006(10),1013(10),1019,1020,1033(10),1042,1045,1046,1077(1),1087(1),1097(1),1127(1),1230(10),4094(10)",
        "carrier": "L2",
        "nav_system": "GPS+GLO+GAL+BDS",
        "network": "IGS",
        "country": "FRA",
        "coordinates": "48.38, -4.5",
        "solution": "single base",
        "misc": "rgp-ip.ign.fr:2101/BRST00FRA7(1)",
        "color": "red",
        "align": "left",
        "bline": "middle"
      },
      "geometry": {
        "type": "Point",
        "coordinates": [
          -4.5,
          48.38
        ]
      }
    },
    {
      "type": "Feature",
      "properties": {
        "name": "BRUX00BEL0",
        "identifier": "Brussels",
        "data_format": "RTCM 3.3",
        "format_details": "1006(10),1008(10),1013(1),1019,1020,1029(10),1033(10),1042,1044,1045,1046,1077(1),1087(1),1097(1),1107(1),1117(1),1127(1),1230(1)",
        "carrier": "L2",
        "nav_system": "GPS+GLO+GAL+BDS+QZS+SBAS",
        "network": "IGS",
        "country": "BEL",
        "coordinates": "50.8, 4.36",
        "solution": "single base",
        "misc": "ROB",
        "color": "red",
        "align": "left",
        "bline": "middle"
      },
      "geometry": {
        "type": "Point",
        "coordinates": [
          4.36,
          50.8
        ]
      }
    },
    {
      "type": "Feature",
      "properties": {
        "name": "BSHM00ISR0",
        "identifier": "Haifa",
        "data_format": "RTCM 3.2",
        "format_details": "1076(1)",
        "carrier": "L2",
        "nav_system": "GPS",
        "network": "IGS",
        "country": "ISR",
        "coordinates": "32.78, 35.02",
        "solution": "single base",
        "misc": "caster.cddis.eosdis.nasa.gov:443/BSHM00ISR0(2)",
        "color": "red",
        "align": "left",
        "bline": "middle"
      },
      "geometry": {
        "type": "Point",
        "coordinates": [
          35.02,
          32.78
        ]
      }
    },
    {
      "type": "Feature",
      "properties": {
        "name": "BUCU00ROU0",
        "identifier": "Bucharest",
        "data_format": "RTCM 3.3",
        "format_details": "1006(15),1008(15),1013(60),1019,1020,1033(15),1042,1045,1046,1075(1),1085(1),1095(1),1125(1),1230(15)",
        "carrier": "L2",
        "nav_system": "GPS+GLO+GAL+BDS",
        "network": "IGS",
        "country": "ROU",
        "coordinates": "44.46, 26.13",
        "solution": "single base",
        "misc": "euref-ip.net:2101/BUCU00ROU0(1)",
        "color": "red",
        "align": "left",
        "bline": "middle"
      },
      "geometry": {
        "type": "Point",
        "coordinates": [
          26.13,
          44.46
        ]
      }
    },
    {
      "type": "Feature",
      "properties": {
        "name": "BZR200ITA0",
        "identifier": "Bolzano Bozen",
        "data_format": "RTCM 3.3",
        "format_details": "1006(5),1008(5),1013(5),1019,1020,1033(5),1042,1045,1075(1),1085(1),1095(1),1125(1),1230(5)",
        "carrier": "L2",
        "nav_system": "GPS+GLO+GAL+BDS",
        "network": "IGS",
        "country": "ITA",
        "coordinates": "46.5, 11.34",
        "solution": "single base",
        "misc": "euref-ip.net:2101/BZR200ITA0(2)",
        "color": "red",
        "align": "left",
        "bline": "middle"
      },
      "geometry": {
        "type": "Point",
        "coordinates": [
          11.34,
          46.5
        ]
      }
    },
    {
      "type": "Feature",
      "properties": {
        "name": "CACE00ESP0",
        "identifier": "Caceres",
        "data_format": "RTCM 3.3",
        "format_details": "1006(15),1008(15),1013(60),1019,1020,1033(15),1042,1045,1046,1077(1),1087(1),1097(1),1127(1),1230(15)",
        "carrier": "L2",
        "nav_system": "GPS+GLO+GAL+BDS",
        "network": "IGS",
        "country": "ESP",
        "coordinates": "39.48, -6.34",
        "solution": "single base",
        "misc": "euref-ip.net:2101/CACE00ESP0",
        "color": "red",
        "align": "left",
        "bline": "middle"
      },
      "geometry": {
        "type": "Point",
        "coordinates": [
          -6.34,
          39.48
        ]
      }
    },
    {
      "type": "Feature",
      "properties": {
        "name": "CANT00ESP0",
        "identifier": "Cantabria",
        "data_format": "RTCM 3.3",
        "format_details": "1006(15),1008(15),1013(30),1019,1020,1033(15),1042,1045,1046,1075(1),1085(1),1095(1),1125(1),1230(15)",
        "carrier": "L2",
        "nav_system": "GPS+GLO+GAL+BDS",
        "network": "IGS",
        "country": "ESP",
        "coordinates": "43.47, -3.8",
        "solution": "single base",
        "misc": "euref-ip.net:2101/CANT00ESP0",
        "color": "red",
        "align": "left",
        "bline": "middle"
      },
      "geometry": {
        "type": "Point",
        "coordinates": [
          -3.8,
          43.47
        ]
      }
    },
    {
      "type": "Feature",
      "properties": {
        "name": "CAS100ATA0",
        "identifier": "Casey_Station",
        "data_format": "RTCM 3.3",
        "format_details": "1006(10),1008(10),1013(10),1019,1020,1033(10),1042,1044,1045,1046,1077(1),1087(1),1097(1),1117(1),1127(1),1230(10)",
        "carrier": "L2",
        "nav_system": "GPS+GLO+GAL+BDS+QZS",
        "network": "IGS",
        "country": "ATA",
        "coordinates": "-66.28, 110.52",
        "solution": "single base",
        "misc": "ntrip.data.gnss.ga.gov.au:443/CAS100ATA0(1)",
        "color": "red",
        "align": "left",
        "bline": "middle"
      },
      "geometry": {
        "type": "Point",
        "coordinates": [
          110.52,
          -66.28
        ]
      }
    },
    {
      "type": "Feature",
      "properties": {
        "name": "CASC00PRT0",
        "identifier": "Cascais",
        "data_format": "RTCM 3.2",
        "format_details": "1006(5),1008(5),1013(60),1033(5),1075(1),1085(1),1095(1),1125(1)",
        "carrier": "L2",
        "nav_system": "GPS+GLO+GAL+BDS",
        "network": "IGS",
        "country": "PRT",
        "coordinates": "38.69, -9.42",
        "solution": "single base",
        "misc": "euref-ip.net:2101/CASC00PRT0",
        "color": "red",
        "align": "left",
        "bline": "middle"
      },
      "geometry": {
        "type": "Point",
        "coordinates": [
          -9.42,
          38.69
        ]
      }
    },
    {
      "type": "Feature",
      "properties": {
        "name": "CCJ200JPN0",
        "identifier": "Ogasawara",
        "data_format": "RTCM 3.3",
        "format_details": "1019,1020,1044,1045,1046,1077(1),1087(1),1097(1),1117(1)",
        "carrier": "L2",
        "nav_system": "GPS+GLO+GAL+QZS",
        "network": "IGS",
        "country": "JPN",
        "coordinates": "27.07, 142.2",
        "solution": "network",
        "misc": "163.42.5.14:2101/CCJ200JPN0(1)",
        "color": "red",
        "align": "left",
        "bline": "middle"
      },
      "geometry": {
        "type": "Point",
        "coordinates": [
          142.2,
          27.07
        ]
      }
    },
    {
      "type": "Feature",
      "properties": {
        "name": "CEBR00ESP0",
        "identifier": "Cebreros",
        "data_format": "RTCM 3.2",
        "format_details": "1006(60),1013(60),1019,1033(60),1077(1)",
        "carrier": "No info",
        "nav_system": "GPS",
        "network": "IGS",
        "country": "ESP",
        "coordinates": "40.45, -4.37",
        "solution": "network",
        "misc": "navrelayvm1.esoc.ops.esa.int:2101/CEBR00ESP1(1)",
        "color": "red",
        "align": "left",
        "bline": "middle"
      },
      "geometry": {
        "type": "Point",
        "coordinates": [
          -4.37,
          40.45
        ]
      }
    },
    {
      "type": "Feature",
      "properties": {
        "name": "CEDU00AUS0",
        "identifier": "Ceduna",
        "data_format": "RTCM 3.3",
        "format_details": "1006(10),1013(10),1019,1020,1033(10),1042,1044,1045,1046,1077(1),1087(1),1097(1),1117(1),1127(1),1230(10)",
        "carrier": "L2",
        "nav_system": "GPS+GLO+GAL+BDS+QZS",
        "network": "IGS",
        "country": "AUS",
        "coordinates": "-31.87, 133.81",
        "solution": "single base",
        "misc": "ntrip.data.gnss.ga.gov.au:443/CEDU00AUS0(1)",
        "color": "red",
        "align": "left",
        "bline": "middle"
      },
      "geometry": {
        "type": "Point",
        "coordinates": [
          133.81,
          -31.87
        ]
      }
    },
    {
      "type": "Feature",
      "properties": {
        "name": "CEEU00BRA0",
        "identifier": "Euzebio",
        "data_format": "RTCM 3.3",
        "format_details": "1006(2),1008(2),1019,1020,1033(2),1042,1045,1046,1077(1),1087(1),1097(1),1107(1),1127(1),1230(1)",
        "carrier": "L2",
        "nav_system": "GPS+GLO+GAL+BDS+SBAS",
        "network": "MISC",
        "country": "BRA",
        "coordinates": "-3.88, -38.43",
        "solution": "single base",
        "misc": "gps-ntrip.ibge.gov.br:2101/CEEU0(1)",
        "color": "red",
        "align": "left",
        "bline": "middle"
      },
      "geometry": {
        "type": "Point",
        "coordinates": [
          -38.43,
          -3.88
        ]
      }
    },
    {
      "type": "Feature",
      "properties": {
        "name": "CHIL00USA0",
        "identifier": "San Gabriel Mountains",
        "data_format": "RTCM 3.3",
        "format_details": "1005(30),1007(30),1013(1),1019,1029,1033(30),1077(1),1087(1),1097(1),1107(1),1230(5)",
        "carrier": "L2",
        "nav_system": "GPS+GLO+GAL+SBAS",
        "network": "IGS",
        "country": "USA",
        "coordinates": "34.33, -118.03",
        "solution": "single base",
        "misc": "rtgpsout.earthscope.org:2101/CHIL_RTCM3",
        "color": "red",
        "align": "left",
        "bline": "middle"
      },
      "geometry": {
        "type": "Point",
        "coordinates": [
          -118.03,
          34.33
        ]
      }
    },
    {
      "type": "Feature",
      "properties": {
        "name": "CHPG00BRA0",
        "identifier": "Cachoera",
        "data_format": "RTCM 3.3",
        "format_details": "1006(73),1013(17),1019,1020,1033(23),1042,1045,1046,1077(1),1087(1),1097(1),1127(1),1230(73)",
        "carrier": "L2",
        "nav_system": "GPS+GLO+GAL+BDS",
        "network": "IGS",
        "country": "BRA",
        "coordinates": "-22.68, -45.0",
        "solution": "single base",
        "misc": "rgp-ip.ign.fr:2101/CHPG00BRA0(1)",
        "color": "red",
        "align": "left",
        "bline": "middle"
      },
      "geometry": {
        "type": "Point",
        "coordinates": [
          -45.0,
          -22.68
        ]
      }
    },
    {
      "type": "Feature",
      "properties": {
        "name": "CHPI00BRA0",
        "identifier": "Cachoeira Paulista",
        "data_format": "RTCM 3.2",
        "format_details": "1076(1)",
        "carrier": "L2",
        "nav_system": "GPS",
        "network": "IGS",
        "country": "BRA",
        "coordinates": "-22.69, -44.99",
        "solution": "single base",
        "misc": "caster.cddis.eosdis.nasa.gov:443/CHPI00BRA0(2)",
        "color": "red",
        "align": "left",
        "bline": "middle"
      },
      "geometry": {
        "type": "Point",
        "coordinates": [
          -44.99,
          -22.69
        ]
      }
    },
    {
      "type": "Feature",
      "properties": {
        "name": "CHTI00NZL0",
        "identifier": "Chatham_Island_North",
        "data_format": "RTCM 3.3",
        "format_details": "1006(10),1013(10),1019,1020,1033(10),1042,1044,1045,1046,1074(1),1084(1),1094(1),1114(1),1124(1),1230(10)",
        "carrier": "L2",
        "nav_system": "GPS+GLO+GAL+BDS+QZS",
        "network": "IGS",
        "country": "NZL",
        "coordinates": "-43.74, -176.62",
        "solution": "single base",
        "misc": "positionz-rt.linz.govt.nz:8888/CHTI_RTCM-MSM(1)",
        "color": "red",
        "align": "left",
        "bline": "middle"
      },
      "geometry": {
        "type": "Point",
        "coordinates": [
          -176.62,
          -43.74
        ]
      }
    },
    {
      "type": "Feature",
      "properties": {
        "name": "CHUR00CAN0",
        "identifier": "Churchill",
        "data_format": "RTCM 3.2",
        "format_details": "1006(10),1008(10),1013(60),1019,1020,1033(10),1077(1),1087(1),1097(1)",
        "carrier": "L2",
        "nav_system": "GPS+GLO+GAL",
        "network": "IGS",
        "country": "CAN",
        "coordinates": "58.76, -94.09",
        "solution": "single base",
        "misc": "rt.cacsb.nrcan.gc.ca:12108/CHUR00CAN0(1)",
        "color": "red",
        "align": "left",
        "bline": "middle"
      },
      "geometry": {
        "type": "Point",
        "coordinates": [
          -94.09,
          58.76
        ]
      }
    },
    {
      "type": "Feature",
      "properties": {
        "name": "CIBG00IDN0",
        "identifier": "Cibinong",
        "data_format": "RTCM 3.3",
        "format_details": "1006(10),1013(10),1019,1020,1033(10),1041,1042,1044,1045,1046,1077(1),1087(1),1097(1),1117(1),1127(1),1137(1),1230(10)",
        "carrier": "L2",
        "nav_system": "GPS+GLO+GAL+BDS+QZS+IRS",
        "network": "IGS",
        "country": "IDN",
        "coordinates": "-6.49, 106.85",
        "solution": "single base",
        "misc": "rgp-ip.ign.fr:2101/CIBG00IDN0(1)",
        "color": "red",
        "align": "left",
        "bline": "middle"
      },
      "geometry": {
        "type": "Point",
        "coordinates": [
          106.85,
          -6.49
        ]
      }
    },
    {
      "type": "Feature",
      "properties": {
        "name": "CIQE00CRI0",
        "identifier": "Ciudad-Quesada",
        "data_format": "RTCM 3.2",
        "format_details": "1006(10),1013(10),1033(10),1074(1),1084(1),1094(1),1124(1),1230(10)",
        "carrier": "L2",
        "nav_system": "GPS+GLO+GAL+BDS",
        "network": "MISC",
        "country": "CRI",
        "coordinates": "10.32, -84.43",
        "solution": "single base",
        "misc": "igncaster.snitcr.go.cr:2101/CIQE3",
        "color": "red",
        "align": "left",
        "bline": "middle"
      },
      "geometry": {
        "type": "Point",
        "coordinates": [
          -84.43,
          10.32
        ]
      }
    },
    {
      "type": "Feature",
      "properties": {
        "name": "CIT100USA0",
        "identifier": "Pasadena",
        "data_format": "RTCM 3.3",
        "format_details": "1005(30),1007(30),1013(1),1019,1020,1033(30),1077(1),1087(1),1107(1),1230(5)",
        "carrier": "L2",
        "nav_system": "GPS+GLO+SBAS",
        "network": "IGS",
        "country": "USA",
        "coordinates": "34.14, -118.13",
        "solution": "single base",
        "misc": "rtgpsout.earthscope.org:2101/CIT1_RTCM3",
        "color": "red",
        "align": "left",
        "bline": "middle"
      },
      "geometry": {
        "type": "Point",
        "coordinates": [
          -118.13,
          34.14
        ]
      }
    },
    {
      "type": "Feature",
      "properties": {
        "name": "CKIS00COK0",
        "identifier": "Rarotonga",
        "data_format": "RTCM 3.3",
        "format_details": "1006(10),1013(10),1019,1020,1033(10),1042,1044,1045,1046,1077(1),1087(1),1097(1),1117(1),1127(1),1230(10)",
        "carrier": "L2",
        "nav_system": "GPS+GLO+GAL+BDS+QZS",
        "network": "IGS",
        "country": "COK",
        "coordinates": "-21.2, -159.8",
        "solution": "single base",
        "misc": "ntrip.data.gnss.ga.gov.au:443/CKIS00COK0(1)",
        "color": "red",
        "align": "left",
        "bline": "middle"
      },
      "geometry": {
        "type": "Point",
        "coordinates": [
          -159.8,
          -21.2
        ]
      }
    },
    {
      "type": "Feature",
      "properties": {
        "name": "CMP900USA0",
        "identifier": "Sylmar",
        "data_format": "RTCM 3.3",
        "format_details": "1005(30),1007(30),1013(1),1019,1020,1033(30),1042,1045,1046,1077(1),1087(1),1097(1),1107(1),1127(1),1230(5)",
        "carrier": "L2",
        "nav_system": "GPS+GLO+GAL+BDS+SBAS",
        "network": "IGS",
        "country": "USA",
        "coordinates": "34.35, -118.41",
        "solution": "single base",
        "misc": "rtgpsout.earthscope.org:2101/CMP9_RTCM3",
        "color": "red",
        "align": "left",
        "bline": "middle"
      },
      "geometry": {
        "type": "Point",
        "coordinates": [
          -118.41,
          34.35
        ]
      }
    },
    {
      "type": "Feature",
      "properties": {
        "name": "COCO00AUS0",
        "identifier": "Cocos_Island",
        "data_format": "RTCM 3.3",
        "format_details": "1006(10),1013(10),1019,1020,1033(10),1042,1044,1045,1046,1077(1),1087(1),1097(1),1117(1),1127(1),1230(10)",
        "carrier": "L2",
        "nav_system": "GPS+GLO+GAL+BDS+QZS",
        "network": "IGS",
        "country": "AUS",
        "coordinates": "-12.19, 96.83",
        "solution": "single base",
        "misc": "ntrip.data.gnss.ga.gov.au:443/COCO00AUS0(1)",
        "color": "red",
        "align": "left",
        "bline": "middle"
      },
      "geometry": {
        "type": "Point",
        "coordinates": [
          96.83,
          -12.19
        ]
      }
    },
    {
      "type": "Feature",
      "properties": {
        "name": "CORD00ARG0",
        "identifier": "Cordoba",
        "data_format": "RTCM 3.2",
        "format_details": "1076(1)",
        "carrier": "L2",
        "nav_system": "GPS",
        "network": "IGS",
        "country": "ARG",
        "coordinates": "-31.53, -64.47",
        "solution": "single base",
        "misc": "caster.cddis.eosdis.nasa.gov:443/CORD00ARG0(2)",
        "color": "red",
        "align": "left",
        "bline": "middle"
      },
      "geometry": {
        "type": "Point",
        "coordinates": [
          -64.47,
          -31.53
        ]
      }
    },
    {
      "type": "Feature",
      "properties": {
        "name": "COSO00USA0",
        "identifier": "Coso_Junction",
        "data_format": "RTCM 3.3",
        "format_details": "1005(30),1007(30),1013(1),1019,1020,1033(30),1077(1),1087(1),1097(1),1107(1),1230(5)",
        "carrier": "L2",
        "nav_system": "GPS+GLO+GAL+SBAS",
        "network": "IGS",
        "country": "USA",
        "coordinates": "35.98, -117.81",
        "solution": "single base",
        "misc": "rtgpsout.earthscope.org:2101/COSO_RTCM3",
        "color": "red",
        "align": "left",
        "bline": "middle"
      },
      "geometry": {
        "type": "Point",
        "coordinates": [
          -117.81,
          35.98
        ]
      }
    },
    {
      "type": "Feature",
      "properties": {
        "name": "CPVG00CPV0",
        "identifier": "Espargos",
        "data_format": "RTCM 3.3",
        "format_details": "1006(10),1013(10),1019,1020,1033(10),1042,1045,1046,1077(1),1087(1),1097(1),1127(1),1230(10)",
        "carrier": "L2",
        "nav_system": "GPS+GLO+GAL+BDS",
        "network": "IGS",
        "country": "CPV",
        "coordinates": "16.73, -22.93",
        "solution": "single base",
        "misc": "rgp-ip.ign.fr:2101/CPVG00CPV0(1)",
        "color": "red",
        "align": "left",
        "bline": "middle"
      },
      "geometry": {
        "type": "Point",
        "coordinates": [
          -22.93,
          16.73
        ]
      }
    },
    {
      "type": "Feature",
      "properties": {
        "name": "CRFP00USA0",
        "identifier": "Yucaipa",
        "data_format": "RTCM 3.3",
        "format_details": "1005(30),1007(30),1013(1),1019,1020,1033(30),1077(1),1087(1),1107(1),1230(5)",
        "carrier": "L2",
        "nav_system": "GPS+GLO+SBAS",
        "network": "IGS",
        "country": "USA",
        "coordinates": "34.04, -117.1",
        "solution": "single base",
        "misc": "rtgpsout.earthscope.org:2101/CRFP_RTCM3",
        "color": "red",
        "align": "left",
        "bline": "middle"
      },
      "geometry": {
        "type": "Point",
        "coordinates": [
          -117.1,
          34.04
        ]
      }
    },
    {
      "type": "Feature",
      "properties": {
        "name": "CRO100VIR0",
        "identifier": "Christiansted",
        "data_format": "RTCM 3.2",
        "format_details": "1076(1)",
        "carrier": "L2",
        "nav_system": "GPS",
        "network": "IGS",
        "country": "VIR",
        "coordinates": "17.76, -64.58",
        "solution": "single base",
        "misc": "caster.cddis.eosdis.nasa.gov:443/CRO100VIR0(2)",
        "color": "red",
        "align": "left",
        "bline": "middle"
      },
      "geometry": {
        "type": "Point",
        "coordinates": [
          -64.58,
          17.76
        ]
      }
    },
    {
      "type": "Feature",
      "properties": {
        "name": "CTWN00ZAF0",
        "identifier": "CapeTown",
        "data_format": "RTCM 3.2",
        "format_details": "1005(5),1007(5),1033(5),1073(1),1083(1),1093(1),1123(1),1230(5)",
        "carrier": "L2",
        "nav_system": "GPS+GLO+GAL+BDS",
        "network": "MISC",
        "country": "ZAF",
        "coordinates": "-33.95, 18.47",
        "solution": "single base",
        "misc": "www.trignet.co.za:2101/Ctwn-SB(1)",
        "color": "red",
        "align": "left",
        "bline": "middle"
      },
      "geometry": {
        "type": "Point",
        "coordinates": [
          18.47,
          -33.95
        ]
      }
    },
    {
      "type": "Feature",
      "properties": {
        "name": "CUIB00BRA0",
        "identifier": "Cuiaba",
        "data_format": "RTCM 3.3",
        "format_details": "1006(2),1008(2),1013(10),1019,1020,1033(2),1042,1045,1046,1077(1),1087(1),1097(1),1107(1),1117(1),1127(1),1137(1)",
        "carrier": "L2",
        "nav_system": "GPS+GLO+GAL+BDS+QZS+IRS+SBAS",
        "network": "IGS",
        "country": "BRA",
        "coordinates": "-15.56, -56.07",
        "solution": "single base",
        "misc": "gps-ntrip.ibge.gov.br:2101/CUIB0(1)",
        "color": "red",
        "align": "left",
        "bline": "middle"
      },
      "geometry": {
        "type": "Point",
        "coordinates": [
          -56.07,
          -15.56
        ]
      }
    },
    {
      "type": "Feature",
      "properties": {
        "name": "CUSV00THA0",
        "identifier": "Patumwan",
        "data_format": "RTCM 3.2",
        "format_details": "1076(1)",
        "carrier": "L2",
        "nav_system": "GPS",
        "network": "IGS",
        "country": "THA",
        "coordinates": "13.74, 100.53",
        "solution": "single base",
        "misc": "caster.cddis.eosdis.nasa.gov:443/CUSV00THA0(2)",
        "color": "red",
        "align": "left",
        "bline": "middle"
      },
      "geometry": {
        "type": "Point",
        "coordinates": [
          100.53,
          13.74
        ]
      }
    },
    {
      "type": "Feature",
      "properties": {
        "name": "CUT000AUS0",
        "identifier": "Perth",
        "data_format": "RTCM 3.3",
        "format_details": "1006(10),1008(10),1013(10),1019,1020,1033(10),1042,1044,1045,1046,1077(1),1087(1),1097(1),1117(1),1127(1),1230(10)",
        "carrier": "L2",
        "nav_system": "GPS+GLO+GAL+BDS+QZS",
        "network": "IGS",
        "country": "AUS",
        "coordinates": "-32.0, 115.89",
        "solution": "single base",
        "misc": "Curtin University",
        "color": "red",
        "align": "left",
        "bline": "middle"
      },
      "geometry": {
        "type": "Point",
        "coordinates": [
          115.89,
          -32.0
        ]
      }
    },
    {
      "type": "Feature",
      "properties": {
        "name": "CUUT00THA0",
        "identifier": "Bangkok",
        "data_format": "RTCM 3.3",
        "format_details": "1006(10),1008(10),1013(10),1019,1020,1033(10),1042,1044,1045,1046,1077(1),1087(1),1097(1),1117(1),1127(1),1230(10)",
        "carrier": "L2",
        "nav_system": "GPS+GLO+GAL+BDS+QZS",
        "network": "IGS",
        "country": "THA",
        "coordinates": "13.74, 100.53",
        "solution": "single base",
        "misc": "Chulalongkorn University",
        "color": "red",
        "align": "left",
        "bline": "middle"
      },
      "geometry": {
        "type": "Point",
        "coordinates": [
          100.53,
          13.74
        ]
      }
    },
    {
      "type": "Feature",
      "properties": {
        "name": "CYNE00GUF0",
        "identifier": "Cayenne",
        "data_format": "RTCM 3.3",
        "format_details": "1006(30),1007(30),1008(30),1013(30),1019,1020,1033(30),1042,1044,1045,1046,1074(1),1084(1),1094(1),1104(1),1114(1),1124(1),1230(30)",
        "carrier": "L2",
        "nav_system": "GPS+GLO+GAL+BDS+QZS+SBAS",
        "network": "IGS",
        "country": "GUF",
        "coordinates": "4.82, -52.37",
        "solution": "single base",
        "misc": "rgp-ip.ign.fr:2101/CYNE00GUF7(1)",
        "color": "red",
        "align": "left",
        "bline": "middle"
      },
      "geometry": {
        "type": "Point",
        "coordinates": [
          -52.37,
          4.82
        ]
      }
    },
    {
      "type": "Feature",
      "properties": {
        "name": "CZTG00ATF0",
        "identifier": "Crozet",
        "data_format": "RTCM 3.3",
        "format_details": "1006(10),1008(10),1013(10),1019,1020,1033(10),1042,1044,1045,1046,1077(1),1087(1),1097(1),1117(1),1127(1),1230(10)",
        "carrier": "L2",
        "nav_system": "GPS+GLO+GAL+BDS+QZS",
        "network": "IGS",
        "country": "ATF",
        "coordinates": "-46.43, 51.86",
        "solution": "single base",
        "misc": "rgp-ip.ign.fr:2101/CZTG00ATF0(1)",
        "color": "red",
        "align": "left",
        "bline": "middle"
      },
      "geometry": {
        "type": "Point",
        "coordinates": [
          51.86,
          -46.43
        ]
      }
    },
    {
      "type": "Feature",
      "properties": {
        "name": "DAEJ00KOR0",
        "identifier": "Daejeon",
        "data_format": "RTCM 2.3",
        "format_details": "1(1),18(1),19(1),22(10),23(10),24(10),59(10)",
        "carrier": "L2",
        "nav_system": "GPS",
        "network": "IGS",
        "country": "KOR",
        "coordinates": "36.4, 127.37",
        "solution": "single base",
        "misc": "KASI",
        "color": "red",
        "align": "left",
        "bline": "middle"
      },
      "geometry": {
        "type": "Point",
        "coordinates": [
          127.37,
          36.4
        ]
      }
    },
    {
      "type": "Feature",
      "properties": {
        "name": "DAKR00SEN0",
        "identifier": "Dakar",
        "data_format": "RTCM 3.2",
        "format_details": "1006(10),1008(10),1013(10),1019,1020,1033(10),1077(1),1087(1)",
        "carrier": "L2",
        "nav_system": "GPS+GLO",
        "network": "IGS",
        "country": "SEN",
        "coordinates": "14.72, -17.44",
        "solution": "single base",
        "misc": "rt.cacsb.nrcan.gc.ca:12108/DAKR00SEN0(1)",
        "color": "red",
        "align": "left",
        "bline": "middle"
      },
      "geometry": {
        "type": "Point",
        "coordinates": [
          -17.44,
          14.72
        ]
      }
    },
    {
      "type": "Feature",
      "properties": {
        "name": "DARW00AUS0",
        "identifier": "Manton_Dam",
        "data_format": "RTCM 3.3",
        "format_details": "1006(10),1013(10),1019,1020,1033(10),1042,1044,1045,1046,1077(1),1087(1),1097(1),1117(1),1127(1),1230(10)",
        "carrier": "L2",
        "nav_system": "GPS+GLO+GAL+BDS+QZS",
        "network": "IGS",
        "country": "AUS",
        "coordinates": "-12.84, 131.13",
        "solution": "single base",
        "misc": "ntrip.data.gnss.ga.gov.au:443/DARW00AUS0(1)",
        "color": "red",
        "align": "left",
        "bline": "middle"
      },
      "geometry": {
        "type": "Point",
        "coordinates": [
          131.13,
          -12.84
        ]
      }
    },
    {
      "type": "Feature",
      "properties": {
        "name": "DAV100ATA0",
        "identifier": "Davis",
        "data_format": "RTCM 3.3",
        "format_details": "1006(10),1013(10),1019,1020,1033(10),1042,1044,1045,1046,1077(1),1087(1),1097(1),1117(1),1127(1),1230(10)",
        "carrier": "L2",
        "nav_system": "GPS+GLO+GAL+BDS+QZS",
        "network": "IGS",
        "country": "ATA",
        "coordinates": "-68.58, 77.97",
        "solution": "single base",
        "misc": "ntrip.data.gnss.ga.gov.au:443/DAV100ATA0(1)",
        "color": "red",
        "align": "left",
        "bline": "middle"
      },
      "geometry": {
        "type": "Point",
        "coordinates": [
          77.97,
          -68.58
        ]
      }
    },
    {
      "type": "Feature",
      "properties": {
        "name": "DGAR00GBR0",
        "identifier": "Diego Garcia Island",
        "data_format": "RTCM 3.2",
        "format_details": "1076(1)",
        "carrier": "L2",
        "nav_system": "GPS",
        "network": "IGS",
        "country": "GBR",
        "coordinates": "-7.27, 72.37",
        "solution": "single base",
        "misc": "caster.cddis.eosdis.nasa.gov:443/DGAR00GBR0(2)",
        "color": "red",
        "align": "left",
        "bline": "middle"
      },
      "geometry": {
        "type": "Point",
        "coordinates": [
          72.37,
          -7.27
        ]
      }
    },
    {
      "type": "Feature",
      "properties": {
        "name": "DJIG00DJI0",
        "identifier": "Djibouti",
        "data_format": "RTCM 3.3",
        "format_details": "1006(30),1007(30),1008(30),1013(30),1019,1020,1029(30),1033(30),1042,1045,1046,1077(1),1087(1),1097(1),1107(1),1127(1),1137(1),1230(30)",
        "carrier": "L2",
        "nav_system": "GPS+GLO+GAL+BDS+IRS+SBAS",
        "network": "IGS",
        "country": "DJI",
        "coordinates": "11.53, 42.85",
        "solution": "single base",
        "misc": "rgp-ip.ign.fr:2101/DJIG00DJI0(1)",
        "color": "red",
        "align": "left",
        "bline": "middle"
      },
      "geometry": {
        "type": "Point",
        "coordinates": [
          42.85,
          11.53
        ]
      }
    },
    {
      "type": "Feature",
      "properties": {
        "name": "DLF100NLD0",
        "identifier": "Delft",
        "data_format": "RTCM 3.3",
        "format_details": "1006(10),1008(10),1013(10),1019,1020,1033(10),1042,1045,1046,1077(1),1087(1),1097(1),1127(1),1230(10)",
        "carrier": "L2",
        "nav_system": "GPS+GLO+GAL+BDS",
        "network": "IGS",
        "country": "NLD",
        "coordinates": "51.99, 4.39",
        "solution": "single base",
        "misc": "euref-ip.net:2101/DLF100NLD0(2)",
        "color": "red",
        "align": "left",
        "bline": "middle"
      },
      "geometry": {
        "type": "Point",
        "coordinates": [
          4.39,
          51.99
        ]
      }
    },
    {
      "type": "Feature",
      "properties": {
        "name": "DRAO00CAN0",
        "identifier": "Penticton",
        "data_format": "RTCM 3.2",
        "format_details": "1006(10),1008(10),1013(60),1019,1020,1033(10),1077(1),1087(1),1097(1)",
        "carrier": "L2",
        "nav_system": "GPS+GLO+GAL",
        "network": "IGS",
        "country": "CAN",
        "coordinates": "49.32, -119.62",
        "solution": "single base",
        "misc": "rt.cacsb.nrcan.gc.ca:12108/DRAO00CAN0(1)",
        "color": "red",
        "align": "left",
        "bline": "middle"
      },
      "geometry": {
        "type": "Point",
        "coordinates": [
          -119.62,
          49.32
        ]
      }
    },
    {
      "type": "Feature",
      "properties": {
        "name": "DUBI00ARE0",
        "identifier": "Dubai",
        "data_format": "RTCM 3.2",
        "format_details": "1006(10),1013(10),1033(10),1073(1),1083(1),1093(1),1123(1),1230(10)",
        "carrier": "L2",
        "nav_system": "GPS+GLO+GAL+BDS",
        "network": "IGS",
        "country": "ARE",
        "coordinates": "25.0, 55.47",
        "solution": "single base",
        "misc": "NRIAG",
        "color": "red",
        "align": "left",
        "bline": "middle"
      },
      "geometry": {
        "type": "Point",
        "coordinates": [
          55.47,
          25.0
        ]
      }
    },
    {
      "type": "Feature",
      "properties": {
        "name": "DUBO00CAN0",
        "identifier": "Lake-Dubonette",
        "data_format": "RTCM 3.2",
        "format_details": "1006(10),1008(10),1013(60),1019,1020,1033(10),1077(1),1087(1),1097(1)",
        "carrier": "L2",
        "nav_system": "GPS+GLO+GAL",
        "network": "IGS",
        "country": "CAN",
        "coordinates": "50.26, -95.87",
        "solution": "single base",
        "misc": "rt.cacsb.nrcan.gc.ca:12108/DUBO00CAN0(1)",
        "color": "red",
        "align": "left",
        "bline": "middle"
      },
      "geometry": {
        "type": "Point",
        "coordinates": [
          -95.87,
          50.26
        ]
      }
    },
    {
      "type": "Feature",
      "properties": {
        "name": "DUMG00ATA0",
        "identifier": "Dumont d'Urville",
        "data_format": "RTCM 3.3",
        "format_details": "1006(10),1008(10),1013(10),1019,1020,1033(10),1042,1044,1045,1077(1),1087(1),1097(1),1117(1),1127(1),1230(10)",
        "carrier": "L2",
        "nav_system": "GPS+GLO+GAL+BDS+QZS",
        "network": "IGS",
        "country": "ATA",
        "coordinates": "-66.67, 140.0",
        "solution": "single base",
        "misc": "rgp-ip.ign.fr:2101/DUMG7",
        "color": "red",
        "align": "left",
        "bline": "middle"
      },
      "geometry": {
        "type": "Point",
        "coordinates": [
          140.0,
          -66.67
        ]
      }
    },
    {
      "type": "Feature",
      "properties": {
        "name": "DUND00NZL0",
        "identifier": "Dunedin",
        "data_format": "RTCM 3.3",
        "format_details": "1006(10),1013(10),1019,1020,1033(10),1042,1044,1045,1046,1074(1),1084(1),1094(1),1114(1),1124(1),1230(10)",
        "carrier": "L2",
        "nav_system": "GPS+GLO+GAL+BDS+QZS",
        "network": "IGS",
        "country": "NZL",
        "coordinates": "-45.88, 170.6",
        "solution": "single base",
        "misc": "cgps-streaming.geonet.org.nz:8888/DUND_RTCM(1)",
        "color": "red",
        "align": "left",
        "bline": "middle"
      },
      "geometry": {
        "type": "Point",
        "coordinates": [
          170.6,
          -45.88
        ]
      }
    },
    {
      "type": "Feature",
      "properties": {
        "name": "DYNG00GRC0",
        "identifier": "Dionysos",
        "data_format": "RTCM 3.3",
        "format_details": "1006(30),1007(30),1008(30),1013(30),1019,1020,1029(30),1033(30),1042,1045,1046,1077(1),1087(1),1097(1),1107(1),1127(1),1137(1),1230(30)",
        "carrier": "L2",
        "nav_system": "GPS+GLO+GAL+BDS+IRS+SBAS",
        "network": "IGS",
        "country": "GRC",
        "coordinates": "38.08, 23.93",
        "solution": "single base",
        "misc": "rgp-ip.ign.fr:2101/DYNG00GRC0(2)",
        "color": "red",
        "align": "left",
        "bline": "middle"
      },
      "geometry": {
        "type": "Point",
        "coordinates": [
          23.93,
          38.08
        ]
      }
    },
    {
      "type": "Feature",
      "properties": {
        "name": "EBRE00ESP0",
        "identifier": "Roquetes",
        "data_format": "RTCM 3.2",
        "format_details": "1006(5),1008(5),1013(60),1033(5),1075(1),1085(1),1095(1),1125(1),1230(5)",
        "carrier": "L2",
        "nav_system": "GPS+GLO+GAL+BDS",
        "network": "IGS",
        "country": "ESP",
        "coordinates": "40.82, 0.49",
        "solution": "single base",
        "misc": "84.88.72.26:2100/EBRE0(1)",
        "color": "red",
        "align": "left",
        "bline": "middle"
      },
      "geometry": {
        "type": "Point",
        "coordinates": [
          0.49,
          40.82
        ]
      }
    },
    {
      "type": "Feature",
      "properties": {
        "name": "ENAO00PRT0",
        "identifier": "SantaCruz",
        "data_format": "RTCM 3.3",
        "format_details": "1006(10),1007(10),1008(10),1019,1020,1033(10),1042,1043,1045,1046,1077(1),1087(1),1097(1),1107(1),1127(1)",
        "carrier": "L2",
        "nav_system": "GPS+GLO+GAL+BDS+SBAS",
        "network": "IGS",
        "country": "POR",
        "coordinates": "39.09, -28.03",
        "solution": "network",
        "misc": "GFZ",
        "color": "red",
        "align": "left",
        "bline": "middle"
      },
      "geometry": {
        "type": "Point",
        "coordinates": [
          -28.03,
          39.09
        ]
      }
    },
    {
      "type": "Feature",
      "properties": {
        "name": "EUR200CAN0",
        "identifier": "Eureka",
        "data_format": "RTCM 3.2",
        "format_details": "1077(1),1087(1),1006(10),1008(10),1013(10),1019,1020,1033",
        "carrier": "L2",
        "nav_system": "GPS,GLO",
        "network": "IGS",
        "country": "CAN",
        "coordinates": "79.98, 274.07",
        "solution": "single base",
        "misc": "rt.cacsb.nrcan.gc.ca:12108/EUR200CAN0",
        "color": "red",
        "align": "left",
        "bline": "middle"
      },
      "geometry": {
        "type": "Point",
        "coordinates": [
          274.07,
          79.98
        ]
      }
    },
    {
      "type": "Feature",
      "properties": {
        "name": "FAA100PYF0",
        "identifier": "Faaa",
        "data_format": "RTCM 3.2",
        "format_details": "1019,1077(1)",
        "carrier": "No info",
        "nav_system": "GPS",
        "network": "IGS",
        "country": "PYF",
        "coordinates": "-17.56, -149.61",
        "solution": "network",
        "misc": "navrelayvm1.esoc.ops.esa.int:2101/FAA100PYF1(1)",
        "color": "red",
        "align": "left",
        "bline": "middle"
      },
      "geometry": {
        "type": "Point",
        "coordinates": [
          -149.61,
          -17.56
        ]
      }
    },
    {
      "type": "Feature",
      "properties": {
        "name": "FAIR00USA0",
        "identifier": "Fairbanks",
        "data_format": "RTCM 3.2",
        "format_details": "1076(1)",
        "carrier": "L2",
        "nav_system": "GPS",
        "network": "IGS",
        "country": "USA",
        "coordinates": "64.98, -147.5",
        "solution": "single base",
        "misc": "caster.cddis.eosdis.nasa.gov:443/FAIR00USA0(2)",
        "color": "red",
        "align": "left",
        "bline": "middle"
      },
      "geometry": {
        "type": "Point",
        "coordinates": [
          -147.5,
          64.98
        ]
      }
    },
    {
      "type": "Feature",
      "properties": {
        "name": "FALK00FLK0",
        "identifier": "Port Stanley",
        "data_format": "RTCM 3.2",
        "format_details": "1076(1)",
        "carrier": "L2",
        "nav_system": "GPS",
        "network": "IGS",
        "country": "FLK",
        "coordinates": "-51.69, -57.87",
        "solution": "single base",
        "misc": "caster.cddis.eosdis.nasa.gov:443/FALK00FLK0(2)",
        "color": "red",
        "align": "left",
        "bline": "middle"
      },
      "geometry": {
        "type": "Point",
        "coordinates": [
          -57.87,
          -51.69
        ]
      }
    },
    {
      "type": "Feature",
      "properties": {
        "name": "FFMJ00DEU0",
        "identifier": "Frankfurt",
        "data_format": "RTCM 3.3",
        "format_details": "1006(30),1008(30),1019,1020,1033(30),1042,1045,1046,1077(1),1087(1),1097(1),1127(1),1230(60)",
        "carrier": "L2",
        "nav_system": "GPS+GLO+GAL+BDS",
        "network": "IGS",
        "country": "DEU",
        "coordinates": "50.09, 8.66",
        "solution": "single base",
        "misc": "gref-ip.de:2101/FFMJ00DEU0(1)",
        "color": "red",
        "align": "left",
        "bline": "middle"
      },
      "geometry": {
        "type": "Point",
        "coordinates": [
          8.66,
          50.09
        ]
      }
    },
    {
      "type": "Feature",
      "properties": {
        "name": "FLIN00CAN0",
        "identifier": "Flin-Flon",
        "data_format": "RTCM 3.2",
        "format_details": "1006(10),1008(10),1013(60),1019,1020,1033(10),1077(1),1087(1),1097(1)",
        "carrier": "L2",
        "nav_system": "GPS+GLO+GAL",
        "network": "IGS",
        "country": "CAN",
        "coordinates": "54.73, -101.98",
        "solution": "single base",
        "misc": "rt.cacsb.nrcan.gc.ca:12108/FLIN00CAN0(1)",
        "color": "red",
        "align": "left",
        "bline": "middle"
      },
      "geometry": {
        "type": "Point",
        "coordinates": [
          -101.98,
          54.73
        ]
      }
    },
    {
      "type": "Feature",
      "properties": {
        "name": "FLRS00PRT0",
        "identifier": "Flores",
        "data_format": "RTCM 3.2",
        "format_details": "1006(5),1008(5),1013(60),1033(5),1075(1),1085(1),1095(1),1125(1)",
        "carrier": "L2",
        "nav_system": "GPS+GLO+GAL+BDS",
        "network": "IGS",
        "country": "PRT",
        "coordinates": "39.45, -31.13",
        "solution": "single base",
        "misc": "193.137.94.71:2101/FLRS0(1)",
        "color": "red",
        "align": "left",
        "bline": "middle"
      },
      "geometry": {
        "type": "Point",
        "coordinates": [
          -31.13,
          39.45
        ]
      }
    },
    {
      "type": "Feature",
      "properties": {
        "name": "FRDN00CAN0",
        "identifier": "Frederiction",
        "data_format": "RTCM 3.2",
        "format_details": "1006(10),1008(10),1013(60),1019,1020,1033(10),1077(1),1087(1),1097(1)",
        "carrier": "L2",
        "nav_system": "GPS+GLO+GAL",
        "network": "IGS",
        "country": "CAN",
        "coordinates": "45.93, -66.66",
        "solution": "single base",
        "misc": "rt.cacsb.nrcan.gc.ca:12108/FRDN00CAN0(1)",
        "color": "red",
        "align": "left",
        "bline": "middle"
      },
      "geometry": {
        "type": "Point",
        "coordinates": [
          -66.66,
          45.93
        ]
      }
    },
    {
      "type": "Feature",
      "properties": {
        "name": "FTNA00WLF0",
        "identifier": "Futuna CNES",
        "data_format": "RTCM 3.3",
        "format_details": "1006(10),1013(10),1019,1020,1033(10),1042,1044,1045,1046,1077(1),1087(1),1097(1),1117(1),1127(1),1230(10),4094(10)",
        "carrier": "L2",
        "nav_system": "GPS+GLO+GAL+BDS+QZS",
        "network": "IGS",
        "country": "WLF",
        "coordinates": "-14.31, -178.12",
        "solution": "single base",
        "misc": "rgp-ip.ign.fr:2101/FTNA00WLF0(1)",
        "color": "red",
        "align": "left",
        "bline": "middle"
      },
      "geometry": {
        "type": "Point",
        "coordinates": [
          -178.12,
          -14.31
        ]
      }
    },
    {
      "type": "Feature",
      "properties": {
        "name": "FUN100PRT0",
        "identifier": "Funchal",
        "data_format": "RTCM 3.2",
        "format_details": "1006(5),1008(5),1013(60),1033(5),1075(1),1085(1),1095(1),1125(1)",
        "carrier": "L2",
        "nav_system": "GPS+GLO+GAL+BDS+SBAS",
        "network": "IGS",
        "country": "PRT",
        "coordinates": "32.65, -16.91",
        "solution": "single base",
        "misc": "euref-ip.net:2101/FUN100PRT0(2)",
        "color": "red",
        "align": "left",
        "bline": "middle"
      },
      "geometry": {
        "type": "Point",
        "coordinates": [
          -16.91,
          32.65
        ]
      }
    },
    {
      "type": "Feature",
      "properties": {
        "name": "GAMB00PYF0",
        "identifier": "Rikitea",
        "data_format": "RTCM 3.3",
        "format_details": "1006(10),1008(10),1013(10),1019,1020,1033(10),1042,1045,1046,1077(1),1087(1),1097(1),1127(1),1230(10)",
        "carrier": "L2",
        "nav_system": "GPS+GLO+GAL+BDS",
        "network": "IGS",
        "country": "PYF",
        "coordinates": "-23.13, -134.96",
        "solution": "single base",
        "misc": "rgp-ip.ign.fr:2101/GAMB00PYF0(1)",
        "color": "red",
        "align": "left",
        "bline": "middle"
      },
      "geometry": {
        "type": "Point",
        "coordinates": [
          -134.96,
          -23.13
        ]
      }
    },
    {
      "type": "Feature",
      "properties": {
        "name": "GAMG00KOR0",
        "identifier": "Gamak",
        "data_format": "RTCM 3.3",
        "format_details": "1006(30),1007(30),1008(30),1013(30),1019,1020,1029(30),1033(30),1041,1042,1044,1045,1046,1077(1),1087(1),1097(1),1107(1),1117(1),1127(1),1137(1),1230(30)",
        "carrier": "L2",
        "nav_system": "GPS+GLO+GAL+BDS+QZS+IRS+SBAS",
        "network": "IGS",
        "country": "KOR",
        "coordinates": "35.59, 127.92",
        "solution": "single base",
        "misc": "rgp-ip.ign.fr:2101/GAMG00KOR0(1)",
        "color": "red",
        "align": "left",
        "bline": "middle"
      },
      "geometry": {
        "type": "Point",
        "coordinates": [
          127.92,
          35.59
        ]
      }
    },
    {
      "type": "Feature",
      "properties": {
        "name": "GANP00SVK0",
        "identifier": "Ganovce",
        "data_format": "RTCM 3.3",
        "format_details": "1005(5),1007(5),1019,1020,1033(5),1042,1046,1075(1),1085(1),1095(1),1125(1),1230(5),4094(5)",
        "carrier": "L2",
        "nav_system": "GPS+GLO+GAL+BDS",
        "network": "IGS",
        "country": "SVK",
        "coordinates": "49.03, 20.32",
        "solution": "single base",
        "misc": "www.skpos.gku.sk:2102/GANP32(1)",
        "color": "red",
        "align": "left",
        "bline": "middle"
      },
      "geometry": {
        "type": "Point",
        "coordinates": [
          20.32,
          49.03
        ]
      }
    },
    {
      "type": "Feature",
      "properties": {
        "name": "GCGO10USA0",
        "identifier": "Fairbanks",
        "data_format": "RTCM 3.2",
        "format_details": "1076(1)",
        "carrier": "L2",
        "nav_system": "GPS",
        "network": "IGS",
        "country": "USA",
        "coordinates": "64.98, -147.5",
        "solution": "single base",
        "misc": "caster.cddis.eosdis.nasa.gov:443/GCGO10USA0(2)",
        "color": "red",
        "align": "left",
        "bline": "middle"
      },
      "geometry": {
        "type": "Point",
        "coordinates": [
          -147.5,
          64.98
        ]
      }
    },
    {
      "type": "Feature",
      "properties": {
        "name": "GDKG00IND0",
        "identifier": "Gadanki CNES",
        "data_format": "RTCM 3.3",
        "format_details": "1077/1087/1097/1107/1117/1127/1137(1),1006/1007/1008/1013/1033/1230(30),1019/1020/1042/1044/1045/1046(10)",
        "carrier": "L2",
        "nav_system": "GPS+GLO+GAL+BDS+QZSS+IRNSS",
        "network": "IGS",
        "country": "IND",
        "coordinates": "13.46, 79.18",
        "solution": "single base",
        "misc": "rgp-ip.ign.fr:2101/GDKG00IND0",
        "color": "red",
        "align": "left",
        "bline": "middle"
      },
      "geometry": {
        "type": "Point",
        "coordinates": [
          79.18,
          13.46
        ]
      }
    },
    {
      "type": "Feature",
      "properties": {
        "name": "GENO00ITA0",
        "identifier": "Genova",
        "data_format": "RTCM 3.3",
        "format_details": "1006(60),1008(60),1013(60),1019,1020,1033(60),1042,1045,1046,1077(1),1087(1),1097(1),1127(1),1230(60)",
        "carrier": "L2",
        "nav_system": "GPS+GLO+GAL+BDS",
        "network": "IGS",
        "country": "ITA",
        "coordinates": "44.42, 8.92",
        "solution": "single base",
        "misc": "euref-ip.net:2101/GENO00ITA0",
        "color": "red",
        "align": "left",
        "bline": "middle"
      },
      "geometry": {
        "type": "Point",
        "coordinates": [
          8.92,
          44.42
        ]
      }
    },
    {
      "type": "Feature",
      "properties": {
        "name": "GLPS00ECU0",
        "identifier": "Puerto Ayora",
        "data_format": "RTCM 3.2",
        "format_details": "1076(1)",
        "carrier": "L2",
        "nav_system": "GPS",
        "network": "IGS",
        "country": "ECU",
        "coordinates": "-0.74, -90.3",
        "solution": "single base",
        "misc": "caster.cddis.eosdis.nasa.gov:443/GLPS00ECU0(2)",
        "color": "red",
        "align": "left",
        "bline": "middle"
      },
      "geometry": {
        "type": "Point",
        "coordinates": [
          -90.3,
          -0.74
        ]
      }
    },
    {
      "type": "Feature",
      "properties": {
        "name": "GMSD00JPN0",
        "identifier": "Nakatane town",
        "data_format": "RTCM 3.3",
        "format_details": "1007(1),1077(1),1087(1),1097(1),1127(1),1006(10),1008(10),1013(10),1019(10),1020(10),1033(10),1042(300),1045(300),1046(300)",
        "carrier": "L2",
        "nav_system": "GPS+GLO+GAL+BDS",
        "network": "IGS",
        "country": "JPN",
        "coordinates": "30.5564, 131.0156",
        "solution": "single base",
        "misc": "ntrip.data.gnss.ga.gov.au:443/GMSD00JPN0",
        "color": "red",
        "align": "left",
        "bline": "middle"
      },
      "geometry": {
        "type": "Point",
        "coordinates": [
          131.0156,
          30.5564
        ]
      }
    },
    {
      "type": "Feature",
      "properties": {
        "name": "GODE00USA0",
        "identifier": "Greenbelt",
        "data_format": "RTCM 3.2",
        "format_details": "1076(1)",
        "carrier": "L2",
        "nav_system": "GPS",
        "network": "IGS",
        "country": "USA",
        "coordinates": "39.02, -76.83",
        "solution": "single base",
        "misc": "caster.cddis.eosdis.nasa.gov:443/GODE00USA0(2)",
        "color": "red",
        "align": "left",
        "bline": "middle"
      },
      "geometry": {
        "type": "Point",
        "coordinates": [
          -76.83,
          39.02
        ]
      }
    },
    {
      "type": "Feature",
      "properties": {
        "name": "GOLD00USA0",
        "identifier": "Goldstone",
        "data_format": "RTCM 3.2",
        "format_details": "1076(1)",
        "carrier": "L2",
        "nav_system": "GPS",
        "network": "IGS",
        "country": "USA",
        "coordinates": "35.43, -116.89",
        "solution": "single base",
        "misc": "caster.cddis.eosdis.nasa.gov:443/GOLD00USA0(2)",
        "color": "red",
        "align": "left",
        "bline": "middle"
      },
      "geometry": {
        "type": "Point",
        "coordinates": [
          -116.89,
          35.43
        ]
      }
    },
    {
      "type": "Feature",
      "properties": {
        "name": "GOP600CZE0",
        "identifier": "Pecny",
        "data_format": "RTCM 3.3",
        "format_details": "1006(30),1007(30),1008(30),1013(30),1019,1020,1033(30),1042,1045,1046,1077(1),1087(1),1097(1),1107(1),1117(1),1127(1),1230(30)",
        "carrier": "L2",
        "nav_system": "GPS+GLO+GAL+BDS+QZS+SBAS",
        "network": "IGS",
        "country": "CZE",
        "coordinates": "49.91, 14.79",
        "solution": "single base",
        "misc": "euref-ip.net:2101/GOP600CZE0(2)",
        "color": "red",
        "align": "left",
        "bline": "middle"
      },
      "geometry": {
        "type": "Point",
        "coordinates": [
          14.79,
          49.91
        ]
      }
    },
    {
      "type": "Feature",
      "properties": {
        "name": "GOPE00CZE0",
        "identifier": "Ondrejov",
        "data_format": "RTCM 3.3",
        "format_details": "1006(10),1013(10),1019,1020,1033(10),1042,1045,1046,1074(1),1084(1),1094(1),1124(1),1230(10),4094(10)",
        "carrier": "L2",
        "nav_system": "GPS+GLO+GAL+BDS",
        "network": "IGS",
        "country": "CZE",
        "coordinates": "49.91, 14.79",
        "solution": "single base",
        "misc": "ntrip.pecny.cz:2101/GOPE1(1)",
        "color": "red",
        "align": "left",
        "bline": "middle"
      },
      "geometry": {
        "type": "Point",
        "coordinates": [
          14.79,
          49.91
        ]
      }
    },
    {
      "type": "Feature",
      "properties": {
        "name": "GRAC00FRA0",
        "identifier": "Grasse IGN",
        "data_format": "RTCM 3.3",
        "format_details": "1006(60),1008(60),1013(60),1019,1020,1033(60),1042,1045,1046,1077(1),1087(1),1097(1),1127(1),1230(60)",
        "carrier": "L2",
        "nav_system": "GPS+GLO+GAL+BDS",
        "network": "IGS",
        "country": "FRA",
        "coordinates": "43.75, 6.92",
        "solution": "network",
        "misc": "euref-ip.net:2101/GRAC00FRA0(1)",
        "color": "red",
        "align": "left",
        "bline": "middle"
      },
      "geometry": {
        "type": "Point",
        "coordinates": [
          6.92,
          43.75
        ]
      }
    },
    {
      "type": "Feature",
      "properties": {
        "name": "GRAS00FRA0",
        "identifier": "Grasse",
        "data_format": "RTCM 3.3",
        "format_details": "1006(10),1008(10),1013(10),1019,1020,1033(10),1042,1045,1046,1077(1),1087(1),1097(1),1127(1),1230(10)",
        "carrier": "L2",
        "nav_system": "GPS+GLO+GAL+BDS",
        "network": "IGS",
        "country": "FRA",
        "coordinates": "43.75, 6.92",
        "solution": "network",
        "misc": "rgp-ip.ign.fr:2101/GRAS00FRA0(1)",
        "color": "red",
        "align": "left",
        "bline": "middle"
      },
      "geometry": {
        "type": "Point",
        "coordinates": [
          6.92,
          43.75
        ]
      }
    },
    {
      "type": "Feature",
      "properties": {
        "name": "GRAZ00AUT0",
        "identifier": "Graz",
        "data_format": "RTCM 3.3",
        "format_details": "1006(60),1008(60),1019,1020,1033(60),1042,1045,1046,1077(1),1087(1),1097(1),1127(1),1230(60)",
        "carrier": "L2",
        "nav_system": "GPS+GLO+GAL+BDS",
        "network": "IGS",
        "country": "AUT",
        "coordinates": "47.07, 15.49",
        "solution": "single base",
        "misc": "APOS",
        "color": "red",
        "align": "left",
        "bline": "middle"
      },
      "geometry": {
        "type": "Point",
        "coordinates": [
          15.49,
          47.07
        ]
      }
    },
    {
      "type": "Feature",
      "properties": {
        "name": "GRZ200AUT0",
        "identifier": "Graz",
        "data_format": "RTCM 3.3",
        "format_details": "1006(60),1008(60),1019,1020,1033(60),1042,1045,1046,1077(1),1087(1),1097(1),1127(1),1230(60)",
        "carrier": "L2",
        "nav_system": "GPS+GLO+GAL+BDS",
        "network": "IGS",
        "country": "AUT",
        "coordinates": "47.07, 15.49",
        "solution": "single base",
        "misc": "APOS",
        "color": "red",
        "align": "left",
        "bline": "middle"
      },
      "geometry": {
        "type": "Point",
        "coordinates": [
          15.49,
          47.07
        ]
      }
    },
    {
      "type": "Feature",
      "properties": {
        "name": "GUAM00GUM0",
        "identifier": "Dededo",
        "data_format": "RTCM 3.2",
        "format_details": "1076(1)",
        "carrier": "L2",
        "nav_system": "GPS",
        "network": "IGS",
        "country": "GUM",
        "coordinates": "13.59, 144.87",
        "solution": "single base",
        "misc": "caster.cddis.eosdis.nasa.gov:443/GUAM00GUM0(2)",
        "color": "red",
        "align": "left",
        "bline": "middle"
      },
      "geometry": {
        "type": "Point",
        "coordinates": [
          144.87,
          13.59
        ]
      }
    },
    {
      "type": "Feature",
      "properties": {
        "name": "GVDG00GRC0",
        "identifier": "Gavdos CNES",
        "data_format": "RTCM 3.3",
        "format_details": "1006(30),1007(30),1008(30),1013(30),1019,1020,1029(30),1033(30),1042,1045,1046,1077(1),1087(1),1097(1),1107(1),1127(1),1137(1),1230(30)",
        "carrier": "L2",
        "nav_system": "GPS+GLO+GAL+BDS+IRS+SBAS",
        "network": "IGS",
        "country": "GRC",
        "coordinates": "34.84, 24.11",
        "solution": "single base",
        "misc": "euref-ip.net:2101/GVDG00GRC0",
        "color": "red",
        "align": "left",
        "bline": "middle"
      },
      "geometry": {
        "type": "Point",
        "coordinates": [
          24.11,
          34.84
        ]
      }
    },
    {
      "type": "Feature",
      "properties": {
        "name": "HAL100USA0",
        "identifier": "Haleakala Observatories",
        "data_format": "RTCM 3.2",
        "format_details": "1076(1)",
        "carrier": "L2",
        "nav_system": "GPS",
        "network": "IGS",
        "country": "USA",
        "coordinates": "20.71, -156.26",
        "solution": "single base",
        "misc": "caster.cddis.eosdis.nasa.gov:443/HAL100USA0(2)",
        "color": "red",
        "align": "left",
        "bline": "middle"
      },
      "geometry": {
        "type": "Point",
        "coordinates": [
          -156.26,
          20.71
        ]
      }
    },
    {
      "type": "Feature",
      "properties": {
        "name": "HARB00ZAF0",
        "identifier": "Hartebeesthoek",
        "data_format": "RTCM 3.3",
        "format_details": "1006(30),1007(30),1008(30),1013(30),1019,1020,1029(30),1033(30),1042,1045,1046,1077(1),1087(1),1097(1),1107(1),1127(1),1137(1),1230(30)",
        "carrier": "L2",
        "nav_system": "GPS+GLO+GAL+BDS+IRS+SBAS",
        "network": "IGS",
        "country": "ZAF",
        "coordinates": "-25.89, 27.71",
        "solution": "single base",
        "misc": "rgp-ip.ign.fr:2101/HARB00ZAF0(1)",
        "color": "red",
        "align": "left",
        "bline": "middle"
      },
      "geometry": {
        "type": "Point",
        "coordinates": [
          27.71,
          -25.89
        ]
      }
    },
    {
      "type": "Feature",
      "properties": {
        "name": "HERS00GBR0",
        "identifier": "Herstmonceux",
        "data_format": "RTCM 3.3",
        "format_details": "1006(10),1008(10),1019,1020,1033(10),1045,1046,1077(1),1087(1),1097(1),1107(1),1117(1),1127(1),1230(30)",
        "carrier": "L2",
        "nav_system": "GPS+GLO+GAL+BDS+QZS+SBAS",
        "network": "IGS",
        "country": "GBR",
        "coordinates": "50.87, 0.34",
        "solution": "single base",
        "misc": "NERC",
        "color": "red",
        "align": "left",
        "bline": "middle"
      },
      "geometry": {
        "type": "Point",
        "coordinates": [
          0.34,
          50.87
        ]
      }
    },
    {
      "type": "Feature",
      "properties": {
        "name": "HERT00GBR0",
        "identifier": "Hailsham",
        "data_format": "RTCM 3.1",
        "format_details": "1004(1),1006(15),1008(15),1012(1),1019,1020,1033(15)",
        "carrier": "L2",
        "nav_system": "GPS+GLO",
        "network": "IGS",
        "country": "GBR",
        "coordinates": "50.87, 0.33",
        "solution": "single base",
        "misc": "euref-ip.net:2101/HERT00GBR0(1)",
        "color": "red",
        "align": "left",
        "bline": "middle"
      },
      "geometry": {
        "type": "Point",
        "coordinates": [
          0.33,
          50.87
        ]
      }
    },
    {
      "type": "Feature",
      "properties": {
        "name": "HKSL00HKG0",
        "identifier": "Tuen_Mun",
        "data_format": "RTCM 3.3",
        "format_details": "1006(15),1008(15),1013(60),1019,1020,1033(15),1042,1045,1046,1075(1),1085(1),1095(1),1115(1),1125(1),1230(15)",
        "carrier": "L2",
        "nav_system": "GPS+GLO+GAL+BDS+QZS",
        "network": "IGS",
        "country": "HKG",
        "coordinates": "22.37, 113.93",
        "solution": "single base",
        "misc": "HKSARG",
        "color": "red",
        "align": "left",
        "bline": "middle"
      },
      "geometry": {
        "type": "Point",
        "coordinates": [
          113.93,
          22.37
        ]
      }
    },
    {
      "type": "Feature",
      "properties": {
        "name": "HKWS00HKG0",
        "identifier": "Wong_Shek",
        "data_format": "RTCM 3.3",
        "format_details": "1006(15),1008(15),1013(60),1019,1020,1033(15),1042,1045,1046,1075(1),1085(1),1095(1),1115(1),1125(1),1230(15)",
        "carrier": "L2",
        "nav_system": "GPS+GLO+GAL+BDS+QZS",
        "network": "IGS",
        "country": "HKG",
        "coordinates": "22.43, 114.34",
        "solution": "single base",
        "misc": "HKSARG",
        "color": "red",
        "align": "left",
        "bline": "middle"
      },
      "geometry": {
        "type": "Point",
        "coordinates": [
          114.34,
          22.43
        ]
      }
    },
    {
      "type": "Feature",
      "properties": {
        "name": "HLFX00CAN0",
        "identifier": "Halifax",
        "data_format": "RTCM 3.2",
        "format_details": "1006(10),1008(10),1013(60),1019,1020,1033(10),1077(1),1087(1),1097(1)",
        "carrier": "L2",
        "nav_system": "GPS+GLO+GAL",
        "network": "IGS",
        "country": "CAN",
        "coordinates": "44.68, -63.61",
        "solution": "single base",
        "misc": "rt.cacsb.nrcan.gc.ca:12108/HLFX00CAN0(1)",
        "color": "red",
        "align": "left",
        "bline": "middle"
      },
      "geometry": {
        "type": "Point",
        "coordinates": [
          -63.61,
          44.68
        ]
      }
    },
    {
      "type": "Feature",
      "properties": {
        "name": "HOB200AUS0",
        "identifier": "Hobart",
        "data_format": "RTCM 3.3",
        "format_details": "1006(10),1013(10),1019,1020,1033(10),1042,1044,1045,1046,1077(1),1087(1),1097(1),1117(1),1127(1),1230(10)",
        "carrier": "L2",
        "nav_system": "GPS+GLO+GAL+BDS+QZS",
        "network": "IGS",
        "country": "AUS",
        "coordinates": "-42.8, 147.44",
        "solution": "single base",
        "misc": "ntrip.data.gnss.ga.gov.au:443/HOB200AUS0(1)",
        "color": "red",
        "align": "left",
        "bline": "middle"
      },
      "geometry": {
        "type": "Point",
        "coordinates": [
          147.44,
          -42.8
        ]
      }
    },
    {
      "type": "Feature",
      "properties": {
        "name": "HOFN00ISL0",
        "identifier": "Hoefn",
        "data_format": "RTCM 3.3",
        "format_details": "1006(15),1008(15),1013(60),1019,1020,1033(15),1042,1045,1046,1075(1),1085(1),1095(1),1125(1),1230(15)",
        "carrier": "L2",
        "nav_system": "GPS+GLO+GAL+BDS",
        "network": "IGS",
        "country": "ISL",
        "coordinates": "64.27, -15.2",
        "solution": "single base",
        "misc": "euref-ip.net:2101/HOFN00ISL0(1)",
        "color": "red",
        "align": "left",
        "bline": "middle"
      },
      "geometry": {
        "type": "Point",
        "coordinates": [
          -15.2,
          64.27
        ]
      }
    },
    {
      "type": "Feature",
      "properties": {
        "name": "HOLP00USA0",
        "identifier": "Hollydale",
        "data_format": "RTCM 3.3",
        "format_details": "1005(30),1007(30),1013(1),1019,1020,1033(30),1045,1077(1),1087(1),1097(1),1107(1),1127(1),1230(5)",
        "carrier": "L2",
        "nav_system": "GPS+GLO+GAL+BDS+SBAS",
        "network": "IGS",
        "country": "USA",
        "coordinates": "33.92, -118.17",
        "solution": "single base",
        "misc": "rtgpsout.earthscope.org:2101/HOLP_RTCM3",
        "color": "red",
        "align": "left",
        "bline": "middle"
      },
      "geometry": {
        "type": "Point",
        "coordinates": [
          -118.17,
          33.92
        ]
      }
    },
    {
      "type": "Feature",
      "properties": {
        "name": "HRAG00ZAF0",
        "identifier": "Hartebeesthoek",
        "data_format": "RTCM 3.3",
        "format_details": "1019,1020,1033(30),1045,1046,1077(1),1087(1),1097(1)",
        "carrier": "L2",
        "nav_system": "GPS+GLO+GAL",
        "network": "IGS",
        "country": "ZAF",
        "coordinates": "-25.89, 27.69",
        "solution": "single base",
        "misc": "HARTRAO/DLR",
        "color": "red",
        "align": "left",
        "bline": "middle"
      },
      "geometry": {
        "type": "Point",
        "coordinates": [
          27.69,
          -25.89
        ]
      }
    },
    {
      "type": "Feature",
      "properties": {
        "name": "HRAG00ZAF9",
        "identifier": "Hartebeesthoek",
        "data_format": "RAW",
        "format_details": "JPS",
        "carrier": "L2",
        "nav_system": "GPS+GLO+GAL+SBAS",
        "network": "IGS",
        "country": "ZAF",
        "coordinates": "-25.88, 27.68",
        "solution": "single base",
        "misc": "HARTRAO/DLR",
        "color": "red",
        "align": "left",
        "bline": "middle"
      },
      "geometry": {
        "type": "Point",
        "coordinates": [
          27.68,
          -25.88
        ]
      }
    },
    {
      "type": "Feature",
      "properties": {
        "name": "HRAO00ZAF0",
        "identifier": "Krugersdorp",
        "data_format": "RTCM 3.2",
        "format_details": "1076(1)",
        "carrier": "L2",
        "nav_system": "GPS",
        "network": "IGS",
        "country": "ZAF",
        "coordinates": "-25.89, 27.69",
        "solution": "single base",
        "misc": "caster.cddis.eosdis.nasa.gov:443/HRAO00ZAF0(2)",
        "color": "red",
        "align": "left",
        "bline": "middle"
      },
      "geometry": {
        "type": "Point",
        "coordinates": [
          27.69,
          -25.89
        ]
      }
    },
    {
      "type": "Feature",
      "properties": {
        "name": "HUMG00VNM0",
        "identifier": "Hanoi",
        "data_format": "RTCM3.3",
        "format_details": "1006,1007,1008,1019,1020,1033,1044,1045,1046,1077,1087,1097,1117",
        "carrier": "L2",
        "nav_system": "GPS+GLO+GAL",
        "network": "IGS",
        "country": "VNM",
        "coordinates": "21.07, 105.77",
        "solution": "network",
        "misc": "",
        "color": "red",
        "align": "left",
        "bline": "middle"
      },
      "geometry": {
        "type": "Point",
        "coordinates": [
          105.77,
          21.07
        ]
      }
    },
    {
      "type": "Feature",
      "properties": {
        "name": "IENG00ITA0",
        "identifier": "Torino",
        "data_format": "RTCM 3.3",
        "format_details": "1019,1020,1033(1),1042,1044,1045,1046,1077(1),1087(1),1097(1),1107(1),1117(1),1127(1),1230(1)",
        "carrier": "L2",
        "nav_system": "GPS+GLO+GAL+BDS+QZS+SBAS",
        "network": "IGS",
        "country": "ITA",
        "coordinates": "45.01, 7.63",
        "solution": "single base",
        "misc": "euref-ip.net:2101/IENG00ITA0",
        "color": "red",
        "align": "left",
        "bline": "middle"
      },
      "geometry": {
        "type": "Point",
        "coordinates": [
          7.63,
          45.01
        ]
      }
    },
    {
      "type": "Feature",
      "properties": {
        "name": "IFSC00BRA0",
        "identifier": "Florianopolis_IFSC",
        "data_format": "RTCM 3.3",
        "format_details": "1006(10),1013(10),1019,1020,1033(10),1042,1045,1046,1077(1),1087(1),1097(1),1127(1),1230(10),4094(10)",
        "carrier": "L2",
        "nav_system": "GPS+GLO+GAL+BDS",
        "network": "MISC",
        "country": "BRA",
        "coordinates": "-27.59, -48.54",
        "solution": "single base",
        "misc": "gps-ntrip.ibge.gov.br:2101/IFSC0(1)",
        "color": "red",
        "align": "left",
        "bline": "middle"
      },
      "geometry": {
        "type": "Point",
        "coordinates": [
          -48.54,
          -27.59
        ]
      }
    },
    {
      "type": "Feature",
      "properties": {
        "name": "IISC00IND0",
        "identifier": "Bangalore",
        "data_format": "RTCM 3.2",
        "format_details": "1076(1)",
        "carrier": "L2",
        "nav_system": "GPS",
        "network": "IGS",
        "country": "IND",
        "coordinates": "13.02, 77.57",
        "solution": "single base",
        "misc": "caster.cddis.eosdis.nasa.gov:443/IISC00IND0(2)",
        "color": "red",
        "align": "left",
        "bline": "middle"
      },
      "geometry": {
        "type": "Point",
        "coordinates": [
          77.57,
          13.02
        ]
      }
    },
    {
      "type": "Feature",
      "properties": {
        "name": "IITK00IND0",
        "identifier": "Uttar Pradesh",
        "data_format": "RTCM 3.3",
        "format_details": "1006(10),1008(10),1013(10),1019,1020,1033(10),1042,1044,1045,1046,1077(1),1087(1),1097(1),1117(1),1127(1),1230(10),4094(10)",
        "carrier": "L2",
        "nav_system": "GPS+GLO+GAL+BDS+QZS",
        "network": "IGS",
        "country": "IND",
        "coordinates": "26.52, 80.23",
        "solution": "single base",
        "misc": "ntrip.data.gnss.ga.gov.au:443/IITK00IND0(1)",
        "color": "red",
        "align": "left",
        "bline": "middle"
      },
      "geometry": {
        "type": "Point",
        "coordinates": [
          80.23,
          26.52
        ]
      }
    },
    {
      "type": "Feature",
      "properties": {
        "name": "IMPZ00BRA0",
        "identifier": "Imperatriz",
        "data_format": "RTCM 3.3",
        "format_details": "1006(15),1008(15),1013(60),1019,1020,1033(15),1042,1045,1046,1077(1),1087(1),1097(1),1127(1),1230(15)",
        "carrier": "L2",
        "nav_system": "GPS+GLO+GAL+BDS",
        "network": "IGS",
        "country": "BRA",
        "coordinates": "-5.49, -47.5",
        "solution": "single base",
        "misc": "gps-ntrip.ibge.gov.br:2101/IMPZ(1)",
        "color": "red",
        "align": "left",
        "bline": "middle"
      },
      "geometry": {
        "type": "Point",
        "coordinates": [
          -47.5,
          -5.49
        ]
      }
    },
    {
      "type": "Feature",
      "properties": {
        "name": "IQAL00CAN0",
        "identifier": "Iqaluit",
        "data_format": "RTCM 3.2",
        "format_details": "1006(10),1008(10),1013(60),1019,1020,1033(10),1077(1),1087(1),1097(1)",
        "carrier": "L2",
        "nav_system": "GPS+GLO+GAL",
        "network": "IGS",
        "country": "CAN",
        "coordinates": "63.76, -68.51",
        "solution": "single base",
        "misc": "rt.cacsb.nrcan.gc.ca:12108/IQAL00CAN0(1)",
        "color": "red",
        "align": "left",
        "bline": "middle"
      },
      "geometry": {
        "type": "Point",
        "coordinates": [
          -68.51,
          63.76
        ]
      }
    },
    {
      "type": "Feature",
      "properties": {
        "name": "IQQE00CHL0",
        "identifier": "Iquique",
        "data_format": "RTCM 3.1",
        "format_details": "1004(1),1005(60),1007(60),1012(1),1033(60)",
        "carrier": "L2",
        "nav_system": "GPS+GLO",
        "network": "IGS",
        "country": "CHL",
        "coordinates": "-20.27, -70.13",
        "solution": "single base",
        "misc": "rtgpsout.earthscope.org:2101/IQQE_RTCM3",
        "color": "red",
        "align": "left",
        "bline": "middle"
      },
      "geometry": {
        "type": "Point",
        "coordinates": [
          -70.13,
          -20.27
        ]
      }
    },
    {
      "type": "Feature",
      "properties": {
        "name": "ISHI00JPN0",
        "identifier": "Ishioka",
        "data_format": "RTCM 3.3",
        "format_details": "1019,1020,1044,1045,1046,1077(1),1087(1),1097(1),1117(1)",
        "carrier": "L2",
        "nav_system": "GPS+GLO+GAL+QZS",
        "network": "IGS",
        "country": "JPN",
        "coordinates": "36.21, 140.22",
        "solution": "network",
        "misc": "163.42.5.14:2101/ISHI00JPN0(1)",
        "color": "red",
        "align": "left",
        "bline": "middle"
      },
      "geometry": {
        "type": "Point",
        "coordinates": [
          140.22,
          36.21
        ]
      }
    },
    {
      "type": "Feature",
      "properties": {
        "name": "ISTA00TUR0",
        "identifier": "Istanbul",
        "data_format": "RTCM 3.3",
        "format_details": "1006(15),1008(15),1013(60),1019,1020,1033(15),1042,1045,1046,1075(1),1085(1),1095(1),1125(1),1230(15)",
        "carrier": "L2",
        "nav_system": "GPS+GLO+GAL+BDS",
        "network": "IGS",
        "country": "TUR",
        "coordinates": "41.1, 29.02",
        "solution": "single base",
        "misc": "euref-ip.net:2101/ISTA00TUR0(1)",
        "color": "red",
        "align": "left",
        "bline": "middle"
      },
      "geometry": {
        "type": "Point",
        "coordinates": [
          29.02,
          41.1
        ]
      }
    },
    {
      "type": "Feature",
      "properties": {
        "name": "JFNG00CHN0",
        "identifier": "Jiufeng CNES",
        "data_format": "RTCM 3.3",
        "format_details": "1006(76),1008(111),1013(151),1019,1020,1033(90),1042,1044,1045,1046,1077(4),1087(4),1097(4),1117(4),1127(4),1230(76)",
        "carrier": "L2",
        "nav_system": "GPS+GLO+GAL+BDS+QZS",
        "network": "IGS",
        "country": "CHN",
        "coordinates": "30.52, 114.49",
        "solution": "single base",
        "misc": "rgp-ip.ign.fr:2101/JFNG00CHN0(1)",
        "color": "red",
        "align": "left",
        "bline": "middle"
      },
      "geometry": {
        "type": "Point",
        "coordinates": [
          114.49,
          30.52
        ]
      }
    },
    {
      "type": "Feature",
      "properties": {
        "name": "JOG200IDN0",
        "identifier": "Yogyakarta",
        "data_format": "RTCM 3.3",
        "format_details": "1006(10),1007(10),1008(10),1019,1020,1033(10),1043,1045,1046,1077(1),1087(1),1097(1),1107(1),1117(1),1127(1),1137(1)",
        "carrier": "L2",
        "nav_system": "GPS+GLO+GAL+BDS+QZS+IRS+SBAS",
        "network": "IGS",
        "country": "IDN",
        "coordinates": "-7.76, 110.37",
        "solution": "network",
        "misc": "GFZ",
        "color": "red",
        "align": "left",
        "bline": "middle"
      },
      "geometry": {
        "type": "Point",
        "coordinates": [
          110.37,
          -7.76
        ]
      }
    },
    {
      "type": "Feature",
      "properties": {
        "name": "JOZ200POL0",
        "identifier": "Jozefoslaw-Warsaw",
        "data_format": "RTCM 3.2",
        "format_details": "1006(10),1008(10),1013(10),1019,1020,1033(10),1074(1),1084(1),1094(1),1124(1),1230(10)",
        "carrier": "L2",
        "nav_system": "GPS+GLO+GAL+BDS",
        "network": "IGS",
        "country": "POL",
        "coordinates": "52.1, 21.03",
        "solution": "single base",
        "misc": "euref-ip.net:2101/JOZ200POL0(1)",
        "color": "red",
        "align": "left",
        "bline": "middle"
      },
      "geometry": {
        "type": "Point",
        "coordinates": [
          21.03,
          52.1
        ]
      }
    },
    {
      "type": "Feature",
      "properties": {
        "name": "JPLM00USA0",
        "identifier": "Pasadena",
        "data_format": "RTCM 3.2",
        "format_details": "1076(1)",
        "carrier": "L2",
        "nav_system": "GPS",
        "network": "IGS",
        "country": "USA",
        "coordinates": "34.2, -118.17",
        "solution": "single base",
        "misc": "caster.cddis.eosdis.nasa.gov:443/JPLM00USA0(2)",
        "color": "red",
        "align": "left",
        "bline": "middle"
      },
      "geometry": {
        "type": "Point",
        "coordinates": [
          -118.17,
          34.2
        ]
      }
    },
    {
      "type": "Feature",
      "properties": {
        "name": "KARR00AUS0",
        "identifier": "Harding_River Dam",
        "data_format": "RTCM 3.3",
        "format_details": "1019,1020,1042,1044,1045,1046,1077(39),1087(20),1097(20),1117(20),1127(13)",
        "carrier": "L2",
        "nav_system": "GPS+GLO+GAL+BDS+QZS",
        "network": "IGS",
        "country": "AUS",
        "coordinates": "-20.98, 117.1",
        "solution": "single base",
        "misc": "ntrip.data.gnss.ga.gov.au:443/KARR00AUS0(1)",
        "color": "red",
        "align": "left",
        "bline": "middle"
      },
      "geometry": {
        "type": "Point",
        "coordinates": [
          117.1,
          -20.98
        ]
      }
    },
    {
      "type": "Feature",
      "properties": {
        "name": "KAT100AUS0",
        "identifier": "Katherine",
        "data_format": "RTCM 3.3",
        "format_details": "1006(10),1013(10),1019,1020,1033(10),1042,1044,1045,1046,1077(1),1087(1),1097(1),1117(1),1127(1),1230(10)",
        "carrier": "L2",
        "nav_system": "GPS+GLO+GAL+BDS+QZS",
        "network": "IGS",
        "country": "AUS",
        "coordinates": "-14.38, 132.15",
        "solution": "single base",
        "misc": "ntrip.data.gnss.ga.gov.au:443/KAT100AUS0(1)",
        "color": "red",
        "align": "left",
        "bline": "middle"
      },
      "geometry": {
        "type": "Point",
        "coordinates": [
          132.15,
          -14.38
        ]
      }
    },
    {
      "type": "Feature",
      "properties": {
        "name": "KERG00ATF0",
        "identifier": "Kerguelen",
        "data_format": "RTCM 3.3",
        "format_details": "1006(10),1013(10),1019,1020,1033(10),1042,1044,1045,1046,1077(1),1087(1),1097(1),1117(1),1127(1),1230(10),4094(10)",
        "carrier": "L2",
        "nav_system": "GPS+GLO+GAL+BDS+QZS",
        "network": "IGS",
        "country": "ATF",
        "coordinates": "-49.35, 70.26",
        "solution": "network",
        "misc": "rgp-ip.ign.fr:2101/KERG00ATF0(1)",
        "color": "red",
        "align": "left",
        "bline": "middle"
      },
      "geometry": {
        "type": "Point",
        "coordinates": [
          70.26,
          -49.35
        ]
      }
    },
    {
      "type": "Feature",
      "properties": {
        "name": "KIR000SWE0",
        "identifier": "Kiruna",
        "data_format": "RTCM 3.3",
        "format_details": "1006(10),1008(10),1019,1020,1033(10),1042,1045,1046,1075(1),1085(1),1095(1),1115(1),1125(1),1230(10)",
        "carrier": "L2",
        "nav_system": "GPS+GLO+GAL+BDS+QZS",
        "network": "IGS",
        "country": "SWE",
        "coordinates": "67.88, 21.06",
        "solution": "single base",
        "misc": "ntripdist-swepos.lm.se:8504/KIR000SWE0(1)",
        "color": "red",
        "align": "left",
        "bline": "middle"
      },
      "geometry": {
        "type": "Point",
        "coordinates": [
          21.06,
          67.88
        ]
      }
    },
    {
      "type": "Feature",
      "properties": {
        "name": "KIR800SWE0",
        "identifier": "Kiruna_Mast",
        "data_format": "RTCM 3.3",
        "format_details": "1006(10),1013(10),1019,1020,1033(10),1042,1045,1046,1075(1),1085(1),1095(1),1125(1),1230(10),4094(10)",
        "carrier": "L2",
        "nav_system": "GPS+GLO+GAL+BDS",
        "network": "IGS",
        "country": "SWE",
        "coordinates": "67.88, 21.06",
        "solution": "single base",
        "misc": "ntripdist-swepos.lm.se:8504/KIR800SWE0(1)",
        "color": "red",
        "align": "left",
        "bline": "middle"
      },
      "geometry": {
        "type": "Point",
        "coordinates": [
          21.06,
          67.88
        ]
      }
    },
    {
      "type": "Feature",
      "properties": {
        "name": "KIRG01KIR0",
        "identifier": "Betio",
        "data_format": "RTCM 3.3",
        "format_details": "1006(30),1007(30),1008(30),1013(30),1019,1020,1029(30),1033(30),1042,1044,1045,1046,1077(1),1087(1),1097(1),1107(1),1117(1),1127(1),1137(1),1230(30)",
        "carrier": "L2",
        "nav_system": "GPS+GLO+GAL+BDS+QZS+IRS+SBAS",
        "network": "IGS",
        "country": "KIR",
        "coordinates": "1.35, 172.92",
        "solution": "single base",
        "misc": "rgp-ip.ign.fr:2101/KIRG01KIR0(1)",
        "color": "red",
        "align": "left",
        "bline": "middle"
      },
      "geometry": {
        "type": "Point",
        "coordinates": [
          172.92,
          1.35
        ]
      }
    },
    {
      "type": "Feature",
      "properties": {
        "name": "KIRI00KIR0",
        "identifier": "Betio",
        "data_format": "RTCM 3.3",
        "format_details": "1006(10),1013(10),1019,1020,1033(10),1042,1044,1045,1046,1077(1),1087(1),1097(1),1117(1),1127(1),1230(10)",
        "carrier": "L2",
        "nav_system": "GPS+GLO+GAL+BDS+QZS",
        "network": "IGS",
        "country": "KIR",
        "coordinates": "1.35, 172.92",
        "solution": "single base",
        "misc": "ntrip.data.gnss.ga.gov.au:443/KIRI00KIR0(1)",
        "color": "red",
        "align": "left",
        "bline": "middle"
      },
      "geometry": {
        "type": "Point",
        "coordinates": [
          172.92,
          1.35
        ]
      }
    },
    {
      "type": "Feature",
      "properties": {
        "name": "KIRU00SWE0",
        "identifier": "Kiruna",
        "data_format": "RTCM 3.2",
        "format_details": "1006(60),1013(60),1019,1033(60),1077(1)",
        "carrier": "No info",
        "nav_system": "GPS",
        "network": "IGS",
        "country": "SWE",
        "coordinates": "67.86, 20.97",
        "solution": "network",
        "misc": "navrelayvm1.esoc.ops.esa.int:2101/KIRU00SWE1(1)",
        "color": "red",
        "align": "left",
        "bline": "middle"
      },
      "geometry": {
        "type": "Point",
        "coordinates": [
          20.97,
          67.86
        ]
      }
    },
    {
      "type": "Feature",
      "properties": {
        "name": "KIT300UZB0",
        "identifier": "Kitab",
        "data_format": "RTCM 3.3",
        "format_details": "1006(10),1007(10),1008(10),1019,1020,1033(10),1042,1045,1046,1077(1),1087(1),1097(1),1127(1)",
        "carrier": "No info",
        "nav_system": "GPS+GLO+GAL+BDS",
        "network": "IGS",
        "country": "UZB",
        "coordinates": "39.13, 66.89",
        "solution": "single base",
        "misc": "GFZ",
        "color": "red",
        "align": "left",
        "bline": "middle"
      },
      "geometry": {
        "type": "Point",
        "coordinates": [
          66.89,
          39.13
        ]
      }
    },
    {
      "type": "Feature",
      "properties": {
        "name": "KITG00UZB0",
        "identifier": "Kitab",
        "data_format": "RTCM 3.3",
        "format_details": "1006(30),1007(30),1008(30),1013(30),1019,1020,1029(30),1033(30),1041,1042,1043,1044,1045,1046,1077(1),1087(1),1097(1),1107(1),1117(1),1127(1),1137(1),1230(30)",
        "carrier": "L2",
        "nav_system": "GPS+GLO+GAL+BDS+QZS+IRS+SBAS",
        "network": "IGS",
        "country": "UZB",
        "coordinates": "39.13, 66.89",
        "solution": "single base",
        "misc": "rgp-ip.ign.fr:2101/KITG00UZB0(1)",
        "color": "red",
        "align": "left",
        "bline": "middle"
      },
      "geometry": {
        "type": "Point",
        "coordinates": [
          66.89,
          39.13
        ]
      }
    },
    {
      "type": "Feature",
      "properties": {
        "name": "KOKV00USA0",
        "identifier": "Kokee Park, Waimea",
        "data_format": "RTCM 3.2",
        "format_details": "1076(1)",
        "carrier": "L2",
        "nav_system": "GPS",
        "network": "IGS",
        "country": "USA",
        "coordinates": "22.13, -159.66",
        "solution": "single base",
        "misc": "caster.cddis.eosdis.nasa.gov:443/KOKV00USA0(2)",
        "color": "red",
        "align": "left",
        "bline": "middle"
      },
      "geometry": {
        "type": "Point",
        "coordinates": [
          -159.66,
          22.13
        ]
      }
    },
    {
      "type": "Feature",
      "properties": {
        "name": "KOS100NLD0",
        "identifier": "Radio-Kootwijk",
        "data_format": "RTCM 3.3",
        "format_details": "1006(15),1008(15),1013(1),1019,1020,1033(15),1041,1042,1044,1045,1046,1077(1),1087(1),1097(1),1107(1),1117(1),1127(1),1137(1),1230(15)",
        "carrier": "L2",
        "nav_system": "GPS+GLO+GAL+BDS+QZS+IRS+SBAS",
        "network": "IGS",
        "country": "NLD",
        "coordinates": "52.17, 5.82",
        "solution": "single base",
        "misc": "euref-ip.net:2101/KOS100NLD0(2)",
        "color": "red",
        "align": "left",
        "bline": "middle"
      },
      "geometry": {
        "type": "Point",
        "coordinates": [
          5.82,
          52.17
        ]
      }
    },
    {
      "type": "Feature",
      "properties": {
        "name": "KOUC00NCL0",
        "identifier": "Koumac",
        "data_format": "RTCM 3.3",
        "format_details": "1005(5),1007(5),1019,1020,1033(5),1042,1044,1046,1074(1),1084(1),1094(1),1114(1),1124(1),1230(5),4094(1)",
        "carrier": "L2",
        "nav_system": "GPS+GLO+GAL+BDS+QZS",
        "network": "IGS",
        "country": "NCL",
        "coordinates": "-20.56, 164.29",
        "solution": "single base",
        "misc": "DITTT",
        "color": "red",
        "align": "left",
        "bline": "middle"
      },
      "geometry": {
        "type": "Point",
        "coordinates": [
          164.29,
          -20.56
        ]
      }
    },
    {
      "type": "Feature",
      "properties": {
        "name": "KOUG00GUF0",
        "identifier": "Kourou",
        "data_format": "RTCM 3.3",
        "format_details": "1006(30),1007(30),1008(30),1013(30),1019,1020,1029(30),1033(30),1042,1045,1046,1077(1),1087(1),1097(1),1107(1),1127(1),1230(30)",
        "carrier": "L2",
        "nav_system": "GPS+GLO+GAL+BDS+SBAS",
        "network": "IGS",
        "country": "GUF",
        "coordinates": "5.1, -52.64",
        "solution": "network",
        "misc": "rgp-ip.ign.fr:2101/KOUG00GUF0(1)",
        "color": "red",
        "align": "left",
        "bline": "middle"
      },
      "geometry": {
        "type": "Point",
        "coordinates": [
          -52.64,
          5.1
        ]
      }
    },
    {
      "type": "Feature",
      "properties": {
        "name": "KOUR00GUF0",
        "identifier": "Kourou",
        "data_format": "RTCM 3.2",
        "format_details": "1006(60),1013(60),1019,1033(60),1077(1)",
        "carrier": "No info",
        "nav_system": "GPS",
        "network": "IGS",
        "country": "GUF",
        "coordinates": "5.25, -52.81",
        "solution": "network",
        "misc": "navrelayvm1.esoc.ops.esa.int:2101/KOUR00GUF1(1)",
        "color": "red",
        "align": "left",
        "bline": "middle"
      },
      "geometry": {
        "type": "Point",
        "coordinates": [
          -52.81,
          5.25
        ]
      }
    },
    {
      "type": "Feature",
      "properties": {
        "name": "KRGG00ATF0",
        "identifier": "Kerguelen",
        "data_format": "RTCM 3.3",
        "format_details": "1006(10),1013(10),1019,1020,1033(10),1041,1042,1044,1045,1046,1077(1),1087(1),1097(1),1117(1),1127(1),1137(1),1230(10),4094(10)",
        "carrier": "L2",
        "nav_system": "GPS+GLO+GAL+BDS+QZS+IRS",
        "network": "IGS",
        "country": "ATF",
        "coordinates": "-49.35, 70.26",
        "solution": "single base",
        "misc": "rgp-ip.ign.fr:2101/KRGG00ATF0(1)",
        "color": "red",
        "align": "left",
        "bline": "middle"
      },
      "geometry": {
        "type": "Point",
        "coordinates": [
          70.26,
          -49.35
        ]
      }
    },
    {
      "type": "Feature",
      "properties": {
        "name": "KSU100USA0",
        "identifier": "Manhattan",
        "data_format": "RTCM 3.3",
        "format_details": "1005(30),1007(30),1013(1),1019,1020,1033(30),1042,1045,1046,1077(1),1087(1),1097(1),1107(1),1127(1),1230(5)",
        "carrier": "L2",
        "nav_system": "GPS+GLO+GAL+BDS+SBAS",
        "network": "IGS",
        "country": "USA",
        "coordinates": "39.1, -96.61",
        "solution": "single base",
        "misc": "rtgpsout.earthscope.org:2101/KSU1_RTCM3(1)",
        "color": "red",
        "align": "left",
        "bline": "middle"
      },
      "geometry": {
        "type": "Point",
        "coordinates": [
          -96.61,
          39.1
        ]
      }
    },
    {
      "type": "Feature",
      "properties": {
        "name": "KUJ200CAN0",
        "identifier": "Kuujjuarapik",
        "data_format": "RTCM 3.2",
        "format_details": "1006(10),1008(10),1013(60),1019,1020,1033(10),1077(1),1087(1),1097(1)",
        "carrier": "L2",
        "nav_system": "GPS+GLO+GAL",
        "network": "IGS",
        "country": "CAN",
        "coordinates": "55.29, -77.74",
        "solution": "single base",
        "misc": "rt.cacsb.nrcan.gc.ca:12108/KUJ200CAN0(1)",
        "color": "red",
        "align": "left",
        "bline": "middle"
      },
      "geometry": {
        "type": "Point",
        "coordinates": [
          -77.74,
          55.29
        ]
      }
    },
    {
      "type": "Feature",
      "properties": {
        "name": "KZN200RUS0",
        "identifier": "Kazan",
        "data_format": "RTCM 3.2",
        "format_details": "1006(10),1008(10),1013(10),1019,1020,1033(10),1074(1),1084(1),1094(1),1114(1),1124(1),1230(10),4094(10)",
        "carrier": "L2",
        "nav_system": "GPS+GLO+GAL+BDS+QZS",
        "network": "IGS",
        "country": "RUS",
        "coordinates": "55.79, 49.12",
        "solution": "network",
        "misc": "178.213.241.24:2102/KZN2(1)",
        "color": "red",
        "align": "left",
        "bline": "middle"
      },
      "geometry": {
        "type": "Point",
        "coordinates": [
          49.12,
          55.79
        ]
      }
    },
    {
      "type": "Feature",
      "properties": {
        "name": "LAMA00POL0",
        "identifier": "Lamkowko",
        "data_format": "RTCM 3.3",
        "format_details": "1004(1),1006(15),1008(15),1012(1),1013(60),1019,1020,1033(15),1045,1046,1230(15)",
        "carrier": "L2",
        "nav_system": "GPS+GLO+GAL",
        "network": "IGS",
        "country": "POL",
        "coordinates": "53.89, 20.67",
        "solution": "single base",
        "misc": "euref-ip.net:2101/LAMA00POL0",
        "color": "red",
        "align": "left",
        "bline": "middle"
      },
      "geometry": {
        "type": "Point",
        "coordinates": [
          20.67,
          53.89
        ]
      }
    },
    {
      "type": "Feature",
      "properties": {
        "name": "LAUT00FJI0",
        "identifier": "Lautoka",
        "data_format": "RTCM 3.3",
        "format_details": "1006(10),1013(10),1019,1020,1033(10),1042,1044,1045,1046,1077(1),1087(1),1097(1),1117(1),1127(1),1230(10)",
        "carrier": "L2",
        "nav_system": "GPS+GLO+GAL+BDS+QZS",
        "network": "IGS",
        "country": "FJI",
        "coordinates": "-17.61, 177.45",
        "solution": "single base",
        "misc": "ntrip.data.gnss.ga.gov.au:443/LAUT00FJI0(1)",
        "color": "red",
        "align": "left",
        "bline": "middle"
      },
      "geometry": {
        "type": "Point",
        "coordinates": [
          177.45,
          -17.61
        ]
      }
    },
    {
      "type": "Feature",
      "properties": {
        "name": "LBCH00USA0",
        "identifier": "Long_Beach",
        "data_format": "RTCM 3.3",
        "format_details": "1005(30),1007(30),1013(1),1019,1020,1033(30),1045,1046,1077(1),1087(1),1097(1),1107(1),1127(1),1230(5)",
        "carrier": "L2",
        "nav_system": "GPS+GLO+GAL+BDS+SBAS",
        "network": "IGS",
        "country": "USA",
        "coordinates": "33.79, -118.2",
        "solution": "single base",
        "misc": "rtgpsout.earthscope.org:2101/LBCH_RTCM3",
        "color": "red",
        "align": "left",
        "bline": "middle"
      },
      "geometry": {
        "type": "Point",
        "coordinates": [
          -118.2,
          33.79
        ]
      }
    },
    {
      "type": "Feature",
      "properties": {
        "name": "LEIJ00DEU0",
        "identifier": "Leipzig",
        "data_format": "RTCM 3.3",
        "format_details": "1006(30),1008(30),1019,1020,1033(30),1042,1045,1046,1077(1),1087(1),1097(1),1127(1),1230(60)",
        "carrier": "L2",
        "nav_system": "GPS+GLO+GAL+BDS",
        "network": "IGS",
        "country": "DEU",
        "coordinates": "51.35, 12.37",
        "solution": "single base",
        "misc": "gref-ip.de:2101/LEIJ00DEU0(1)",
        "color": "red",
        "align": "left",
        "bline": "middle"
      },
      "geometry": {
        "type": "Point",
        "coordinates": [
          12.37,
          51.35
        ]
      }
    },
    {
      "type": "Feature",
      "properties": {
        "name": "LHAZ00CHN0",
        "identifier": "Lhasa",
        "data_format": "RTCM 3.3",
        "format_details": "1006(15),1008(15),1013(60),1019,1020,1033(15),1042,1045,1046,1075(1),1085(1),1095(1),1125(1),1230(15)",
        "carrier": "L2",
        "nav_system": "GPS+GLO+GAL+BDS",
        "network": "IGS",
        "country": "CHN",
        "coordinates": "29.66, 91.1",
        "solution": "single base",
        "misc": "BKG",
        "color": "red",
        "align": "left",
        "bline": "middle"
      },
      "geometry": {
        "type": "Point",
        "coordinates": [
          91.1,
          29.66
        ]
      }
    },
    {
      "type": "Feature",
      "properties": {
        "name": "LICC00GBR0",
        "identifier": "London",
        "data_format": "RTCM 3.2",
        "format_details": "1006(10),1033(10),1074(1),1084(1),1094(1),1124(1)",
        "carrier": "L2",
        "nav_system": "GPS+GLO+GAL+BDS",
        "network": "IGS",
        "country": "GBR",
        "coordinates": "51.5, -0.17",
        "solution": "single base",
        "misc": "euref-ip.net:2101/LICC00GBR0(2)",
        "color": "red",
        "align": "left",
        "bline": "middle"
      },
      "geometry": {
        "type": "Point",
        "coordinates": [
          -0.17,
          51.5
        ]
      }
    },
    {
      "type": "Feature",
      "properties": {
        "name": "LMMF00MTQ0",
        "identifier": "Le-Lamentin",
        "data_format": "RTCM 3.3",
        "format_details": "1006(10),1013(10),1019,1020,1033(10),1042,1045,1046,1077(1),1087(1),1097(1),1127(1),1230(10),4094(10)",
        "carrier": "L2",
        "nav_system": "GPS+GLO+GAL+BDS",
        "network": "IGS",
        "country": "MTQ",
        "coordinates": "14.59, -61.0",
        "solution": "single base",
        "misc": "rgp-ip.ign.fr:2101/LMMF00MTQ7(1)",
        "color": "red",
        "align": "left",
        "bline": "middle"
      },
      "geometry": {
        "type": "Point",
        "coordinates": [
          -61.0,
          14.59
        ]
      }
    },
    {
      "type": "Feature",
      "properties": {
        "name": "LPAL00ESP0",
        "identifier": "La_Palma",
        "data_format": "RTCM 3.3",
        "format_details": "1006(15),1008(15),1013(60),1019,1020,1033(15),1042,1045,1046,1077(1),1087(1),1097(1),1127(1),1230(15)",
        "carrier": "L2",
        "nav_system": "GPS+GLO+GAL+BDS",
        "network": "IGS",
        "country": "ESP",
        "coordinates": "28.76, -17.89",
        "solution": "single base",
        "misc": "ergnss-ip.ign.es:2101/LPAL0(1)",
        "color": "red",
        "align": "left",
        "bline": "middle"
      },
      "geometry": {
        "type": "Point",
        "coordinates": [
          -17.89,
          28.76
        ]
      }
    },
    {
      "type": "Feature",
      "properties": {
        "name": "LPGS00ARG0",
        "identifier": "La_Plata",
        "data_format": "RTCM 3.3",
        "format_details": "1006(10),1007(10),1008(10),1019,1020,1033(10),1042,1045,1046,1077(1),1087(1),1097(1),1127(1)",
        "carrier": "No info",
        "nav_system": "GPS+GLO+GAL+BDS",
        "network": "IGS",
        "country": "ARG",
        "coordinates": "-34.91, -57.93",
        "solution": "single base",
        "misc": "GFZ",
        "color": "red",
        "align": "left",
        "bline": "middle"
      },
      "geometry": {
        "type": "Point",
        "coordinates": [
          -57.93,
          -34.91
        ]
      }
    },
    {
      "type": "Feature",
      "properties": {
        "name": "LYR100NOR0",
        "identifier": "Longyearbyen",
        "data_format": "RTCM 3.2",
        "format_details": "1033(1),1074(1),1084(1),1094(1),1124(1)",
        "carrier": "L2",
        "nav_system": "GPS+GLO+GAL+BDS",
        "network": "MISC",
        "country": "NOR",
        "coordinates": "78.23, 15.4",
        "solution": "single base",
        "misc": "FUGRO",
        "color": "red",
        "align": "left",
        "bline": "middle"
      },
      "geometry": {
        "type": "Point",
        "coordinates": [
          15.4,
          78.23
        ]
      }
    },
    {
      "type": "Feature",
      "properties": {
        "name": "M0SE00ITA0",
        "identifier": "Rome",
        "data_format": "RTCM 3.3",
        "format_details": "1006(15),1008(15),1013(10),1019,1020,1033(15),1042,1045,1046,1077(1),1087(1),1097(1),1127(1),1230(15)",
        "carrier": "L2",
        "nav_system": "GPS+GLO+GAL+BDS",
        "network": "IGS",
        "country": "ITA",
        "coordinates": "41.89, 12.49",
        "solution": "single base",
        "misc": "euref-ip.net:2101/M0SE00ITA0(2)",
        "color": "red",
        "align": "left",
        "bline": "middle"
      },
      "geometry": {
        "type": "Point",
        "coordinates": [
          12.49,
          41.89
        ]
      }
    },
    {
      "type": "Feature",
      "properties": {
        "name": "MAC100AUS0",
        "identifier": "MacQuarie_Island",
        "data_format": "RTCM 3.3",
        "format_details": "1006(10),1013(10),1019,1020,1033(10),1042,1044,1045,1046,1077(1),1087(1),1097(1),1117(1),1127(1),1230(10)",
        "carrier": "L2",
        "nav_system": "GPS+GLO+GAL+BDS+QZS",
        "network": "IGS",
        "country": "AUS",
        "coordinates": "-54.5, 158.94",
        "solution": "single base",
        "misc": "ntrip.data.gnss.ga.gov.au:443/MAC100AUS0(1)",
        "color": "red",
        "align": "left",
        "bline": "middle"
      },
      "geometry": {
        "type": "Point",
        "coordinates": [
          158.94,
          -54.5
        ]
      }
    },
    {
      "type": "Feature",
      "properties": {
        "name": "MADR00ESP0",
        "identifier": "Robledo",
        "data_format": "RTCM 3.2",
        "format_details": "1076(1)",
        "carrier": "L2",
        "nav_system": "GPS",
        "network": "IGS",
        "country": "ESP",
        "coordinates": "40.43, -4.25",
        "solution": "single base",
        "misc": "caster.cddis.eosdis.nasa.gov:443/MADR00ESP0(2)",
        "color": "red",
        "align": "left",
        "bline": "middle"
      },
      "geometry": {
        "type": "Point",
        "coordinates": [
          -4.25,
          40.43
        ]
      }
    },
    {
      "type": "Feature",
      "properties": {
        "name": "MAJU00MHL0",
        "identifier": "Majuro",
        "data_format": "RTCM 3.3",
        "format_details": "1006(10),1013(10),1019,1020,1033(10),1042,1044,1045,1046,1077(1),1087(1),1097(1),1117(1),1127(1),1230(10)",
        "carrier": "L2",
        "nav_system": "GPS+GLO+GAL+BDS+QZS",
        "network": "IGS",
        "country": "MHL",
        "coordinates": "7.12, 171.36",
        "solution": "single base",
        "misc": "ntrip.data.gnss.ga.gov.au:443/MAJU00MHL0(1)",
        "color": "red",
        "align": "left",
        "bline": "middle"
      },
      "geometry": {
        "type": "Point",
        "coordinates": [
          171.36,
          7.12
        ]
      }
    },
    {
      "type": "Feature",
      "properties": {
        "name": "MAL200KEN0",
        "identifier": "Malinde",
        "data_format": "RTCM 3.2",
        "format_details": "1006(60),1013(60),1019,1033(60),1077(1)",
        "carrier": "No info",
        "nav_system": "GPS",
        "network": "IGS",
        "country": "KEN",
        "coordinates": "-3.0, 40.19",
        "solution": "network",
        "misc": "navrelayvm1.esoc.ops.esa.int:2101/MAL200KEN1(1)",
        "color": "red",
        "align": "left",
        "bline": "middle"
      },
      "geometry": {
        "type": "Point",
        "coordinates": [
          40.19,
          -3.0
        ]
      }
    },
    {
      "type": "Feature",
      "properties": {
        "name": "MALL00ESP0",
        "identifier": "Mallorca",
        "data_format": "RTCM 3.3",
        "format_details": "1006(15),1008(15),1013(60),1019,1020,1033(15),1042,1045,1046,1077(1),1087(1),1097(1),1127(1),1230(15)",
        "carrier": "L2",
        "nav_system": "GPS+GLO+GAL+BDS",
        "network": "IGS",
        "country": "ESP",
        "coordinates": "39.55, 2.62",
        "solution": "single base",
        "misc": "euref-ip.net:2101/MALL00ESP0",
        "color": "red",
        "align": "left",
        "bline": "middle"
      },
      "geometry": {
        "type": "Point",
        "coordinates": [
          2.62,
          39.55
        ]
      }
    },
    {
      "type": "Feature",
      "properties": {
        "name": "MANA00NIC0",
        "identifier": "Managua",
        "data_format": "RTCM 3.1",
        "format_details": "1004(1),1005(30),1007(30),1012(1),1019,1020,1029,1033(30)",
        "carrier": "L2",
        "nav_system": "GPS+GLO",
        "network": "IGS",
        "country": "NIC",
        "coordinates": "12.15, -86.25",
        "solution": "single base",
        "misc": "rtgpsout.earthscope.org:2101/MANA_RTCM3",
        "color": "red",
        "align": "left",
        "bline": "middle"
      },
      "geometry": {
        "type": "Point",
        "coordinates": [
          -86.25,
          12.15
        ]
      }
    },
    {
      "type": "Feature",
      "properties": {
        "name": "MAO000USA0",
        "identifier": "Maui",
        "data_format": "RTCM 3.3",
        "format_details": "1006(30),1008(30),1013(60),1019,1020,1033(30),1042,1043,1044,1045,1046,1077(1),1087(1),1097(1),1107(1),1117(1),1127(1)",
        "carrier": "L2",
        "nav_system": "GPS+GLO+GAL+BDS+QZS+SBAS",
        "network": "MGEX",
        "country": "USA",
        "coordinates": "20.71, -156.26",
        "solution": "single base",
        "misc": "DLR/Haleakala Observatory",
        "color": "red",
        "align": "left",
        "bline": "middle"
      },
      "geometry": {
        "type": "Point",
        "coordinates": [
          -156.26,
          20.71
        ]
      }
    },
    {
      "type": "Feature",
      "properties": {
        "name": "MAR600SWE0",
        "identifier": "Martsbo",
        "data_format": "RTCM 3.3",
        "format_details": "1006(10),1008(10),1019,1020,1033(10),1042,1045,1046,1075(1),1085(1),1095(1),1115(1),1125(1),1230(10)",
        "carrier": "L2",
        "nav_system": "GPS+GLO+GAL+BDS+QZS",
        "network": "IGS",
        "country": "SWE",
        "coordinates": "60.6, 17.26",
        "solution": "single base",
        "misc": "ntripdist-swepos.lm.se:8504/MAR600SWE0(1)",
        "color": "red",
        "align": "left",
        "bline": "middle"
      },
      "geometry": {
        "type": "Point",
        "coordinates": [
          17.26,
          60.6
        ]
      }
    },
    {
      "type": "Feature",
      "properties": {
        "name": "MAR700SWE0",
        "identifier": "Martsbo_Mast",
        "data_format": "RTCM 3.3",
        "format_details": "1006(10),1013(10),1019,1020,1033(10),1042,1045,1046,1075(1),1085(1),1095(1),1125(1),1230(10),4094(10)",
        "carrier": "L2",
        "nav_system": "GPS+GLO+GAL+BDS",
        "network": "IGS",
        "country": "SWE",
        "coordinates": "60.6, 17.26",
        "solution": "single base",
        "misc": "ntripdist-swepos.lm.se:8504/MAR700SWE0(1)",
        "color": "red",
        "align": "left",
        "bline": "middle"
      },
      "geometry": {
        "type": "Point",
        "coordinates": [
          17.26,
          60.6
        ]
      }
    },
    {
      "type": "Feature",
      "properties": {
        "name": "MARS00FRA0",
        "identifier": "Marseille",
        "data_format": "RTCM 3.3",
        "format_details": "1006(60),1008(60),1013(60),1019,1020,1033(60),1042,1045,1046,1077(1),1087(1),1097(1),1127(1),1230(60)",
        "carrier": "L2",
        "nav_system": "GPS+GLO+GAL+BDS",
        "network": "IGS",
        "country": "FRA",
        "coordinates": "43.28, 5.35",
        "solution": "single base",
        "misc": "rgp-ip.ign.fr:2101/MARS1(1)",
        "color": "red",
        "align": "left",
        "bline": "middle"
      },
      "geometry": {
        "type": "Point",
        "coordinates": [
          5.35,
          43.28
        ]
      }
    },
    {
      "type": "Feature",
      "properties": {
        "name": "MAS100ESP0",
        "identifier": "Maspalomas",
        "data_format": "RTCM 3.2",
        "format_details": "1006(60),1013(60),1019,1033(60),1077(1)",
        "carrier": "No info",
        "nav_system": "GPS",
        "network": "IGS",
        "country": "ESP",
        "coordinates": "27.76, -15.63",
        "solution": "network",
        "misc": "navrelayvm1.esoc.ops.esa.int:2101/MAS100ESP1(1)",
        "color": "red",
        "align": "left",
        "bline": "middle"
      },
      "geometry": {
        "type": "Point",
        "coordinates": [
          -15.63,
          27.76
        ]
      }
    },
    {
      "type": "Feature",
      "properties": {
        "name": "MAT100ITA0",
        "identifier": "MATERA",
        "data_format": "RTCM 3.3",
        "format_details": "1006(60),1008(60),1013(60),1019,1020,1033(60),1042,1045,1046,1077(1),1087(1),1097(1),1127(1),1230(60)",
        "carrier": "L2",
        "nav_system": "GPS+GLO+GAL+BDS",
        "network": "IGS",
        "country": "ITA",
        "coordinates": "40.65, 16.7",
        "solution": "single base",
        "misc": "euref-ip.net:2101/MAT100ITA0",
        "color": "red",
        "align": "left",
        "bline": "middle"
      },
      "geometry": {
        "type": "Point",
        "coordinates": [
          16.7,
          40.65
        ]
      }
    },
    {
      "type": "Feature",
      "properties": {
        "name": "MATE00ITA0",
        "identifier": "Matera",
        "data_format": "RTCM 3.3",
        "format_details": "1006(60),1008(60),1013(60),1019,1020,1033(60),1042,1045,1046,1077(1),1087(1),1097(1),1127(1),1230(60)",
        "carrier": "L2",
        "nav_system": "GPS+GLO+GAL+BDS",
        "network": "IGS",
        "country": "ITA",
        "coordinates": "40.65, 16.7",
        "solution": "single base",
        "misc": "192.106.274.7:2101/MATE00ITA0(1)",
        "color": "red",
        "align": "left",
        "bline": "middle"
      },
      "geometry": {
        "type": "Point",
        "coordinates": [
          16.7,
          40.65
        ]
      }
    },
    {
      "type": "Feature",
      "properties": {
        "name": "MATG00ITA0",
        "identifier": "Matera",
        "data_format": "RTCM 3.3",
        "format_details": "1006(60),1008(60),1013(60),1019,1020,1033(60),1045,1046,1077(1),1087(1),1097(1),1230(60)",
        "carrier": "L2",
        "nav_system": "GPS+GLO+GAL",
        "network": "IGS",
        "country": "ITA",
        "coordinates": "40.65, 16.7",
        "solution": "single base",
        "misc": "euref-ip.net:2101/MATG00ITA0(2)",
        "color": "red",
        "align": "left",
        "bline": "middle"
      },
      "geometry": {
        "type": "Point",
        "coordinates": [
          16.7,
          40.65
        ]
      }
    },
    {
      "type": "Feature",
      "properties": {
        "name": "MAW100ATA0",
        "identifier": "Mawson",
        "data_format": "RTCM 3.3",
        "format_details": "1006(10),1013(10),1019,1020,1033(10),1042,1044,1045,1046,1077(1),1087(1),1097(1),1117(1),1127(1),1230(10)",
        "carrier": "L2",
        "nav_system": "GPS+GLO+GAL+BDS+QZS",
        "network": "IGS",
        "country": "ATA",
        "coordinates": "-67.6, 62.87",
        "solution": "single base",
        "misc": "ntrip.data.gnss.ga.gov.au:443/MAW100ATA0(1)",
        "color": "red",
        "align": "left",
        "bline": "middle"
      },
      "geometry": {
        "type": "Point",
        "coordinates": [
          62.87,
          -67.6
        ]
      }
    },
    {
      "type": "Feature",
      "properties": {
        "name": "MAYG00MYT0",
        "identifier": "Mayotte",
        "data_format": "RTCM 3.3",
        "format_details": "1006(10),1008(10),1013(10),1019,1020,1033(10),1041,1042,1045,1046,1077(1),1087(1),1097(1),1127(1),1137(1),1230(10)",
        "carrier": "L2",
        "nav_system": "GPS+GLO+GAL+BDS+IRS",
        "network": "IGS",
        "country": "MYT",
        "coordinates": "-12.78, 45.26",
        "solution": "single base",
        "misc": "rgp-ip.ign.fr:2101/MAYG00MYT0(1)",
        "color": "red",
        "align": "left",
        "bline": "middle"
      },
      "geometry": {
        "type": "Point",
        "coordinates": [
          45.26,
          -12.78
        ]
      }
    },
    {
      "type": "Feature",
      "properties": {
        "name": "MBAR00UGA0",
        "identifier": "Mbarara",
        "data_format": "RTCM 3.2",
        "format_details": "1076(1)",
        "carrier": "L2",
        "nav_system": "GPS",
        "network": "IGS",
        "country": "UGA",
        "coordinates": "-0.6, 30.74",
        "solution": "single base",
        "misc": "caster.cddis.eosdis.nasa.gov:443/MBAR00UGA0(2)",
        "color": "red",
        "align": "left",
        "bline": "middle"
      },
      "geometry": {
        "type": "Point",
        "coordinates": [
          30.74,
          -0.6
        ]
      }
    },
    {
      "type": "Feature",
      "properties": {
        "name": "MCHL00AUS0",
        "identifier": "Mitchell",
        "data_format": "RTCM 3.3",
        "format_details": "1006(10),1013(10),1019,1020,1033(10),1042,1044,1045,1046,1077(1),1087(1),1097(1),1117(1),1127(1),1230(10)",
        "carrier": "L2",
        "nav_system": "GPS+GLO+GAL+BDS+QZS",
        "network": "IGS",
        "country": "AUS",
        "coordinates": "-26.36, 148.14",
        "solution": "single base",
        "misc": "ntrip.data.gnss.ga.gov.au:443/MCHL00AUS0(1)",
        "color": "red",
        "align": "left",
        "bline": "middle"
      },
      "geometry": {
        "type": "Point",
        "coordinates": [
          148.14,
          -26.36
        ]
      }
    },
    {
      "type": "Feature",
      "properties": {
        "name": "MDO100USA0",
        "identifier": "Ft Davis",
        "data_format": "RTCM 3.2",
        "format_details": "1076(1)",
        "carrier": "L2",
        "nav_system": "GPS",
        "network": "IGS",
        "country": "USA",
        "coordinates": "30.68, -104.01",
        "solution": "single base",
        "misc": "caster.cddis.eosdis.nasa.gov:443/MDO100USA0(2)",
        "color": "red",
        "align": "left",
        "bline": "middle"
      },
      "geometry": {
        "type": "Point",
        "coordinates": [
          -104.01,
          30.68
        ]
      }
    },
    {
      "type": "Feature",
      "properties": {
        "name": "MEDI00ITA0",
        "identifier": "Medicina",
        "data_format": "RTCM 3.2",
        "format_details": "1004(1),1006(60),1008(60),1012(1),1013(60),1019,1020,1033(60),1230(60)",
        "carrier": "L2",
        "nav_system": "GPS+GLO",
        "network": "IGS",
        "country": "ITA",
        "coordinates": "44.52, 11.65",
        "solution": "single base",
        "misc": "euref-ip.net:2101/MEDI00ITA0",
        "color": "red",
        "align": "left",
        "bline": "middle"
      },
      "geometry": {
        "type": "Point",
        "coordinates": [
          11.65,
          44.52
        ]
      }
    },
    {
      "type": "Feature",
      "properties": {
        "name": "MELI00ESP0",
        "identifier": "Melilla",
        "data_format": "RTCM 3.3",
        "format_details": "1006(15),1008(15),1013(60),1019,1020,1033(15),1042,1045,1046,1075(1),1085(1),1095(1),1125(1),1230(15)",
        "carrier": "L2",
        "nav_system": "GPS+GLO+GAL+BDS",
        "network": "IGS",
        "country": "ESP",
        "coordinates": "35.28, -2.95",
        "solution": "single base",
        "misc": "euref-ip.net:2101/MELI00ESP0(2)",
        "color": "red",
        "align": "left",
        "bline": "middle"
      },
      "geometry": {
        "type": "Point",
        "coordinates": [
          -2.95,
          35.28
        ]
      }
    },
    {
      "type": "Feature",
      "properties": {
        "name": "MET300FIN0",
        "identifier": "Kirkkonummi",
        "data_format": "RTCM 3.3",
        "format_details": "1006(30),1008(30),1019,1020,1033(30),1042,1045,1046,1077(1),1087(1),1097(1),1107(1),1127(1),1230(60)",
        "carrier": "L2",
        "nav_system": "GPS+GLO+GAL+BDS+SBAS",
        "network": "IGS",
        "country": "FIN",
        "coordinates": "60.22, 24.39",
        "solution": "single base",
        "misc": "euref-ip.net:2101/MET300FIN0(2)",
        "color": "red",
        "align": "left",
        "bline": "middle"
      },
      "geometry": {
        "type": "Point",
        "coordinates": [
          24.39,
          60.22
        ]
      }
    },
    {
      "type": "Feature",
      "properties": {
        "name": "METG00FIN0",
        "identifier": "Metsahovi",
        "data_format": "RTCM 3.3",
        "format_details": "1006(30),1007(30),1008(30),1013(30),1019,1020,1029(30),1033(30),1042,1045,1046,1077(1),1087(1),1097(1),1107(1),1127(1),1137(1),1230(30)",
        "carrier": "L2",
        "nav_system": "GPS+GLO+GAL+BDS+IRS+SBAS",
        "network": "IGS",
        "country": "FIN",
        "coordinates": "60.24, 24.38",
        "solution": "single base",
        "misc": "rgp-ip.ign.fr:2101/METG00FIN0(1)",
        "color": "red",
        "align": "left",
        "bline": "middle"
      },
      "geometry": {
        "type": "Point",
        "coordinates": [
          24.38,
          60.24
        ]
      }
    },
    {
      "type": "Feature",
      "properties": {
        "name": "MGUE00ARG0",
        "identifier": "Malargue",
        "data_format": "RTCM 3.2",
        "format_details": "1006(60),1013(60),1019,1033(60),1077(1)",
        "carrier": "No info",
        "nav_system": "GPS",
        "network": "IGS",
        "country": "ARG",
        "coordinates": "-35.78, -69.4",
        "solution": "network",
        "misc": "navrelayvm1.esoc.ops.esa.int:2101/MGUE00ARG1(1)",
        "color": "red",
        "align": "left",
        "bline": "middle"
      },
      "geometry": {
        "type": "Point",
        "coordinates": [
          -69.4,
          -35.78
        ]
      }
    },
    {
      "type": "Feature",
      "properties": {
        "name": "MIZU00JPN0",
        "identifier": "Mizusawa",
        "data_format": "RTCM 3.3",
        "format_details": "1006(1),1019,1020,1033(1),1042,1043,1045,1046,1077(1),1087(1),1097(1),1107(1),1117(1),1127(1),1137(1),1230(1)",
        "carrier": "L2",
        "nav_system": "GPS+GLO+GAL+BDS+QZS+IRS+SBAS",
        "network": "IGS",
        "country": "JPN",
        "coordinates": "39.14, 141.13",
        "solution": "single base",
        "misc": "GFZ",
        "color": "red",
        "align": "left",
        "bline": "middle"
      },
      "geometry": {
        "type": "Point",
        "coordinates": [
          141.13,
          39.14
        ]
      }
    },
    {
      "type": "Feature",
      "properties": {
        "name": "MKEA00USA0",
        "identifier": "Mauna Kea",
        "data_format": "RTCM 3.2",
        "format_details": "1076(1)",
        "carrier": "L2",
        "nav_system": "GPS",
        "network": "IGS",
        "country": "USA",
        "coordinates": "19.8, -155.46",
        "solution": "single base",
        "misc": "caster.cddis.eosdis.nasa.gov:443/MKEA00USA0(2)",
        "color": "red",
        "align": "left",
        "bline": "middle"
      },
      "geometry": {
        "type": "Point",
        "coordinates": [
          -155.46,
          19.8
        ]
      }
    },
    {
      "type": "Feature",
      "properties": {
        "name": "MOBS00AUS0",
        "identifier": "Melbourne (VIC)",
        "data_format": "RTCM 3.3",
        "format_details": "1006(10),1013(10),1019,1020,1033(10),1042,1044,1045,1046,1077(1),1087(1),1097(1),1117(1),1127(1),1230(10)",
        "carrier": "L2",
        "nav_system": "GPS+GLO+GAL+BDS+QZS",
        "network": "IGS",
        "country": "AUS",
        "coordinates": "-37.83, 144.98",
        "solution": "single base",
        "misc": "ntrip.data.gnss.ga.gov.au:443/MOBS00AUS0(1)",
        "color": "red",
        "align": "left",
        "bline": "middle"
      },
      "geometry": {
        "type": "Point",
        "coordinates": [
          144.98,
          -37.83
        ]
      }
    },
    {
      "type": "Feature",
      "properties": {
        "name": "MOIU00KEN0",
        "identifier": "Eldoret",
        "data_format": "RTCM 3",
        "format_details": "1076(2)",
        "carrier": "L2",
        "nav_system": "GPS",
        "network": "IGS",
        "country": "KEN",
        "coordinates": "0.29, 35.29",
        "solution": "single base",
        "misc": "caster.cddis.eosdis.nasa.gov:443/MOIU00KEN0(2)",
        "color": "red",
        "align": "left",
        "bline": "middle"
      },
      "geometry": {
        "type": "Point",
        "coordinates": [
          35.29,
          0.29
        ]
      }
    },
    {
      "type": "Feature",
      "properties": {
        "name": "MQZG00NZL0",
        "identifier": "Christchurch",
        "data_format": "RTCM 3.3",
        "format_details": "1006(10),1013(10),1019,1020,1033(10),1042,1044,1045,1046,1074(1),1084(1),1094(1),1114(1),1124(1),1230(10)",
        "carrier": "L2",
        "nav_system": "GPS+GLO+GAL+BDS+QZS",
        "network": "IGS",
        "country": "NZL",
        "coordinates": "-43.7, 172.65",
        "solution": "single base",
        "misc": "cgps-streaming.geonet.org.nz:8888/MQZG_RTCM(1)",
        "color": "red",
        "align": "left",
        "bline": "middle"
      },
      "geometry": {
        "type": "Point",
        "coordinates": [
          172.65,
          -43.7
        ]
      }
    },
    {
      "type": "Feature",
      "properties": {
        "name": "MRO100AUS0",
        "identifier": "Murchison",
        "data_format": "RTCM 3.3",
        "format_details": "1006(10),1013(10),1019,1020,1033(10),1042,1044,1045,1046,1077(1),1087(1),1097(1),1117(1),1127(1),1230(10)",
        "carrier": "L2",
        "nav_system": "GPS+GLO+GAL+BDS+QZS",
        "network": "IGS",
        "country": "AUS",
        "coordinates": "-26.7, 116.64",
        "solution": "single base",
        "misc": "ntrip.data.gnss.ga.gov.au:443/MRO100AUS0(1)",
        "color": "red",
        "align": "left",
        "bline": "middle"
      },
      "geometry": {
        "type": "Point",
        "coordinates": [
          116.64,
          -26.7
        ]
      }
    },
    {
      "type": "Feature",
      "properties": {
        "name": "MSGR00BRA0",
        "identifier": "Campo_Grande_Embrapa",
        "data_format": "RTCM 3.3",
        "format_details": "1006(10),1008(10),1013(10),1019,1020,1033(10),1042,1045,1046,1077(1),1087(1),1097(1),1127(1),1230(10)",
        "carrier": "L2",
        "nav_system": "GPS+GLO+GAL+BDS",
        "network": "IGS",
        "country": "BRA",
        "coordinates": "-20.45, -54.72",
        "solution": "single base",
        "misc": "gps-ntrip.ibge.gov.br:2101/MSGR0(1)",
        "color": "red",
        "align": "left",
        "bline": "middle"
      },
      "geometry": {
        "type": "Point",
        "coordinates": [
          -54.72,
          -20.45
        ]
      }
    },
    {
      "type": "Feature",
      "properties": {
        "name": "MSSA00JPN0",
        "identifier": "Misasa",
        "data_format": "RTCM 3.3",
        "format_details": "1006(10),1008(10),1013(10),1019,1020,1033(10),1042,1044,1045,1046,1077(1),1087(1),1097(1),1117(1),1127(1),1230(10)",
        "carrier": "L2",
        "nav_system": "GPS+GLO+GAL+BDS+QZS",
        "network": "IGS",
        "country": "JPN",
        "coordinates": "36.14, 138.35",
        "solution": "single base",
        "misc": "ntrip.data.gnss.ga.gov.au:443/MSSA00JPN0(1)",
        "color": "red",
        "align": "left",
        "bline": "middle"
      },
      "geometry": {
        "type": "Point",
        "coordinates": [
          138.35,
          36.14
        ]
      }
    },
    {
      "type": "Feature",
      "properties": {
        "name": "MYVA00ISL0",
        "identifier": "Reykjahlid",
        "data_format": "RTCM 3.3",
        "format_details": "1006(15),1008(15),1013(60),1019,1020,1033(15),1045,1046,1077(1),1087(1),1097(1),1230(15)",
        "carrier": "L2",
        "nav_system": "GPS+GLO+GAL",
        "network": "MISC",
        "country": "ISL",
        "coordinates": "65.64, -16.89",
        "solution": "single base",
        "misc": "KEG",
        "color": "red",
        "align": "left",
        "bline": "middle"
      },
      "geometry": {
        "type": "Point",
        "coordinates": [
          -16.89,
          65.64
        ]
      }
    },
    {
      "type": "Feature",
      "properties": {
        "name": "NABG00NOR0",
        "identifier": "NABG_NyAlesundBrandalG",
        "data_format": "RTCM 3.3",
        "format_details": "1006(10),1013(10),1019,1020,1033(10),1042,1045,1046,1077(1),1087(1),1097(1),1127(1),1230(10)",
        "carrier": "L2",
        "nav_system": "GPS+GLO+GAL+BDS",
        "network": "IGS",
        "country": "NOR",
        "coordinates": "78.94, 11.86",
        "solution": "single base",
        "misc": "euref-ip.net:2101/NABG00NOR0(2)",
        "color": "red",
        "align": "left",
        "bline": "middle"
      },
      "geometry": {
        "type": "Point",
        "coordinates": [
          11.86,
          78.94
        ]
      }
    },
    {
      "type": "Feature",
      "properties": {
        "name": "NAIN00CAN0",
        "identifier": "Nain",
        "data_format": "RTCM 3.2",
        "format_details": "1077(1),1087(1),1097(1),1006(10),1008(10),1013(10),1019,1020,1033,1045,1230",
        "carrier": "L2",
        "nav_system": "GPS,GLO,GAL",
        "network": "IGS",
        "country": "CAN",
        "coordinates": "56.53, 298.32",
        "solution": "single base",
        "misc": "rt.cacsb.nrcan.gc.ca:12108/NAIN00CAN0",
        "color": "red",
        "align": "left",
        "bline": "middle"
      },
      "geometry": {
        "type": "Point",
        "coordinates": [
          298.32,
          56.53
        ]
      }
    },
    {
      "type": "Feature",
      "properties": {
        "name": "NAUR00NRU0",
        "identifier": "Nauru",
        "data_format": "RTCM 3.3",
        "format_details": "1006(10),1013(10),1019,1020,1033(10),1042,1044,1045,1046,1077(1),1087(1),1097(1),1117(1),1127(1),1230(10)",
        "carrier": "L2",
        "nav_system": "GPS+GLO+GAL+BDS+QZS",
        "network": "IGS",
        "country": "NRU",
        "coordinates": "-0.55, 166.93",
        "solution": "single base",
        "misc": "ntrip.data.gnss.ga.gov.au:443/NAUR00NRU0(1)",
        "color": "red",
        "align": "left",
        "bline": "middle"
      },
      "geometry": {
        "type": "Point",
        "coordinates": [
          166.93,
          -0.55
        ]
      }
    },
    {
      "type": "Feature",
      "properties": {
        "name": "NAUS00BRA0",
        "identifier": "Manaus",
        "data_format": "RTCM 3.3",
        "format_details": "1006(1),1008(1),1019,1020,1033(1),1042,1045,1046,1077(1),1087(1),1097(1),1107(1),1127(1),1230(1)",
        "carrier": "L2",
        "nav_system": "GPS+GLO+GAL+BDS+SBAS",
        "network": "IGS",
        "country": "BRA",
        "coordinates": "-3.02, -60.06",
        "solution": "single base",
        "misc": "gps-ntrip.ibge.gov.br:2101/NAUS0(1)",
        "color": "red",
        "align": "left",
        "bline": "middle"
      },
      "geometry": {
        "type": "Point",
        "coordinates": [
          -60.06,
          -3.02
        ]
      }
    },
    {
      "type": "Feature",
      "properties": {
        "name": "NEIL00CRI0",
        "identifier": "Ciudad-Neilly",
        "data_format": "RTCM 3.2",
        "format_details": "1006(10),1013(10),1033(10),1074(1),1084(1),1094(1),1124(1),1230(10)",
        "carrier": "L2",
        "nav_system": "GPS+GLO+GAL+BDS",
        "network": "MISC",
        "country": "CRI",
        "coordinates": "8.64, -82.94",
        "solution": "single base",
        "misc": "igncaster.snitcr.go.cr:2101/NEIL3",
        "color": "red",
        "align": "left",
        "bline": "middle"
      },
      "geometry": {
        "type": "Point",
        "coordinates": [
          -82.94,
          8.64
        ]
      }
    },
    {
      "type": "Feature",
      "properties": {
        "name": "NICO00CYP0",
        "identifier": "Nicosia",
        "data_format": "RTCM 3.3",
        "format_details": "1006(15),1008(15),1013(60),1019,1020,1033(15),1042,1045,1046,1075(1),1085(1),1095(1),1125(1),1230(15)",
        "carrier": "L2",
        "nav_system": "GPS+GLO+GAL+BDS",
        "network": "IGS",
        "country": "CYP",
        "coordinates": "35.14, 33.4",
        "solution": "single base",
        "misc": "BKG",
        "color": "red",
        "align": "left",
        "bline": "middle"
      },
      "geometry": {
        "type": "Point",
        "coordinates": [
          33.4,
          35.14
        ]
      }
    },
    {
      "type": "Feature",
      "properties": {
        "name": "NIUM00NIU0",
        "identifier": "Niue",
        "data_format": "RTCM 3.3",
        "format_details": "1006(10),1013(10),1019,1020,1033(10),1042,1044,1045,1046,1077(1),1087(1),1097(1),1117(1),1127(1),1230(10)",
        "carrier": "L2",
        "nav_system": "GPS+GLO+GAL+BDS+QZS",
        "network": "IGS",
        "country": "NIU",
        "coordinates": "-19.08, -169.93",
        "solution": "single base",
        "misc": "ntrip.data.gnss.ga.gov.au:443/NIUM00NIU0(1)",
        "color": "red",
        "align": "left",
        "bline": "middle"
      },
      "geometry": {
        "type": "Point",
        "coordinates": [
          -169.93,
          -19.08
        ]
      }
    },
    {
      "type": "Feature",
      "properties": {
        "name": "NKLG00GAB0",
        "identifier": "Libreville",
        "data_format": "RTCM 3.3",
        "format_details": "1006(30),1007(30),1008(30),1013(30),1019,1020,1029(30),1033(30),1042,1045,1046,1077(1),1087(1),1097(1),1107(1),1127(1),1137(1),1230(30)",
        "carrier": "L2",
        "nav_system": "GPS+GLO+GAL+BDS+IRS+SBAS",
        "network": "IGS",
        "country": "GAB",
        "coordinates": "0.35, 9.67",
        "solution": "single base",
        "misc": "rgp-ip.ign.fr:2101/NKLG00GAB0(1)",
        "color": "red",
        "align": "left",
        "bline": "middle"
      },
      "geometry": {
        "type": "Point",
        "coordinates": [
          9.67,
          0.35
        ]
      }
    },
    {
      "type": "Feature",
      "properties": {
        "name": "NLIB00USA0",
        "identifier": "North Liberty",
        "data_format": "RTCM 3.2",
        "format_details": "1076(1)",
        "carrier": "L2",
        "nav_system": "GPS",
        "network": "IGS",
        "country": "USA",
        "coordinates": "41.77, -91.57",
        "solution": "single base",
        "misc": "caster.cddis.eosdis.nasa.gov:443/NLIB00USA0(2)",
        "color": "red",
        "align": "left",
        "bline": "middle"
      },
      "geometry": {
        "type": "Point",
        "coordinates": [
          -91.57,
          41.77
        ]
      }
    },
    {
      "type": "Feature",
      "properties": {
        "name": "NNOR00AUS0",
        "identifier": "New Norcia",
        "data_format": "RTCM 3.2",
        "format_details": "1006(60),1013(60),1019,1033(60),1077(1)",
        "carrier": "No info",
        "nav_system": "GPS",
        "network": "IGS",
        "country": "AUS",
        "coordinates": "-31.05, 116.19",
        "solution": "network",
        "misc": "navrelayvm1.esoc.ops.esa.int:2101/NNOR00AUS1(1)",
        "color": "red",
        "align": "left",
        "bline": "middle"
      },
      "geometry": {
        "type": "Point",
        "coordinates": [
          116.19,
          -31.05
        ]
      }
    },
    {
      "type": "Feature",
      "properties": {
        "name": "NOT100ITA0",
        "identifier": "Noto",
        "data_format": "RTCM 3.3",
        "format_details": "1006(60),1008(60),1013(60),1019,1020,1033(60),1042,1045,1046,1077(1),1087(1),1097(1),1127(1),1230(60)",
        "carrier": "L2",
        "nav_system": "GPS+GLO+GAL+BDS",
        "network": "IGS",
        "country": "ITA",
        "coordinates": "36.88, 14.99",
        "solution": "single base",
        "misc": "euref-ip.net:2101/NOT100ITA0",
        "color": "red",
        "align": "left",
        "bline": "middle"
      },
      "geometry": {
        "type": "Point",
        "coordinates": [
          14.99,
          36.88
        ]
      }
    },
    {
      "type": "Feature",
      "properties": {
        "name": "NRC100CAN0",
        "identifier": "Ottawa",
        "data_format": "RTCM 3.2",
        "format_details": "1006(10),1008(10),1013(10),1019,1020,1033(10),1077(1),1087(1),1097(1)",
        "carrier": "L2",
        "nav_system": "GPS+GLO+GAL",
        "network": "IGS",
        "country": "CAN",
        "coordinates": "45.45, -75.62",
        "solution": "single base",
        "misc": "rt.cacsb.nrcan.gc.ca:12108/NRC100CAN0(1)",
        "color": "red",
        "align": "left",
        "bline": "middle"
      },
      "geometry": {
        "type": "Point",
        "coordinates": [
          -75.62,
          45.45
        ]
      }
    },
    {
      "type": "Feature",
      "properties": {
        "name": "NRMD00NCL0",
        "identifier": "Noumea",
        "data_format": "RTCM 3.3",
        "format_details": "1005(5),1007(5),1019,1020,1033(5),1042,1044,1046,1074(1),1084(1),1094(1),1114(1),1124(1),1230(5),4094(1)",
        "carrier": "L2",
        "nav_system": "GPS+GLO+GAL+BDS+QZS",
        "network": "IGS",
        "country": "NCL",
        "coordinates": "-22.23, 166.48",
        "solution": "single base",
        "misc": "DITTT",
        "color": "red",
        "align": "left",
        "bline": "middle"
      },
      "geometry": {
        "type": "Point",
        "coordinates": [
          166.48,
          -22.23
        ]
      }
    },
    {
      "type": "Feature",
      "properties": {
        "name": "NRMG00NCL0",
        "identifier": "Noumea",
        "data_format": "RTCM 3.3",
        "format_details": "1006(30),1007(30),1008(30),1013(30),1019,1020,1029(30),1033(30),1041,1042,1044,1045,1046,1077(1),1087(1),1097(1),1107(1),1117(1),1127(1),1137(1),1230(30)",
        "carrier": "L2",
        "nav_system": "GPS+GLO+GAL+BDS+QZS+IRS+SBAS",
        "network": "MGEX",
        "country": "NCL",
        "coordinates": "-22.23, 166.48",
        "solution": "single base",
        "misc": "rgp-ip.ign.fr:2101/NRMG00NCL0(1)",
        "color": "red",
        "align": "left",
        "bline": "middle"
      },
      "geometry": {
        "type": "Point",
        "coordinates": [
          166.48,
          -22.23
        ]
      }
    },
    {
      "type": "Feature",
      "properties": {
        "name": "NTUS00SGP0",
        "identifier": "Singapore",
        "data_format": "RTCM 3.2",
        "format_details": "1006(5),1008(5),1013(60),1019,1020,1033(5),1075(1),1085(1),1095(1),1115(1),1125(1),1230(5)",
        "carrier": "L2",
        "nav_system": "GPS+GLO+GAL+BDS+QZS",
        "network": "IGS",
        "country": "SGP",
        "coordinates": "1.35, 103.68",
        "solution": "single base",
        "misc": "Nanyang Technological University",
        "color": "red",
        "align": "left",
        "bline": "middle"
      },
      "geometry": {
        "type": "Point",
        "coordinates": [
          103.68,
          1.35
        ]
      }
    },
    {
      "type": "Feature",
      "properties": {
        "name": "NYA200NOR0",
        "identifier": "Ny-Alesund",
        "data_format": "RTCM 3.3",
        "format_details": "1006(10),1007(10),1008(10),1019,1020,1033(10),1042,1044,1045,1046,1077(1),1087(1),1097(1),1117(1),1127(1)",
        "carrier": "L2",
        "nav_system": "GPS+GLO+GAL+BDS+QZS",
        "network": "IGS",
        "country": "NOR",
        "coordinates": "78.93, 11.86",
        "solution": "network",
        "misc": "GFZ",
        "color": "red",
        "align": "left",
        "bline": "middle"
      },
      "geometry": {
        "type": "Point",
        "coordinates": [
          11.86,
          78.93
        ]
      }
    },
    {
      "type": "Feature",
      "properties": {
        "name": "OAFA00ARG0",
        "identifier": "San_Juan",
        "data_format": "RTCM 3.2",
        "format_details": "1006(10),1008(10),1019,1020,1033(10),1045,1077(1),1087(1),1097(1),1127(1)",
        "carrier": "L2",
        "nav_system": "GPS+GLO+GAL+BDS",
        "network": "IGS",
        "country": "ARG",
        "coordinates": "-31.51, -68.62",
        "solution": "single base",
        "misc": "Instituto Geografico Nacional",
        "color": "red",
        "align": "left",
        "bline": "middle"
      },
      "geometry": {
        "type": "Point",
        "coordinates": [
          -68.62,
          -31.51
        ]
      }
    },
    {
      "type": "Feature",
      "properties": {
        "name": "OBE400DEU0",
        "identifier": "Oberpfaffenhofen",
        "data_format": "RTCM 3.3",
        "format_details": "1006(10),1007(10),1008(10),1019,1020,1033(10),1042,1043,1045,1046,1077(1),1087(1),1097(1),1107(1),1127(1)",
        "carrier": "L2",
        "nav_system": "GPS+GLO+GAL+BDS+SBAS",
        "network": "IGS",
        "country": "DEU",
        "coordinates": "48.08, 11.28",
        "solution": "network",
        "misc": "GFZ",
        "color": "red",
        "align": "left",
        "bline": "middle"
      },
      "geometry": {
        "type": "Point",
        "coordinates": [
          11.28,
          48.08
        ]
      }
    },
    {
      "type": "Feature",
      "properties": {
        "name": "OHI300ATA0",
        "identifier": "O-Higgins",
        "data_format": "RTCM 3.3",
        "format_details": "1006(15),1008(15),1013(60),1019,1020,1033(15),1042,1045,1046,1075(1),1085(1),1095(1),1125(1),1230(15)",
        "carrier": "L2",
        "nav_system": "GPS+GLO+GAL+BDS",
        "network": "IGS",
        "country": "ATA",
        "coordinates": "-63.32, -57.9",
        "solution": "single base",
        "misc": "BKG",
        "color": "red",
        "align": "left",
        "bline": "middle"
      },
      "geometry": {
        "type": "Point",
        "coordinates": [
          -57.9,
          -63.32
        ]
      }
    },
    {
      "type": "Feature",
      "properties": {
        "name": "OHI300ATA9",
        "identifier": "O-Higgins",
        "data_format": "RAW",
        "format_details": "LB2",
        "carrier": "L2",
        "nav_system": "GPS+GLO+GAL+BDS+SBAS",
        "network": "MGEX",
        "country": "ATA",
        "coordinates": "-63.32, 302.1",
        "solution": "single base",
        "misc": "BKG",
        "color": "red",
        "align": "left",
        "bline": "middle"
      },
      "geometry": {
        "type": "Point",
        "coordinates": [
          302.1,
          -63.32
        ]
      }
    },
    {
      "type": "Feature",
      "properties": {
        "name": "ONRJ00BRA0",
        "identifier": "Rio_de_Janeiro",
        "data_format": "RTCM 3.1",
        "format_details": "1004(1),1006(10),1008(10),1012(1),1013(10),1019,1020,1033(10),4087(1)",
        "carrier": "L2",
        "nav_system": "GPS+GLO",
        "network": "MISC",
        "country": "BRA",
        "coordinates": "-22.9, -43.22",
        "solution": "single base",
        "misc": "gps-ntrip.ibge.gov.br:2101/ONRJ0(1)",
        "color": "red",
        "align": "left",
        "bline": "middle"
      },
      "geometry": {
        "type": "Point",
        "coordinates": [
          -43.22,
          -22.9
        ]
      }
    },
    {
      "type": "Feature",
      "properties": {
        "name": "ONS100SWE0",
        "identifier": "Onsala_Mast",
        "data_format": "RTCM 3.3",
        "format_details": "1006(10),1013(10),1019,1020,1033(10),1042,1045,1046,1075(1),1085(1),1095(1),1125(1),1230(10),4094(10)",
        "carrier": "L2",
        "nav_system": "GPS+GLO+GAL+BDS",
        "network": "IGS",
        "country": "SWE",
        "coordinates": "57.4, 11.92",
        "solution": "single base",
        "misc": "ntripdist-swepos.lm.se:8504/ONS100SWE0(1)",
        "color": "red",
        "align": "left",
        "bline": "middle"
      },
      "geometry": {
        "type": "Point",
        "coordinates": [
          11.92,
          57.4
        ]
      }
    },
    {
      "type": "Feature",
      "properties": {
        "name": "ONSA00SWE0",
        "identifier": "Onsala",
        "data_format": "RTCM 3.3",
        "format_details": "1006(10),1008(10),1019,1020,1033(10),1042,1045,1046,1075(1),1085(1),1095(1),1115(1),1125(1),1230(10)",
        "carrier": "L2",
        "nav_system": "GPS+GLO+GAL+BDS+QZS",
        "network": "IGS",
        "country": "SWE",
        "coordinates": "57.4, 11.93",
        "solution": "single base",
        "misc": "ntripdist-swepos.lm.se:8504/ONSA00SWE0(1)",
        "color": "red",
        "align": "left",
        "bline": "middle"
      },
      "geometry": {
        "type": "Point",
        "coordinates": [
          11.93,
          57.4
        ]
      }
    },
    {
      "type": "Feature",
      "properties": {
        "name": "ORID00MKD0",
        "identifier": "Ohrid",
        "data_format": "RTCM 3.3",
        "format_details": "1006(15),1008(15),1013(60),1019,1020,1033(15),1042,1045,1046,1075(1),1085(1),1095(1),1125(1),1230(15)",
        "carrier": "L2",
        "nav_system": "GPS+GLO+GAL+BDS",
        "network": "IGS",
        "country": "MKD",
        "coordinates": "41.13, 20.79",
        "solution": "single base",
        "misc": "euref-ip.net:2101/ORID00MKD0(1)",
        "color": "red",
        "align": "left",
        "bline": "middle"
      },
      "geometry": {
        "type": "Point",
        "coordinates": [
          20.79,
          41.13
        ]
      }
    },
    {
      "type": "Feature",
      "properties": {
        "name": "OSL100NOR0",
        "identifier": "Oslo",
        "data_format": "RTCM 3.2",
        "format_details": "1006(10),1013(10),1033(10),1074(1),1084(1),1094(1),1124(1),1230(10),4094(10)",
        "carrier": "L2",
        "nav_system": "GPS+GLO+GAL+BDS",
        "network": "MISC",
        "country": "NOR",
        "coordinates": "59.92, 10.69",
        "solution": "single base",
        "misc": "FUGRO",
        "color": "red",
        "align": "left",
        "bline": "middle"
      },
      "geometry": {
        "type": "Point",
        "coordinates": [
          10.69,
          59.92
        ]
      }
    },
    {
      "type": "Feature",
      "properties": {
        "name": "OUS200NZL0",
        "identifier": "Dunedin",
        "data_format": "RTCM 3.3",
        "format_details": "1006(1),1019,1020,1033(1),1043,1045,1046,1077(1),1087(1),1097(1),1107(1),1117(1),1127(1),1137(1),1230(1)",
        "carrier": "L2",
        "nav_system": "GPS+GLO+GAL+BDS+QZS+IRS+SBAS",
        "network": "IGS",
        "country": "NZL",
        "coordinates": "-45.87, 170.51",
        "solution": "single base",
        "misc": "GFZ",
        "color": "red",
        "align": "left",
        "bline": "middle"
      },
      "geometry": {
        "type": "Point",
        "coordinates": [
          170.51,
          -45.87
        ]
      }
    },
    {
      "type": "Feature",
      "properties": {
        "name": "OWMG00NZL0",
        "identifier": "Owenga",
        "data_format": "RTCM 3.3",
        "format_details": "1006(10),1013(10),1019,1020,1033(10),1042,1044,1045,1046,1077(1),1087(1),1097(1),1117(1),1127(1),1230(10)",
        "carrier": "L2",
        "nav_system": "GPS+GLO+GAL+BDS+QZS",
        "network": "IGS",
        "country": "NZL",
        "coordinates": "-44.02, -176.37",
        "solution": "single base",
        "misc": "rgp-ip.ign.fr:2101/OWMG00NZL0(1)",
        "color": "red",
        "align": "left",
        "bline": "middle"
      },
      "geometry": {
        "type": "Point",
        "coordinates": [
          -176.37,
          -44.02
        ]
      }
    },
    {
      "type": "Feature",
      "properties": {
        "name": "P04300USA0",
        "identifier": "Newcastle",
        "data_format": "RTCM 3.3",
        "format_details": "1005(30),1007(30),1013(1),1019,1020,1033(30),1042,1077(1),1087(1),1097(1),1107(1),1127(1),1230(5)",
        "carrier": "L2",
        "nav_system": "GPS+GLO+GAL+BDS+SBAS",
        "network": "IGS",
        "country": "USA",
        "coordinates": "43.88, -104.19",
        "solution": "single base",
        "misc": "rtgpsout.earthscope.org:2101/P043_RTCM3(1)",
        "color": "red",
        "align": "left",
        "bline": "middle"
      },
      "geometry": {
        "type": "Point",
        "coordinates": [
          -104.19,
          43.88
        ]
      }
    },
    {
      "type": "Feature",
      "properties": {
        "name": "P05100USA0",
        "identifier": "Billings",
        "data_format": "RTCM 3.3",
        "format_details": "1005(30),1007(30),1013(1),1019,1020,1029,1033(30),1042,1046,1077(1),1087(1),1097(1),1107(1),1127(1),1230(5)",
        "carrier": "L2",
        "nav_system": "GPS+GLO+GAL+BDS+SBAS",
        "network": "IGS",
        "country": "USA",
        "coordinates": "45.81, -108.55",
        "solution": "single base",
        "misc": "rtgpsout.earthscope.org:2101/P051_RTCM3(1)",
        "color": "red",
        "align": "left",
        "bline": "middle"
      },
      "geometry": {
        "type": "Point",
        "coordinates": [
          -108.55,
          45.81
        ]
      }
    },
    {
      "type": "Feature",
      "properties": {
        "name": "P05300USA0",
        "identifier": "Whitewater",
        "data_format": "RTCM 3.3",
        "format_details": "1005(30),1007(30),1013(1),1019,1020,1029,1033(30),1046,1077(1),1087(1),1097(1),1107(1),1127(1),1230(5)",
        "carrier": "L2",
        "nav_system": "GPS+GLO+GAL+BDS+SBAS",
        "network": "IGS",
        "country": "USA",
        "coordinates": "48.73, -107.73",
        "solution": "single base",
        "misc": "rtgpsout.earthscope.org:2101/P053_RTCM3(1)",
        "color": "red",
        "align": "left",
        "bline": "middle"
      },
      "geometry": {
        "type": "Point",
        "coordinates": [
          -107.73,
          48.73
        ]
      }
    },
    {
      "type": "Feature",
      "properties": {
        "name": "P38900USA0",
        "identifier": "Brothers",
        "data_format": "RTCM 3.3",
        "format_details": "1005(30),1007(30),1013(1),1019,1020,1029,1033(30),1045,1046,1077(1),1087(1),1097(1),1107(1),1117(1),1127(1),1230(5)",
        "carrier": "L2",
        "nav_system": "GPS+GLO+GAL+BDS+QZS+SBAS",
        "network": "IGS",
        "country": "USA",
        "coordinates": "43.81, -120.6",
        "solution": "single base",
        "misc": "rtgpsout.earthscope.org:2101/P389_RTCM3(1)",
        "color": "red",
        "align": "left",
        "bline": "middle"
      },
      "geometry": {
        "type": "Point",
        "coordinates": [
          -120.6,
          43.81
        ]
      }
    },
    {
      "type": "Feature",
      "properties": {
        "name": "P77900USA0",
        "identifier": "Rosman",
        "data_format": "RTCM 3.3",
        "format_details": "1005(30),1007(30),1013(1),1019,1020,1029,1033(30),1045,1046,1077(1),1087(1),1097(1),1107(1),1127(1),1230(5)",
        "carrier": "L2",
        "nav_system": "GPS+GLO+GAL+BDS+SBAS",
        "network": "IGS",
        "country": "USA",
        "coordinates": "35.2, -82.87",
        "solution": "single base",
        "misc": "rtgpsout.earthscope.org:2101/P779_RTCM3(1)",
        "color": "red",
        "align": "left",
        "bline": "middle"
      },
      "geometry": {
        "type": "Point",
        "coordinates": [
          -82.87,
          35.2
        ]
      }
    },
    {
      "type": "Feature",
      "properties": {
        "name": "P80200USA0",
        "identifier": "Mandan",
        "data_format": "RTCM 3.3",
        "format_details": "1005(30),1007(30),1013(1),1019,1020,1029,1033(30),1042,1045,1046,1077(1),1087(1),1097(1),1107(1),1127(1),1230(5)",
        "carrier": "L2",
        "nav_system": "GPS+GLO+GAL+BDS+SBAS",
        "network": "IGS",
        "country": "USA",
        "coordinates": "46.56, -100.62",
        "solution": "single base",
        "misc": "rtgpsout.earthscope.org:2101/P802_RTCM3(1)",
        "color": "red",
        "align": "left",
        "bline": "middle"
      },
      "geometry": {
        "type": "Point",
        "coordinates": [
          -100.62,
          46.56
        ]
      }
    },
    {
      "type": "Feature",
      "properties": {
        "name": "PADO00ITA0",
        "identifier": "Padova",
        "data_format": "RTCM 3.3",
        "format_details": "1006(1),1008(1),1019,1020,1033(1),1042,1045,1046,1077(1),1087(1),1097(1),1127(1),1230(10)",
        "carrier": "L2",
        "nav_system": "GPS+GLO+GAL+BDS",
        "network": "IGS",
        "country": "ITA",
        "coordinates": "45.41, 11.9",
        "solution": "single base",
        "misc": "147.162.229.56:2101/PADO00ITA(1)",
        "color": "red",
        "align": "left",
        "bline": "middle"
      },
      "geometry": {
        "type": "Point",
        "coordinates": [
          11.9,
          45.41
        ]
      }
    },
    {
      "type": "Feature",
      "properties": {
        "name": "PALM00ATA0",
        "identifier": "Palmer Station",
        "data_format": "RTCM 3.2",
        "format_details": "1076(1)",
        "carrier": "L2",
        "nav_system": "GPS",
        "network": "IGS",
        "country": "ATA",
        "coordinates": "-64.78, -64.05",
        "solution": "single base",
        "misc": "caster.cddis.eosdis.nasa.gov:443/PALM00ATA0(2)",
        "color": "red",
        "align": "left",
        "bline": "middle"
      },
      "geometry": {
        "type": "Point",
        "coordinates": [
          -64.05,
          -64.78
        ]
      }
    },
    {
      "type": "Feature",
      "properties": {
        "name": "PARK00AUS0",
        "identifier": "Parkes",
        "data_format": "RTCM 3.3",
        "format_details": "1006(10),1013(10),1019,1020,1033(10),1042,1044,1045,1046,1077(1),1087(1),1097(1),1117(1),1127(1),1230(10)",
        "carrier": "L2",
        "nav_system": "GPS+GLO+GAL+BDS+QZS",
        "network": "IGS",
        "country": "AUS",
        "coordinates": "-33.0, 148.26",
        "solution": "single base",
        "misc": "ntrip.data.gnss.ga.gov.au:443/PARK00AUS0(1)",
        "color": "red",
        "align": "left",
        "bline": "middle"
      },
      "geometry": {
        "type": "Point",
        "coordinates": [
          148.26,
          -33.0
        ]
      }
    },
    {
      "type": "Feature",
      "properties": {
        "name": "PDEL00PRT0",
        "identifier": "Ponta-Delgada",
        "data_format": "RTCM 3.2",
        "format_details": "1006(5),1008(5),1013(60),1033(5),1075(1),1085(1),1095(1),1125(1)",
        "carrier": "L2",
        "nav_system": "GPS+GLO+GAL+BDS",
        "network": "IGS",
        "country": "PRT",
        "coordinates": "37.75, -25.66",
        "solution": "single base",
        "misc": "193.137.94.71:2101/PDEL0(1)",
        "color": "red",
        "align": "left",
        "bline": "middle"
      },
      "geometry": {
        "type": "Point",
        "coordinates": [
          -25.66,
          37.75
        ]
      }
    },
    {
      "type": "Feature",
      "properties": {
        "name": "PENC00HUN0",
        "identifier": "Penc",
        "data_format": "RTCM 3.2",
        "format_details": "1004(1),1006(15),1008(15),1012(1),1019,1020,1033(15),1230(15)",
        "carrier": "L2",
        "nav_system": "GPS+GLO",
        "network": "IGS",
        "country": "HUN",
        "coordinates": "47.79, 19.28",
        "solution": "single base",
        "misc": "ntrip1.gnssnet.hu:2103/PENC_RAW-RTCM3.0(1)",
        "color": "red",
        "align": "left",
        "bline": "middle"
      },
      "geometry": {
        "type": "Point",
        "coordinates": [
          19.28,
          47.79
        ]
      }
    },
    {
      "type": "Feature",
      "properties": {
        "name": "PERT00AUS0",
        "identifier": "Gnangara",
        "data_format": "RTCM 3.3",
        "format_details": "1006(10),1013(10),1019,1020,1033(10),1042,1044,1045,1046,1077(1),1087(1),1097(1),1117(1),1127(1),1230(10)",
        "carrier": "L2",
        "nav_system": "GPS+GLO+GAL+BDS+QZS",
        "network": "IGS",
        "country": "AUS",
        "coordinates": "-31.8, 115.89",
        "solution": "single base",
        "misc": "ntrip.data.gnss.ga.gov.au:443/PERT00AUS0(1)",
        "color": "red",
        "align": "left",
        "bline": "middle"
      },
      "geometry": {
        "type": "Point",
        "coordinates": [
          115.89,
          -31.8
        ]
      }
    },
    {
      "type": "Feature",
      "properties": {
        "name": "PICL00CAN0",
        "identifier": "Val-d'or",
        "data_format": "RTCM 3.2",
        "format_details": "1006(10),1008(10),1013(60),1019,1020,1033(10),1077(1),1087(1),1097(1)",
        "carrier": "L2",
        "nav_system": "GPS+GLO+GAL",
        "network": "IGS",
        "country": "CAN",
        "coordinates": "51.48, -90.16",
        "solution": "single base",
        "misc": "rt.cacsb.nrcan.gc.ca:12108/PICL00CAN0(1)",
        "color": "red",
        "align": "left",
        "bline": "middle"
      },
      "geometry": {
        "type": "Point",
        "coordinates": [
          -90.16,
          51.48
        ]
      }
    },
    {
      "type": "Feature",
      "properties": {
        "name": "PIE100USA0",
        "identifier": "Pie Town",
        "data_format": "RTCM 3.2",
        "format_details": "1076(1)",
        "carrier": "L2",
        "nav_system": "GPS",
        "network": "IGS",
        "country": "USA",
        "coordinates": "34.3, -108.12",
        "solution": "single base",
        "misc": "caster.cddis.eosdis.nasa.gov:443/PIE100USA0(2)",
        "color": "red",
        "align": "left",
        "bline": "middle"
      },
      "geometry": {
        "type": "Point",
        "coordinates": [
          -108.12,
          34.3
        ]
      }
    },
    {
      "type": "Feature",
      "properties": {
        "name": "PIMO00PHL0",
        "identifier": "Quezon City",
        "data_format": "RTCM 3.2",
        "format_details": "1076(1)",
        "carrier": "L2",
        "nav_system": "GPS",
        "network": "IGS",
        "country": "PHL",
        "coordinates": "14.64, 121.08",
        "solution": "single base",
        "misc": "caster.cddis.eosdis.nasa.gov:443/PIMO00PHL0(2)",
        "color": "red",
        "align": "left",
        "bline": "middle"
      },
      "geometry": {
        "type": "Point",
        "coordinates": [
          121.08,
          14.64
        ]
      }
    },
    {
      "type": "Feature",
      "properties": {
        "name": "PIUR00PER0",
        "identifier": "Piura",
        "data_format": "RTCM 3.2",
        "format_details": "1077(1),1087(1),1097(1),1006(10),1008(10),1013(10),1019,1020,1033,1045,1230",
        "carrier": "L2",
        "nav_system": "GPS,GLO,GAL",
        "network": "IGS",
        "country": "PER",
        "coordinates": "-5.17, 279.36",
        "solution": "single base",
        "misc": "rt.cacsb.nrcan.gc.ca:12108/PIUR00CAN0",
        "color": "red",
        "align": "left",
        "bline": "middle"
      },
      "geometry": {
        "type": "Point",
        "coordinates": [
          279.36,
          -5.17
        ]
      }
    },
    {
      "type": "Feature",
      "properties": {
        "name": "PNGM00PNG0",
        "identifier": "Manus Island",
        "data_format": "RTCM 3.3",
        "format_details": "1006(10),1013(10),1019,1020,1033(10),1042,1044,1045,1046,1077(1),1087(1),1097(1),1117(1),1127(1),1230(10)",
        "carrier": "L2",
        "nav_system": "GPS+GLO+GAL+BDS+QZS",
        "network": "IGS",
        "country": "PNG",
        "coordinates": "-2.04, 147.37",
        "solution": "single base",
        "misc": "ntrip.data.gnss.ga.gov.au:443/PNGM00PNG0(1)",
        "color": "red",
        "align": "left",
        "bline": "middle"
      },
      "geometry": {
        "type": "Point",
        "coordinates": [
          147.37,
          -2.04
        ]
      }
    },
    {
      "type": "Feature",
      "properties": {
        "name": "POAL00BRA0",
        "identifier": "Porto Alegre",
        "data_format": "RTCM 3.3",
        "format_details": "1006(10),1008(10),1013(10),1019,1020,1033(10),1042,1045,1046,1077(1),1087(1),1097(1),1127(1),1230(10)",
        "carrier": "L2",
        "nav_system": "GPS+GLO+GAL+BDS",
        "network": "IGS",
        "country": "BRA",
        "coordinates": "-30.07, -51.12",
        "solution": "single base",
        "misc": "gps-ntrip.ibge.gov.br:2101/POAL0(1)",
        "color": "red",
        "align": "left",
        "bline": "middle"
      },
      "geometry": {
        "type": "Point",
        "coordinates": [
          -51.12,
          -30.07
        ]
      }
    },
    {
      "type": "Feature",
      "properties": {
        "name": "POHN00FSM0",
        "identifier": "Pohnpei",
        "data_format": "RTCM 3.3",
        "format_details": "1006(10),1013(10),1019,1020,1033(10),1042,1044,1045,1046,1077(1),1087(1),1097(1),1117(1),1127(1),1230(10)",
        "carrier": "L2",
        "nav_system": "GPS+GLO+GAL+BDS+QZS",
        "network": "IGS",
        "country": "FSM",
        "coordinates": "6.96, 158.21",
        "solution": "single base",
        "misc": "ntrip.data.gnss.ga.gov.au:443/POHN00FSM0(1)",
        "color": "red",
        "align": "left",
        "bline": "middle"
      },
      "geometry": {
        "type": "Point",
        "coordinates": [
          158.21,
          6.96
        ]
      }
    },
    {
      "type": "Feature",
      "properties": {
        "name": "POLI00BRA0",
        "identifier": "Sao_Paulo",
        "data_format": "RTCM 3.3",
        "format_details": "1006(10),1008(10),1013(10),1019,1020,1033(10),1045,1046,1074(1),1084(1),1094(1),1230(10)",
        "carrier": "L2",
        "nav_system": "GPS+GLO+GAL",
        "network": "MISC",
        "country": "BRA",
        "coordinates": "-23.56, -46.73",
        "solution": "single base",
        "misc": "gps-ntrip.ibge.gov.br:2101/POLI0(1)",
        "color": "red",
        "align": "left",
        "bline": "middle"
      },
      "geometry": {
        "type": "Point",
        "coordinates": [
          -46.73,
          -23.56
        ]
      }
    },
    {
      "type": "Feature",
      "properties": {
        "name": "POTS00DEU0",
        "identifier": "Potsdam",
        "data_format": "RTCM 3.3",
        "format_details": "1006(10),1007(10),1008(10),1019,1020,1033(10),1041,1042,1043,1045,1046,1077(1),1087(1),1097(1),1107(1),1127(1)",
        "carrier": "L2",
        "nav_system": "GPS+GLO+GAL+BDS+IRS+SBAS",
        "network": "IGS",
        "country": "DEU",
        "coordinates": "52.38, 13.07",
        "solution": "single base",
        "misc": "GFZ",
        "color": "red",
        "align": "left",
        "bline": "middle"
      },
      "geometry": {
        "type": "Point",
        "coordinates": [
          13.07,
          52.38
        ]
      }
    },
    {
      "type": "Feature",
      "properties": {
        "name": "POVE00BRA0",
        "identifier": "Porto_Velho",
        "data_format": "RTCM 3.3",
        "format_details": "1006(10),1008(10),1013(10),1019,1020,1033(10),1042,1045,1046,1077(1),1087(1),1097(1),1127(1),1230(10)",
        "carrier": "L2",
        "nav_system": "GPS+GLO+GAL+BDS",
        "network": "IGS",
        "country": "BRA",
        "coordinates": "-8.71, -63.9",
        "solution": "single base",
        "misc": "gps-ntrip.ibge.gov.br:2101/POVE0(1)",
        "color": "red",
        "align": "left",
        "bline": "middle"
      },
      "geometry": {
        "type": "Point",
        "coordinates": [
          -63.9,
          -8.71
        ]
      }
    },
    {
      "type": "Feature",
      "properties": {
        "name": "PRDS00CAN0",
        "identifier": "Priddiss",
        "data_format": "RTCM 3.2",
        "format_details": "1006(10),1008(10),1013(10),1019,1020,1033(10),1077(1),1087(1),1097(1)",
        "carrier": "L2",
        "nav_system": "GPS+GLO+GAL",
        "network": "IGS",
        "country": "CAN",
        "coordinates": "50.87, -114.29",
        "solution": "single base",
        "misc": "rt.cacsb.nrcan.gc.ca:12108/PRDS00CAN0(1)",
        "color": "red",
        "align": "left",
        "bline": "middle"
      },
      "geometry": {
        "type": "Point",
        "coordinates": [
          -114.29,
          50.87
        ]
      }
    },
    {
      "type": "Feature",
      "properties": {
        "name": "PTBB00DEU0",
        "identifier": "Braunschweig",
        "data_format": "RTCM 3.3",
        "format_details": "1006(1),1019,1020,1033(1),1045,1046,1077(1),1087(1),1097(1),1127(1),1230(1)",
        "carrier": "L2",
        "nav_system": "GPS+GLO+GAL+BDS",
        "network": "IGS",
        "country": "DEU",
        "coordinates": "52.3, 10.46",
        "solution": "single base",
        "misc": "gref-ip.de:2101/PTBB00DEU0(1)",
        "color": "red",
        "align": "left",
        "bline": "middle"
      },
      "geometry": {
        "type": "Point",
        "coordinates": [
          10.46,
          52.3
        ]
      }
    },
    {
      "type": "Feature",
      "properties": {
        "name": "PTGG00PHL0",
        "identifier": "Manille",
        "data_format": "RTCM 3.3",
        "format_details": "1006(30),1007(30),1008(30),1013(30),1019,1020,1029(30),1033(30),1041,1042,1044,1045,1046,1077(1),1087(1),1097(1),1107(1),1117(1),1127(1),1137(1),1230(30)",
        "carrier": "L2",
        "nav_system": "GPS+GLO+GAL+BDS+QZS+IRS+SBAS",
        "network": "IGS",
        "country": "PHL",
        "coordinates": "14.54, 121.04",
        "solution": "single base",
        "misc": "rgp-ip.ign.fr:2101/PTGG00PHL0(1)",
        "color": "red",
        "align": "left",
        "bline": "middle"
      },
      "geometry": {
        "type": "Point",
        "coordinates": [
          121.04,
          14.54
        ]
      }
    },
    {
      "type": "Feature",
      "properties": {
        "name": "PTVL00VUT0",
        "identifier": "Port Vila",
        "data_format": "RTCM 3.3",
        "format_details": "1006(10),1013(10),1019,1020,1033(10),1042,1044,1045,1046,1077(1),1087(1),1097(1),1117(1),1127(1),1230(10)",
        "carrier": "L2",
        "nav_system": "GPS+GLO+GAL+BDS+QZS",
        "network": "IGS",
        "country": "VUT",
        "coordinates": "-17.75, 168.32",
        "solution": "single base",
        "misc": "ntrip.data.gnss.ga.gov.au:443/PTVL00VUT0(1)",
        "color": "red",
        "align": "left",
        "bline": "middle"
      },
      "geometry": {
        "type": "Point",
        "coordinates": [
          168.32,
          -17.75
        ]
      }
    },
    {
      "type": "Feature",
      "properties": {
        "name": "QIKI00CAN0",
        "identifier": "Qikiqtarjuaq",
        "data_format": "RTCM 3.2",
        "format_details": "1077(1),1087(1),1097(1),1006(10),1008(10),1013(10),1019,1020,1033,1045,1230",
        "carrier": "L2",
        "nav_system": "GPS,GLO,GAL",
        "network": "IGS",
        "country": "CAN",
        "coordinates": "67.55, 295.96",
        "solution": "single base",
        "misc": "rt.cacsb.nrcan.gc.ca:12108/QIKI00CAN0",
        "color": "red",
        "align": "left",
        "bline": "middle"
      },
      "geometry": {
        "type": "Point",
        "coordinates": [
          295.96,
          67.55
        ]
      }
    },
    {
      "type": "Feature",
      "properties": {
        "name": "QUIN00USA0",
        "identifier": "Quincy",
        "data_format": "RTCM 3.2",
        "format_details": "1076(1)",
        "carrier": "L2",
        "nav_system": "GPS",
        "network": "IGS",
        "country": "USA",
        "coordinates": "39.97, -120.94",
        "solution": "single base",
        "misc": "caster.cddis.eosdis.nasa.gov:443/QUIN00USA0(2)",
        "color": "red",
        "align": "left",
        "bline": "middle"
      },
      "geometry": {
        "type": "Point",
        "coordinates": [
          -120.94,
          39.97
        ]
      }
    },
    {
      "type": "Feature",
      "properties": {
        "name": "RABT00MAR0",
        "identifier": "Rabat",
        "data_format": "RTCM 3",
        "format_details": "1076(2)",
        "carrier": "L2",
        "nav_system": "GPS",
        "network": "IGS",
        "country": "MAR",
        "coordinates": "34.0, -6.85",
        "solution": "single base",
        "misc": "caster.cddis.eosdis.nasa.gov:443/RABT00MAR0(2)",
        "color": "red",
        "align": "left",
        "bline": "middle"
      },
      "geometry": {
        "type": "Point",
        "coordinates": [
          -6.85,
          34.0
        ]
      }
    },
    {
      "type": "Feature",
      "properties": {
        "name": "RAEG00PRT0",
        "identifier": "RAEGE_StaMaria_31",
        "data_format": "RTCM 3.3",
        "format_details": "1006(15),1008(15),1013(60),1019,1020,1033(15),1042,1045,1046,1075(1),1085(1),1095(1),1125(1),1230(15)",
        "carrier": "L2",
        "nav_system": "GPS+GLO+GAL+BDS",
        "network": "IGS",
        "country": "PRT",
        "coordinates": "36.99, -25.13",
        "solution": "single base",
        "misc": "ergnss-ip.ign.es:2101/RAEG0(1)",
        "color": "red",
        "align": "left",
        "bline": "middle"
      },
      "geometry": {
        "type": "Point",
        "coordinates": [
          -25.13,
          36.99
        ]
      }
    },
    {
      "type": "Feature",
      "properties": {
        "name": "RBAY00ZAF0",
        "identifier": "Rbay-SB",
        "data_format": "RTCM 3.1",
        "format_details": "1004(1),1005(5),1007(5),1012(1),1033(5),4094(5)",
        "carrier": "L2",
        "nav_system": "GPS+GLO",
        "network": "IGS",
        "country": "ZAF",
        "coordinates": "-28.8, 32.08",
        "solution": "single base",
        "misc": "rt.igs.org:2101/RBAY0(1)",
        "color": "red",
        "align": "left",
        "bline": "middle"
      },
      "geometry": {
        "type": "Point",
        "coordinates": [
          32.08,
          -28.8
        ]
      }
    },
    {
      "type": "Feature",
      "properties": {
        "name": "RDSD00DOM0",
        "identifier": "Santa_Domingo",
        "data_format": "RTCM 3.2",
        "format_details": "1013(1),1019,1077(1),1230(5)",
        "carrier": "L2",
        "nav_system": "GPS",
        "network": "IGS",
        "country": "DOM",
        "coordinates": "18.46, -69.91",
        "solution": "single base",
        "misc": "rtgpsout.earthscope.org:2101/RDSD_RTCM3",
        "color": "red",
        "align": "left",
        "bline": "middle"
      },
      "geometry": {
        "type": "Point",
        "coordinates": [
          -69.91,
          18.46
        ]
      }
    },
    {
      "type": "Feature",
      "properties": {
        "name": "REDU00BEL0",
        "identifier": "Redu",
        "data_format": "RTCM 3.2",
        "format_details": "1006(60),1013(60),1019,1033(60),1077(1)",
        "carrier": "No info",
        "nav_system": "GPS",
        "network": "IGS",
        "country": "BEL",
        "coordinates": "50.0, 5.14",
        "solution": "network",
        "misc": "navrelayvm1.esoc.ops.esa.int:2101/REDU00BEL1(1)",
        "color": "red",
        "align": "left",
        "bline": "middle"
      },
      "geometry": {
        "type": "Point",
        "coordinates": [
          5.14,
          50.0
        ]
      }
    },
    {
      "type": "Feature",
      "properties": {
        "name": "RESO00CAN0",
        "identifier": "Resolute",
        "data_format": "RTCM 3.2",
        "format_details": "1077(1),1087(1),1097(1),1006(10),1008(10),1013(10),1019,1020,1033,1045,1230",
        "carrier": "L2",
        "nav_system": "GPS,GLO,GAL",
        "network": "IGS",
        "country": "CAN",
        "coordinates": "74.68, 265.12",
        "solution": "single base",
        "misc": "rt.cacsb.nrcan.gc.ca:12108/RESO00CAN0",
        "color": "red",
        "align": "left",
        "bline": "middle"
      },
      "geometry": {
        "type": "Point",
        "coordinates": [
          265.12,
          74.68
        ]
      }
    },
    {
      "type": "Feature",
      "properties": {
        "name": "REUN00REU0",
        "identifier": "La-Reunion",
        "data_format": "RTCM 3.3",
        "format_details": "1006(30),1007(30),1008(30),1013(30),1019,1020,1033(30),1042,1044,1045,1046,1074(1),1084(1),1094(1),1104(1),1114(1),1124(1),1230(30)",
        "carrier": "L2",
        "nav_system": "GPS+GLO+GAL+BDS+QZS+SBAS",
        "network": "IGS",
        "country": "REU",
        "coordinates": "-21.21, 55.57",
        "solution": "single base",
        "misc": "rgp-ip.ign.fr:2101/REUN00REU7(1)",
        "color": "red",
        "align": "left",
        "bline": "middle"
      },
      "geometry": {
        "type": "Point",
        "coordinates": [
          55.57,
          -21.21
        ]
      }
    },
    {
      "type": "Feature",
      "properties": {
        "name": "REYK00ISL0",
        "identifier": "Reykjavik",
        "data_format": "RTCM 3.3",
        "format_details": "1006(15),1008(15),1013(60),1019,1020,1033(15),1042,1045,1046,1075(1),1085(1),1095(1),1125(1),1230(15)",
        "carrier": "L2",
        "nav_system": "GPS+GLO+GAL+BDS",
        "network": "IGS",
        "country": "ISL",
        "coordinates": "64.14, -21.96",
        "solution": "single base",
        "misc": "BKG",
        "color": "red",
        "align": "left",
        "bline": "middle"
      },
      "geometry": {
        "type": "Point",
        "coordinates": [
          -21.96,
          64.14
        ]
      }
    },
    {
      "type": "Feature",
      "properties": {
        "name": "RGDG00ARG0",
        "identifier": "RioGrande",
        "data_format": "RTCM 3.3",
        "format_details": "1006(10),1013(10),1019,1020,1033(10),1042,1045,1046,1077(1),1087(1),1097(1),1127(1),1230(10)",
        "carrier": "L2",
        "nav_system": "GPS+GLO+GAL+BDS",
        "network": "IGS",
        "country": "ARG",
        "coordinates": "-53.79, -67.75",
        "solution": "single base",
        "misc": "http://rgp-ip.ign.fr:2101/RGDG00ARG0(1)",
        "color": "red",
        "align": "left",
        "bline": "middle"
      },
      "geometry": {
        "type": "Point",
        "coordinates": [
          -67.75,
          -53.79
        ]
      }
    },
    {
      "type": "Feature",
      "properties": {
        "name": "RIGA00LVA0",
        "identifier": "Riga",
        "data_format": "RTCM 3.3",
        "format_details": "1006(14),1008(15),1013(60),1019,1020,1033(15),1042,1045,1046,1077(1),1087(1),1097(1),1127(1),1230(15)",
        "carrier": "L2",
        "nav_system": "GPS+GLO+GAL+BDS",
        "network": "IGS",
        "country": "LVA",
        "coordinates": "56.95, 24.06",
        "solution": "single base",
        "misc": "University of Latvia",
        "color": "red",
        "align": "left",
        "bline": "middle"
      },
      "geometry": {
        "type": "Point",
        "coordinates": [
          24.06,
          56.95
        ]
      }
    },
    {
      "type": "Feature",
      "properties": {
        "name": "RIO100ESP0",
        "identifier": "Rioja",
        "data_format": "RTCM 3.3",
        "format_details": "1006(15),1008(15),1013(60),1019,1020,1033(15),1045,1046,1075(1),1085(1),1095(1),1230(15)",
        "carrier": "L2",
        "nav_system": "GPS+GLO+GAL",
        "network": "IGS",
        "country": "ESP",
        "coordinates": "42.46, -2.43",
        "solution": "single base",
        "misc": "euref-ip.net:2101/RIO100ESP0",
        "color": "red",
        "align": "left",
        "bline": "middle"
      },
      "geometry": {
        "type": "Point",
        "coordinates": [
          -2.43,
          42.46
        ]
      }
    },
    {
      "type": "Feature",
      "properties": {
        "name": "RIO200ARG0",
        "identifier": "RioGrande",
        "data_format": "RTCM 3.3",
        "format_details": "1006(10),1007(10),1008(10),1019,1020,1033(10),1042,1043,1045,1046,1077(1),1087(1),1097(1),1107(1),1127(1)",
        "carrier": "L2",
        "nav_system": "GPS+GLO+GAL+BDS+SBAS",
        "network": "IGS",
        "country": "ARG",
        "coordinates": "-53.79, -67.75",
        "solution": "single base",
        "misc": "GFZ",
        "color": "red",
        "align": "left",
        "bline": "middle"
      },
      "geometry": {
        "type": "Point",
        "coordinates": [
          -67.75,
          -53.79
        ]
      }
    },
    {
      "type": "Feature",
      "properties": {
        "name": "ROAG00ESP0",
        "identifier": "San_Fernando",
        "data_format": "RTCM 3.3",
        "format_details": "1019,1020,1033(1),1042,1045,1046,1077(1),1087(1),1097(1),1107(1),1117(1),1127(1),1230(1)",
        "carrier": "L2",
        "nav_system": "GPS+GLO+GAL+BDS+QZS+SBAS",
        "network": "IGS",
        "country": "ESP",
        "coordinates": "36.46, -6.21",
        "solution": "single base",
        "misc": "7200",
        "color": "red",
        "align": "left",
        "bline": "middle"
      },
      "geometry": {
        "type": "Point",
        "coordinates": [
          -6.21,
          36.46
        ]
      }
    },
    {
      "type": "Feature",
      "properties": {
        "name": "ROCK00USA0",
        "identifier": "Simi_Valley",
        "data_format": "RTCM 3.3",
        "format_details": "1005(30),1007(30),1013(1),1019,1020,1029,1033(30),1077(1),1087(1),1097(1),1107(1),1230(5)",
        "carrier": "L2",
        "nav_system": "GPS+GLO+GAL+SBAS",
        "network": "IGS",
        "country": "USA",
        "coordinates": "34.24, -118.68",
        "solution": "single base",
        "misc": "rtgpsout.earthscope.org:2101/ROCK_RTCM3",
        "color": "red",
        "align": "left",
        "bline": "middle"
      },
      "geometry": {
        "type": "Point",
        "coordinates": [
          -118.68,
          34.24
        ]
      }
    },
    {
      "type": "Feature",
      "properties": {
        "name": "RVDI00USA0",
        "identifier": "Greenwich_CT",
        "data_format": "RTCM 3.2",
        "format_details": "1004(1),1006(7),1019,1020,1033(13),1074(1),1084(1),1094(1),1124(1)",
        "carrier": "L2",
        "nav_system": "GPS+GLO+GAL+BDS",
        "network": "MISC",
        "country": "USA",
        "coordinates": "41.04, -73.58",
        "solution": "single base",
        "misc": "NGS_Coop CORS",
        "color": "red",
        "align": "left",
        "bline": "middle"
      },
      "geometry": {
        "type": "Point",
        "coordinates": [
          -73.58,
          41.04
        ]
      }
    },
    {
      "type": "Feature",
      "properties": {
        "name": "SABY00BES0",
        "identifier": "Saba",
        "data_format": "RTCM 3.3",
        "format_details": "1006(1),1008(1),1019,1020,1033(1),1042,1045,1046,1077(1),1087(1),1097(1),1127(1),1230(1)",
        "carrier": "L2",
        "nav_system": "GPS+GLO+GAL+BDS",
        "network": "IGS",
        "country": "BES",
        "coordinates": "17.65, -63.22",
        "solution": "single base",
        "misc": "ntrip.kadaster.nl/SABY00BES0",
        "color": "red",
        "align": "left",
        "bline": "middle"
      },
      "geometry": {
        "type": "Point",
        "coordinates": [
          -63.22,
          17.65
        ]
      }
    },
    {
      "type": "Feature",
      "properties": {
        "name": "SAGE00CRI0",
        "identifier": "San-Isidro-PZ",
        "data_format": "RTCM 3.2",
        "format_details": "1006(10),1013(10),1033(10),1074(1),1084(1),1094(1),1124(1),1230(10)",
        "carrier": "L2",
        "nav_system": "GPS+GLO+GAL+BDS",
        "network": "MISC",
        "country": "CRI",
        "coordinates": "9.37, -83.7",
        "solution": "single base",
        "misc": "igncaster.snitcr.go.cr:2101/SAGE3",
        "color": "red",
        "align": "left",
        "bline": "middle"
      },
      "geometry": {
        "type": "Point",
        "coordinates": [
          -83.7,
          9.37
        ]
      }
    },
    {
      "type": "Feature",
      "properties": {
        "name": "SALU00BRA0",
        "identifier": "Sao_Luiz",
        "data_format": "RTCM 3.3",
        "format_details": "1006(10),1008(10),1013(10),1019,1020,1033(10),1042,1045,1046,1077(1),1087(1),1097(1),1127(1),1230(10)",
        "carrier": "L2",
        "nav_system": "GPS+GLO+GAL+BDS",
        "network": "IGS",
        "country": "BRA",
        "coordinates": "-2.59, -44.21",
        "solution": "single base",
        "misc": "gps-ntrip.ibge.gov.br:2101/SALU0(1)",
        "color": "red",
        "align": "left",
        "bline": "middle"
      },
      "geometry": {
        "type": "Point",
        "coordinates": [
          -44.21,
          -2.59
        ]
      }
    },
    {
      "type": "Feature",
      "properties": {
        "name": "SAMO00WSM0",
        "identifier": "Apia",
        "data_format": "RTCM 3.3",
        "format_details": "1006(10),1013(10),1019,1020,1033(10),1042,1044,1045,1046,1077(1),1087(1),1097(1),1117(1),1127(1),1230(10)",
        "carrier": "L2",
        "nav_system": "GPS+GLO+GAL+BDS+QZS",
        "network": "IGS",
        "country": "WSM",
        "coordinates": "-13.85, -171.74",
        "solution": "single base",
        "misc": "ntrip.data.gnss.ga.gov.au:443/SAMO00WSM0(1)",
        "color": "red",
        "align": "left",
        "bline": "middle"
      },
      "geometry": {
        "type": "Point",
        "coordinates": [
          -171.74,
          -13.85
        ]
      }
    },
    {
      "type": "Feature",
      "properties": {
        "name": "SANT00CHL0",
        "identifier": "Santiago",
        "data_format": "RTCM 3.2",
        "format_details": "1076(1)",
        "carrier": "L2",
        "nav_system": "GPS",
        "network": "IGS",
        "country": "CHL",
        "coordinates": "-33.15, -70.67",
        "solution": "single base",
        "misc": "caster.cddis.eosdis.nasa.gov:443/SANT00CHL0(2)",
        "color": "red",
        "align": "left",
        "bline": "middle"
      },
      "geometry": {
        "type": "Point",
        "coordinates": [
          -70.67,
          -33.15
        ]
      }
    },
    {
      "type": "Feature",
      "properties": {
        "name": "SASK00CAN0",
        "identifier": "Saskatoon",
        "data_format": "RTCM 3.2",
        "format_details": "1006(10),1008(10),1013(10),1019,1020,1033(10),1077(1),1087(1),1097(1)",
        "carrier": "L2",
        "nav_system": "GPS+GLO+GAL",
        "network": "IGS",
        "country": "CAN",
        "coordinates": "52.2, -106.4",
        "solution": "single base",
        "misc": "rt.cacsb.nrcan.gc.ca:12108/SASK00CA00(1)",
        "color": "red",
        "align": "left",
        "bline": "middle"
      },
      "geometry": {
        "type": "Point",
        "coordinates": [
          -106.4,
          52.2
        ]
      }
    },
    {
      "type": "Feature",
      "properties": {
        "name": "SAVO00BRA0",
        "identifier": "Salvador",
        "data_format": "RTCM 3.3",
        "format_details": "1006(10),1008(10),1013(10),1019,1020,1033(10),1042,1045,1046,1077(1),1087(1),1097(1),1127(1),1230(10)",
        "carrier": "L2",
        "nav_system": "GPS+GLO+GAL+BDS",
        "network": "IGS",
        "country": "BRA",
        "coordinates": "-12.94, -38.43",
        "solution": "single base",
        "misc": "gps-ntrip.ibge.gov.br:2101/SAVO0(1)",
        "color": "red",
        "align": "left",
        "bline": "middle"
      },
      "geometry": {
        "type": "Point",
        "coordinates": [
          -38.43,
          -12.94
        ]
      }
    },
    {
      "type": "Feature",
      "properties": {
        "name": "SCH200CAN0",
        "identifier": "Schefferville",
        "data_format": "RTCM 3.2",
        "format_details": "1006(10),1008(10),1013(10),1019,1020,1033(10),1077(1),1087(1),1097(1)",
        "carrier": "L2",
        "nav_system": "GPS+GLO+GAL",
        "network": "IGS",
        "country": "CAN",
        "coordinates": "54.83, -66.83",
        "solution": "single base",
        "misc": "rt.cacsb.nrcan.gc.ca:12108/SCH200CAN0(1)",
        "color": "red",
        "align": "left",
        "bline": "middle"
      },
      "geometry": {
        "type": "Point",
        "coordinates": [
          -66.83,
          54.83
        ]
      }
    },
    {
      "type": "Feature",
      "properties": {
        "name": "SCRZ00BOL0",
        "identifier": "Santa-Cruz",
        "data_format": "RTCM 3.3",
        "format_details": "1006(15),1008(15),1013(60),1019,1020,1033(15),1042,1045,1046,1077(1),1087(1),1097(1),1127(1),1230(15)",
        "carrier": "L2",
        "nav_system": "GPS+GLO+GAL+BDS",
        "network": "IGS",
        "country": "BOL",
        "coordinates": "-17.8, -63.16",
        "solution": "single base",
        "misc": "SIRGAS",
        "color": "red",
        "align": "left",
        "bline": "middle"
      },
      "geometry": {
        "type": "Point",
        "coordinates": [
          -63.16,
          -17.8
        ]
      }
    },
    {
      "type": "Feature",
      "properties": {
        "name": "SCRZ00BOL9",
        "identifier": "Santa-Cruz",
        "data_format": "RAW",
        "format_details": "LB2",
        "carrier": "L2",
        "nav_system": "GPS+GLO+GAL",
        "network": "IGS",
        "country": "BOL",
        "coordinates": "-17.8, -63.16",
        "solution": "single base",
        "misc": "SIRGAS",
        "color": "red",
        "align": "left",
        "bline": "middle"
      },
      "geometry": {
        "type": "Point",
        "coordinates": [
          -63.16,
          -17.8
        ]
      }
    },
    {
      "type": "Feature",
      "properties": {
        "name": "SCTB00ATA0",
        "identifier": "Scott Base",
        "data_format": "RTCM 3.3",
        "format_details": "1006(10),1013(10),1019,1020,1033(10),1042,1044,1045,1046,1074(1),1084(1),1094(1),1114(1),1124(1),1230(10)",
        "carrier": "L2",
        "nav_system": "GPS+GLO+GAL+BDS+QZS",
        "network": "IGS",
        "country": "ATA",
        "coordinates": "-77.85, 166.76",
        "solution": "single base",
        "misc": "positionz-rt.linz.govt.nz:8888/SCTB_RTCM-MSM(1)",
        "color": "red",
        "align": "left",
        "bline": "middle"
      },
      "geometry": {
        "type": "Point",
        "coordinates": [
          166.76,
          -77.85
        ]
      }
    },
    {
      "type": "Feature",
      "properties": {
        "name": "SCUB00CUB0",
        "identifier": "Santiago",
        "data_format": "RTCM 3.3",
        "format_details": "1006,1007,1008,1019,1020,1033,1043,1077,1087,1097,1107,1127,1137",
        "carrier": "L2",
        "nav_system": "GPS+GLO+GAL",
        "network": "IGS",
        "country": "CUB",
        "coordinates": "20.01, -75.76",
        "solution": "network",
        "misc": "GFZ",
        "color": "red",
        "align": "left",
        "bline": "middle"
      },
      "geometry": {
        "type": "Point",
        "coordinates": [
          -75.76,
          20.01
        ]
      }
    },
    {
      "type": "Feature",
      "properties": {
        "name": "SEUS00BES0",
        "identifier": "Sint Eustatius",
        "data_format": "RTCM 3.3",
        "format_details": "1006(1),1008(1),1019,1020,1033(1),1042,1045,1046,1075(1),1085(1),1095(1),1125(1),1230(1)",
        "carrier": "L2",
        "nav_system": "GPS+GLO+GAL+BDS",
        "network": "IGS",
        "country": "BES",
        "coordinates": "17.5, -62.98",
        "solution": "single base",
        "misc": "ntrip.kadaster.nl/SEUS00BES0",
        "color": "red",
        "align": "left",
        "bline": "middle"
      },
      "geometry": {
        "type": "Point",
        "coordinates": [
          -62.98,
          17.5
        ]
      }
    },
    {
      "type": "Feature",
      "properties": {
        "name": "SEY200SYC0",
        "identifier": "La Misere",
        "data_format": "RTCM 3.2",
        "format_details": "1076(1)",
        "carrier": "L2",
        "nav_system": "GPS",
        "network": "IGS",
        "country": "SYC",
        "coordinates": "-4.67, 55.48",
        "solution": "single base",
        "misc": "caster.cddis.eosdis.nasa.gov:443/SEY200SYC0(2)",
        "color": "red",
        "align": "left",
        "bline": "middle"
      },
      "geometry": {
        "type": "Point",
        "coordinates": [
          55.48,
          -4.67
        ]
      }
    },
    {
      "type": "Feature",
      "properties": {
        "name": "SEYG00SYC0",
        "identifier": "Mahe",
        "data_format": "RTCM 3.3",
        "format_details": "1006(30),1007(30),1008(30),1013(30),1019,1020,1029(30),1033(30),1042,1045,1046,1077(1),1087(1),1097(1),1107(1),1127(1),1137(1),1230(30)",
        "carrier": "L2",
        "nav_system": "GPS+GLO+GAL+BDS+IRS+SBAS",
        "network": "IGS",
        "country": "SYC",
        "coordinates": "-4.68, 55.53",
        "solution": "single base",
        "misc": "rgp-ip.ign.fr:2101/SEYG00SYC0(1)",
        "color": "red",
        "align": "left",
        "bline": "middle"
      },
      "geometry": {
        "type": "Point",
        "coordinates": [
          55.53,
          -4.68
        ]
      }
    },
    {
      "type": "Feature",
      "properties": {
        "name": "SFDM00USA0",
        "identifier": "Piru",
        "data_format": "RTCM 3.3",
        "format_details": "1005(30),1007(30),1013(1),1019,1020,1033(30),1045,1046,1077(1),1087(1),1097(1),1107(1),1127(1),1230(5)",
        "carrier": "L2",
        "nav_system": "GPS+GLO+GAL+BDS+SBAS",
        "network": "IGS",
        "country": "USA",
        "coordinates": "34.46, -118.75",
        "solution": "single base",
        "misc": "rtgpsout.earthscope.org:2101/SFDM_RTCM3",
        "color": "red",
        "align": "left",
        "bline": "middle"
      },
      "geometry": {
        "type": "Point",
        "coordinates": [
          -118.75,
          34.46
        ]
      }
    },
    {
      "type": "Feature",
      "properties": {
        "name": "SGOC00LKA0",
        "identifier": "Colombo",
        "data_format": "RTCM 3.3",
        "format_details": "1006(10),1007(10),1008(10),1019,1020,1033(10),1042,1043,1044,1045,1046,1077(1),1087(1),1097(1),1107(1),1117(1),1127(1)",
        "carrier": "L2",
        "nav_system": "GPS+GLO+GAL+BDS+QZS+SBAS",
        "network": "IGS",
        "country": "LKA",
        "coordinates": "6.89, 79.87",
        "solution": "network",
        "misc": "GFZ",
        "color": "red",
        "align": "left",
        "bline": "middle"
      },
      "geometry": {
        "type": "Point",
        "coordinates": [
          79.87,
          6.89
        ]
      }
    },
    {
      "type": "Feature",
      "properties": {
        "name": "SGPO00USA0",
        "identifier": "Billings",
        "data_format": "RTCM 3.3",
        "format_details": "1006(10),1007(10),1008(10),1019,1020,1033(10),1042,1043,1045,1046,1077(1),1087(1),1097(1),1107(1),1127(1)",
        "carrier": "L2",
        "nav_system": "GPS+GLO+GAL+BDS+SBAS",
        "network": "IGS",
        "country": "USA",
        "coordinates": "36.6, -97.48",
        "solution": "network",
        "misc": "GFZ",
        "color": "red",
        "align": "left",
        "bline": "middle"
      },
      "geometry": {
        "type": "Point",
        "coordinates": [
          -97.48,
          36.6
        ]
      }
    },
    {
      "type": "Feature",
      "properties": {
        "name": "SIN100SGP0",
        "identifier": "Singapore",
        "data_format": "RTCM 3.3",
        "format_details": "1006(10),1008(10),1013(10),1019,1020,1033(10),1042,1044,1045,1046,1077(1),1087(1),1097(1),1117(1),1127(1),1230(10)",
        "carrier": "L2",
        "nav_system": "GPS+GLO+GAL+BDS+QZS",
        "network": "IGS",
        "country": "SGP",
        "coordinates": "1.34, 103.68",
        "solution": "single base",
        "misc": "DLR/NTU",
        "color": "red",
        "align": "left",
        "bline": "middle"
      },
      "geometry": {
        "type": "Point",
        "coordinates": [
          103.68,
          1.34
        ]
      }
    },
    {
      "type": "Feature",
      "properties": {
        "name": "SIN100SGP8",
        "identifier": "Singapore",
        "data_format": "RAW",
        "format_details": "BINEX",
        "carrier": "L2",
        "nav_system": "GPS+GLO+GAL+BDS+QZS+SBAS",
        "network": "IGS",
        "country": "SGP",
        "coordinates": "1.35, 103.68",
        "solution": "single base",
        "misc": "NTU/DLR",
        "color": "red",
        "align": "left",
        "bline": "middle"
      },
      "geometry": {
        "type": "Point",
        "coordinates": [
          103.68,
          1.35
        ]
      }
    },
    {
      "type": "Feature",
      "properties": {
        "name": "SOD300FIN0",
        "identifier": "Sodankyla",
        "data_format": "RTCM 3.3",
        "format_details": "1006(30),1008(30),1019,1020,1033(30),1042,1045,1046,1077(1),1087(1),1097(1),1107(1),1127(1),1230(60)",
        "carrier": "L2",
        "nav_system": "GPS+GLO+GAL+BDS+SBAS",
        "network": "IGS",
        "country": "FIN",
        "coordinates": "67.42, 26.39",
        "solution": "single base",
        "misc": "euref-ip.net:2101/SOD300FIN0(2)",
        "color": "red",
        "align": "left",
        "bline": "middle"
      },
      "geometry": {
        "type": "Point",
        "coordinates": [
          26.39,
          67.42
        ]
      }
    },
    {
      "type": "Feature",
      "properties": {
        "name": "SOFI00BGR0",
        "identifier": "Sofia",
        "data_format": "RTCM 3.3",
        "format_details": "1006(15),1008(15),1013(60),1019,1020,1033(15),1042,1045,1046,1075(1),1085(1),1095(1),1125(1),1230(15)",
        "carrier": "L2",
        "nav_system": "GPS+GLO+GAL+BDS",
        "network": "IGS",
        "country": "BGR",
        "coordinates": "42.56, 23.39",
        "solution": "single base",
        "misc": "euref-ip.net:2101/SOFI00BGR0(1)",
        "color": "red",
        "align": "left",
        "bline": "middle"
      },
      "geometry": {
        "type": "Point",
        "coordinates": [
          23.39,
          42.56
        ]
      }
    },
    {
      "type": "Feature",
      "properties": {
        "name": "SOLO00SLB0",
        "identifier": "Honiara",
        "data_format": "RTCM 3.3",
        "format_details": "1006(10),1013(10),1019,1020,1033(10),1042,1044,1045,1046,1077(1),1087(1),1097(1),1117(1),1127(1),1230(10)",
        "carrier": "L2",
        "nav_system": "GPS+GLO+GAL+BDS+QZS",
        "network": "IGS",
        "country": "SLB",
        "coordinates": "-9.43, 159.95",
        "solution": "single base",
        "misc": "ntrip.data.gnss.ga.gov.au:443/SOLO00SLB0(1)",
        "color": "red",
        "align": "left",
        "bline": "middle"
      },
      "geometry": {
        "type": "Point",
        "coordinates": [
          159.95,
          -9.43
        ]
      }
    },
    {
      "type": "Feature",
      "properties": {
        "name": "SPC100BRA0",
        "identifier": "Campinas_UNICAMP",
        "data_format": "RTCM 3.3",
        "format_details": "1006(10),1008(10),1013(10),1019,1020,1033(10),1042,1045,1046,1077(1),1087(1),1097(1),1127(1),1230(10)",
        "carrier": "L2",
        "nav_system": "GPS+GLO+GAL+BDS",
        "network": "MISC",
        "country": "BRA",
        "coordinates": "-22.82, -47.06",
        "solution": "single base",
        "misc": "gps-ntrip.ibge.gov.br:2101/SPC10(1)",
        "color": "red",
        "align": "left",
        "bline": "middle"
      },
      "geometry": {
        "type": "Point",
        "coordinates": [
          -47.06,
          -22.82
        ]
      }
    },
    {
      "type": "Feature",
      "properties": {
        "name": "SPJA00BRA0",
        "identifier": "Jaboticabal",
        "data_format": "RTCM 3.2",
        "format_details": "1006(10),1008(10),1013(10),1019,1020,1033(10),1045,1074(1),1084(1),1094(1),1230(10)",
        "carrier": "L2",
        "nav_system": "GPS+GLO+GAL",
        "network": "MISC",
        "country": "BRA",
        "coordinates": "-21.24, -48.29",
        "solution": "single base",
        "misc": "gps-ntrip.ibge.gov.br:2101/SPJA0(1)",
        "color": "red",
        "align": "left",
        "bline": "middle"
      },
      "geometry": {
        "type": "Point",
        "coordinates": [
          -48.29,
          -21.24
        ]
      }
    },
    {
      "type": "Feature",
      "properties": {
        "name": "SPK100USA0",
        "identifier": "Saddle_Peak",
        "data_format": "RTCM 3.1",
        "format_details": "1004(1),1005(72),1007(72),1012(1),1019,1020,1033(72)",
        "carrier": "L2",
        "nav_system": "GPS+GLO",
        "network": "IGS",
        "country": "USA",
        "coordinates": "34.06, -118.65",
        "solution": "single base",
        "misc": "rtgpsout.earthscope.org:2101/SPK1_RTCM3",
        "color": "red",
        "align": "left",
        "bline": "middle"
      },
      "geometry": {
        "type": "Point",
        "coordinates": [
          -118.65,
          34.06
        ]
      }
    },
    {
      "type": "Feature",
      "properties": {
        "name": "SPT000SWE0",
        "identifier": "Boras",
        "data_format": "RTCM 3.3",
        "format_details": "1006(10),1008(10),1019,1020,1033(10),1042,1045,1046,1075(1),1085(1),1095(1),1115(1),1125(1),1230(10)",
        "carrier": "L2",
        "nav_system": "GPS+GLO+GAL+BDS+QZS",
        "network": "IGS",
        "country": "SWE",
        "coordinates": "57.71, 12.89",
        "solution": "single base",
        "misc": "ntripdist-swepos.lm.se:8504/SPT000SWE0(1)",
        "color": "red",
        "align": "left",
        "bline": "middle"
      },
      "geometry": {
        "type": "Point",
        "coordinates": [
          12.89,
          57.71
        ]
      }
    },
    {
      "type": "Feature",
      "properties": {
        "name": "SPTU00BRA0",
        "identifier": "Tupa",
        "data_format": "RTCM 3.3",
        "format_details": "1006(10),1008(10),1013(10),1019,1020,1033(10),1042,1045,1046,1074(1),1084(1),1094(1),1124(1),1230(10)",
        "carrier": "L2",
        "nav_system": "GPS+GLO+GAL+BDS",
        "network": "IGS",
        "country": "BRA",
        "coordinates": "-21.93, -50.49",
        "solution": "single base",
        "misc": "gps-ntrip.ibge.gov.br:2101/SPTU0(1)",
        "color": "red",
        "align": "left",
        "bline": "middle"
      },
      "geometry": {
        "type": "Point",
        "coordinates": [
          -50.49,
          -21.93
        ]
      }
    },
    {
      "type": "Feature",
      "properties": {
        "name": "SSIA00SLV0",
        "identifier": "San_Salvador",
        "data_format": "RTCM 3.3",
        "format_details": "1005(30),1007(30),1013(1),1019,1020,1029,1033(30),1045,1046,1077(1),1087(1),1097(1),1127(1),1230(5)",
        "carrier": "L2",
        "nav_system": "GPS+GLO+GAL+BDS",
        "network": "IGS",
        "country": "SLV",
        "coordinates": "13.7, -89.12",
        "solution": "single base",
        "misc": "rtgpsout.earthscope.org:2101/SSIA_RTCM3",
        "color": "red",
        "align": "left",
        "bline": "middle"
      },
      "geometry": {
        "type": "Point",
        "coordinates": [
          -89.12,
          13.7
        ]
      }
    },
    {
      "type": "Feature",
      "properties": {
        "name": "STFU00USA0",
        "identifier": "Stanford",
        "data_format": "RTCM 3.3",
        "format_details": "1006(30),1008(30),1019,1020,1033(30),1045,1046,1077(1),1087(1),1097(1),1107(1)",
        "carrier": "L2",
        "nav_system": "GPS+GLO+GAL+SBAS",
        "network": "IGS",
        "country": "USA",
        "coordinates": "37.43, -122.17",
        "solution": "single base",
        "misc": "Stanford University",
        "color": "red",
        "align": "left",
        "bline": "middle"
      },
      "geometry": {
        "type": "Point",
        "coordinates": [
          -122.17,
          37.43
        ]
      }
    },
    {
      "type": "Feature",
      "properties": {
        "name": "STFU00USA9",
        "identifier": "Stanford",
        "data_format": "RAW",
        "format_details": "JPS",
        "carrier": "L2",
        "nav_system": "GPS+GLO+GAL+SBAS",
        "network": "IGS",
        "country": "USA",
        "coordinates": "37.43, 237.83",
        "solution": "single base",
        "misc": "Stanford University",
        "color": "red",
        "align": "left",
        "bline": "middle"
      },
      "geometry": {
        "type": "Point",
        "coordinates": [
          237.83,
          37.43
        ]
      }
    },
    {
      "type": "Feature",
      "properties": {
        "name": "STHL00GBR0",
        "identifier": "Longwood",
        "data_format": "RTCM 3.2",
        "format_details": "1076(1)",
        "carrier": "L2",
        "nav_system": "GPS",
        "network": "IGS",
        "country": "GBR",
        "coordinates": "-15.94, -5.67",
        "solution": "single base",
        "misc": "caster.cddis.eosdis.nasa.gov:443/STHL00GBR0(2)",
        "color": "red",
        "align": "left",
        "bline": "middle"
      },
      "geometry": {
        "type": "Point",
        "coordinates": [
          -5.67,
          -15.94
        ]
      }
    },
    {
      "type": "Feature",
      "properties": {
        "name": "STJ300CAN0",
        "identifier": "Saint-John's",
        "data_format": "RTCM 3.3",
        "format_details": "1006(30),1007(30),1008(30),1013(30),1019,1020,1029(30),1033(30),1042,1045,1046,1077(1),1087(1),1097(1),1107(1),1127(1),1230(30)",
        "carrier": "L2",
        "nav_system": "GPS+GLO+GAL+BDS+SBAS",
        "network": "IGS",
        "country": "CAN",
        "coordinates": "47.6, -52.68",
        "solution": "single base",
        "misc": "rgp-ip.ign.fr:2101/STJ300CAN0(1)",
        "color": "red",
        "align": "left",
        "bline": "middle"
      },
      "geometry": {
        "type": "Point",
        "coordinates": [
          -52.68,
          47.6
        ]
      }
    },
    {
      "type": "Feature",
      "properties": {
        "name": "STJO00CAN0",
        "identifier": "St-Johns",
        "data_format": "RTCM 3.2",
        "format_details": "1006(10),1008(10),1013(60),1019,1020,1033(10),1077(1),1087(1),1097(1)",
        "carrier": "L2",
        "nav_system": "GPS+GLO+GAL",
        "network": "IGS",
        "country": "CAN",
        "coordinates": "47.6, -52.68",
        "solution": "single base",
        "misc": "rt.cacsb.nrcan.gc.ca:12108/STJO00CAN0(1)",
        "color": "red",
        "align": "left",
        "bline": "middle"
      },
      "geometry": {
        "type": "Point",
        "coordinates": [
          -52.68,
          47.6
        ]
      }
    },
    {
      "type": "Feature",
      "properties": {
        "name": "STK200JPN0",
        "identifier": "Shintotsukawa",
        "data_format": "RTCM 3.3",
        "format_details": "1019,1020,1044,1045,1046,1077(1),1087(1),1097(1),1117(1)",
        "carrier": "L2",
        "nav_system": "GPS+GLO+GAL+QZS",
        "network": "IGS",
        "country": "JPN",
        "coordinates": "43.53, 141.84",
        "solution": "network",
        "misc": "163.42.5.14:2101/STK200JPN0(1)",
        "color": "red",
        "align": "left",
        "bline": "middle"
      },
      "geometry": {
        "type": "Point",
        "coordinates": [
          141.84,
          43.53
        ]
      }
    },
    {
      "type": "Feature",
      "properties": {
        "name": "STPM00SPM0",
        "identifier": "Saint-Pierre",
        "data_format": "RTCM 3.3",
        "format_details": "1006(10),1008(10),1013(10),1019,1020,1033(10),1045,1046,1077(1),1087(1),1097(1),1230(10)",
        "carrier": "L2",
        "nav_system": "GPS+GLO+GAL",
        "network": "IGS",
        "country": "SPM",
        "coordinates": "46.78, -56.17",
        "solution": "single base",
        "misc": "rgp-ip.ign.fr:2101/STPM00SPM7",
        "color": "red",
        "align": "left",
        "bline": "middle"
      },
      "geometry": {
        "type": "Point",
        "coordinates": [
          -56.17,
          46.78
        ]
      }
    },
    {
      "type": "Feature",
      "properties": {
        "name": "STR100AUS0",
        "identifier": "Mt_Stromlo",
        "data_format": "RTCM 3.3",
        "format_details": "1006(10),1013(10),1019,1020,1033(10),1042,1044,1045,1046,1077(1),1087(1),1097(1),1117(1),1127(1),1230(10)",
        "carrier": "L2",
        "nav_system": "GPS+GLO+GAL+BDS+QZS",
        "network": "IGS",
        "country": "AUS",
        "coordinates": "-35.32, 149.01",
        "solution": "single base",
        "misc": "ntrip.data.gnss.ga.gov.au:443/STR100AUS0(1)",
        "color": "red",
        "align": "left",
        "bline": "middle"
      },
      "geometry": {
        "type": "Point",
        "coordinates": [
          149.01,
          -35.32
        ]
      }
    },
    {
      "type": "Feature",
      "properties": {
        "name": "STR200AUS0",
        "identifier": "Mt_Stromlo",
        "data_format": "RTCM 3.3",
        "format_details": "1006(10),1013(10),1019,1020,1033(10),1042,1044,1045,1046,1077(1),1087(1),1097(1),1117(1),1127(1),1230(10)",
        "carrier": "L2",
        "nav_system": "GPS+GLO+GAL+BDS+QZS",
        "network": "IGS",
        "country": "AUS",
        "coordinates": "-35.32, 149.01",
        "solution": "single base",
        "misc": "ntrip.data.gnss.ga.gov.au:443/STR200AUS0(1)",
        "color": "red",
        "align": "left",
        "bline": "middle"
      },
      "geometry": {
        "type": "Point",
        "coordinates": [
          149.01,
          -35.32
        ]
      }
    },
    {
      "type": "Feature",
      "properties": {
        "name": "SULP00UKR0",
        "identifier": "Lviv",
        "data_format": "RTCM 3.3",
        "format_details": "1019,1020,1042,1045,1046,1077(1),1087(1),1097(1),1127(1)",
        "carrier": "L2",
        "nav_system": "GPS+GLO+GAL+BDS",
        "network": "IGS",
        "country": "UKR",
        "coordinates": "49.84, 24.01",
        "solution": "single base",
        "misc": "euref-ip.net:2101/SULP0(1)",
        "color": "red",
        "align": "left",
        "bline": "middle"
      },
      "geometry": {
        "type": "Point",
        "coordinates": [
          24.01,
          49.84
        ]
      }
    },
    {
      "type": "Feature",
      "properties": {
        "name": "SUT100ZAF0",
        "identifier": "Sutherland",
        "data_format": "RTCM 3.1",
        "format_details": "1004(1),1005(5),1007(5),1033(5)",
        "carrier": "L2",
        "nav_system": "GPS",
        "network": "MISC",
        "country": "ZAF",
        "coordinates": "-32.38, 20.81",
        "solution": "single base",
        "misc": "www.trignet.co.za:2101/Suth-SB(1)",
        "color": "red",
        "align": "left",
        "bline": "middle"
      },
      "geometry": {
        "type": "Point",
        "coordinates": [
          20.81,
          -32.38
        ]
      }
    },
    {
      "type": "Feature",
      "properties": {
        "name": "SUTM00ZAF0",
        "identifier": "Sutherland",
        "data_format": "RTCM 3.3",
        "format_details": "1006(10),1007(10),1008(10),1019,1020,1033(10),1041,1042,1043,1045,1046,1077(1),1087(1),1097(1),1107(1),1127(1)",
        "carrier": "L2",
        "nav_system": "GPS+GLO+GAL+BDS+IRS+SBAS",
        "network": "IGS",
        "country": "ZAF",
        "coordinates": "-32.38, 20.81",
        "solution": "single base",
        "misc": "GFZ",
        "color": "red",
        "align": "left",
        "bline": "middle"
      },
      "geometry": {
        "type": "Point",
        "coordinates": [
          20.81,
          -32.38
        ]
      }
    },
    {
      "type": "Feature",
      "properties": {
        "name": "SUWN00KOR0",
        "identifier": "Suwon-shi",
        "data_format": "RTCM 3.2",
        "format_details": "1006(10),1008(10),1013(10),1019,1020,1033(10),1075(1),1085(1),1095(1),1115(1),1125(1),1230(10)",
        "carrier": "L2",
        "nav_system": "GPS+GLO+GAL+BDS+QZS",
        "network": "IGS",
        "country": "KOR",
        "coordinates": "37.28, 127.05",
        "solution": "single base",
        "misc": "vrs.ngii.go.kr:2101/SUWN-SB-RTCM3(1)",
        "color": "red",
        "align": "left",
        "bline": "middle"
      },
      "geometry": {
        "type": "Point",
        "coordinates": [
          127.05,
          37.28
        ]
      }
    },
    {
      "type": "Feature",
      "properties": {
        "name": "SYDN00AUS0",
        "identifier": "Sydney",
        "data_format": "RTCM 3.3",
        "format_details": "1006(10),1013(10),1019,1020,1033(10),1042,1044,1045,1046,1077(1),1087(1),1097(1),1117(1),1127(1),1230(10)",
        "carrier": "L2",
        "nav_system": "GPS+GLO+GAL+BDS+QZS",
        "network": "IGS",
        "country": "AUS",
        "coordinates": "-33.78, 151.15",
        "solution": "single base",
        "misc": "ntrip.data.gnss.ga.gov.au:443/SYDN00AUS0(1)",
        "color": "red",
        "align": "left",
        "bline": "middle"
      },
      "geometry": {
        "type": "Point",
        "coordinates": [
          151.15,
          -33.78
        ]
      }
    },
    {
      "type": "Feature",
      "properties": {
        "name": "SYOG00ATA0",
        "identifier": "East_Ongul_Island",
        "data_format": "RTCM 3.3",
        "format_details": "1019,1020,1044,1045,1046,1077(3),1087(3),1097(3),1117(3)",
        "carrier": "L2",
        "nav_system": "GPS+GLO+GAL+QZS",
        "network": "IGS",
        "country": "ATA",
        "coordinates": "-69.01, 39.58",
        "solution": "network",
        "misc": "rt.igs.org:2101/SYOG00ATA0(1)",
        "color": "red",
        "align": "left",
        "bline": "middle"
      },
      "geometry": {
        "type": "Point",
        "coordinates": [
          39.58,
          -69.01
        ]
      }
    },
    {
      "type": "Feature",
      "properties": {
        "name": "TABL00USA0",
        "identifier": "Wrightwood",
        "data_format": "RTCM 3.3",
        "format_details": "1005(30),1007(30),1013(2),1019,1020,1033(30),1077(1),1087(1),1107(1),1230(5)",
        "carrier": "L2",
        "nav_system": "GPS+GLO+SBAS",
        "network": "IGS",
        "country": "USA",
        "coordinates": "34.38, -117.68",
        "solution": "single base",
        "misc": "rtgpsout.earthscope.org:2101/TABL_RTCM3",
        "color": "red",
        "align": "left",
        "bline": "middle"
      },
      "geometry": {
        "type": "Point",
        "coordinates": [
          -117.68,
          34.38
        ]
      }
    },
    {
      "type": "Feature",
      "properties": {
        "name": "TASH00UZB0",
        "identifier": "Tashkent",
        "data_format": "RTCM 3.3",
        "format_details": "1006(10),1007(10),1008(10),1019,1020,1033(10),1042,1043,1045,1046,1077(1),1087(1),1097(1),1107(1),1127(1)",
        "carrier": "L2",
        "nav_system": "GPS+GLO+GAL+BDS+SBAS",
        "network": "IGS",
        "country": "UZB",
        "coordinates": "41.33, 69.3",
        "solution": "network",
        "misc": "GFZ",
        "color": "red",
        "align": "left",
        "bline": "middle"
      },
      "geometry": {
        "type": "Point",
        "coordinates": [
          69.3,
          41.33
        ]
      }
    },
    {
      "type": "Feature",
      "properties": {
        "name": "TEJA00CHL0",
        "identifier": "Isla_Teja_Valdivia",
        "data_format": "RTCM 3.3",
        "format_details": "1006(1),1008(1),1019,1020,1033(1),1042,1045,1046,1077(1),1087(1),1097(1),1127(1),1230(10)",
        "carrier": "L2",
        "nav_system": "GPS+GLO+GAL+BDS",
        "network": "IGS",
        "country": "CHL",
        "coordinates": "-39.81, -73.25",
        "solution": "single base",
        "misc": "200.9.201.58:2101/TEJA00CHL(1)",
        "color": "red",
        "align": "left",
        "bline": "middle"
      },
      "geometry": {
        "type": "Point",
        "coordinates": [
          -73.25,
          -39.81
        ]
      }
    },
    {
      "type": "Feature",
      "properties": {
        "name": "THTG00PYF0",
        "identifier": "Papeete",
        "data_format": "RTCM 3.3",
        "format_details": "1006(30),1007(30),1008(30),1013(30),1019,1020,1029(30),1033(30),1042,1044,1045,1046,1077(1),1087(1),1097(1),1107(1),1117(1),1127(1),1230(30)",
        "carrier": "L2",
        "nav_system": "GPS+GLO+GAL+BDS+QZS+SBAS",
        "network": "IGS",
        "country": "PYF",
        "coordinates": "-17.58, -149.61",
        "solution": "single base",
        "misc": "rgp-ip.ign.fr:2101/THTG00PYF0(1)",
        "color": "red",
        "align": "left",
        "bline": "middle"
      },
      "geometry": {
        "type": "Point",
        "coordinates": [
          -149.61,
          -17.58
        ]
      }
    },
    {
      "type": "Feature",
      "properties": {
        "name": "THTI00PYF0",
        "identifier": "Papeete",
        "data_format": "RTCM 3.3",
        "format_details": "1006(10),1008(10),1013(10),1019,1020,1033(10),1042,1045,1046,1077(1),1087(1),1097(1),1127(1),1230(10)",
        "carrier": "L2",
        "nav_system": "GPS+GLO+GAL+BDS",
        "network": "IGS",
        "country": "PYF",
        "coordinates": "-17.58, -149.61",
        "solution": "single base",
        "misc": "rgp-ip.ign.fr:2101/THTI00PYF0(1)",
        "color": "red",
        "align": "left",
        "bline": "middle"
      },
      "geometry": {
        "type": "Point",
        "coordinates": [
          -149.61,
          -17.58
        ]
      }
    },
    {
      "type": "Feature",
      "properties": {
        "name": "TID100AUS0",
        "identifier": "Tidbinbilla",
        "data_format": "RTCM 3.3",
        "format_details": "1006(10),1013(10),1019,1020,1033(10),1042,1044,1045,1046,1077(1),1087(1),1097(1),1117(1),1127(1),1230(60)",
        "carrier": "L2",
        "nav_system": "GPS+GLO+GAL+BDS+QZS",
        "network": "IGS",
        "country": "AUS",
        "coordinates": "-35.4, 148.98",
        "solution": "single base",
        "misc": "ntrip.data.gnss.ga.gov.au:443/TID100AUS0(1)",
        "color": "red",
        "align": "left",
        "bline": "middle"
      },
      "geometry": {
        "type": "Point",
        "coordinates": [
          148.98,
          -35.4
        ]
      }
    },
    {
      "type": "Feature",
      "properties": {
        "name": "TIT200DEU0",
        "identifier": "Titz",
        "data_format": "RTCM 3.3",
        "format_details": "1006(30),1008(30),1019,1020,1033(30),1042,1045,1046,1077(1),1087(1),1097(1),1127(1),1230(60)",
        "carrier": "L2",
        "nav_system": "GPS+GLO+GAL+BDS",
        "network": "IGS",
        "country": "DEU",
        "coordinates": "51.04, 6.43",
        "solution": "single base",
        "misc": "gref-ip.de:2101/TIT200DEU0(1)",
        "color": "red",
        "align": "left",
        "bline": "middle"
      },
      "geometry": {
        "type": "Point",
        "coordinates": [
          6.43,
          51.04
        ]
      }
    },
    {
      "type": "Feature",
      "properties": {
        "name": "TKBG00JPN0",
        "identifier": "!!! ADVNULLANTENNA !!! Tsukuba (Ibaraki)",
        "data_format": "RTCM 3.3",
        "format_details": "1006(10),1008(10),1013(10),1019,1020,1033(10),1042,1044,1045,1046,1077(1),1087(1),1097(1),1117(1),1127(1),1230(10)",
        "carrier": "L2",
        "nav_system": "GPS+GLO+GAL+BDS+QZS",
        "network": "IGS",
        "country": "JPN",
        "coordinates": "36.07, 140.13",
        "solution": "single base",
        "misc": "ntrip.data.gnss.ga.gov.au:443/TKBG00JPN0(1)",
        "color": "red",
        "align": "left",
        "bline": "middle"
      },
      "geometry": {
        "type": "Point",
        "coordinates": [
          140.13,
          36.07
        ]
      }
    },
    {
      "type": "Feature",
      "properties": {
        "name": "TLSE00FRA0",
        "identifier": "Toulouse",
        "data_format": "RTCM 3.3",
        "format_details": "1006(10),1013(10),1019,1020,1033(10),1041,1042,1045,1046,1077(1),1087(1),1097(1),1127(1),1137(1),1230(10)",
        "carrier": "L2",
        "nav_system": "GPS+GLO+GAL+BDS+IRS",
        "network": "IGS",
        "country": "FRA",
        "coordinates": "43.56, 1.48",
        "solution": "network",
        "misc": "rgp-ip.ign.fr:2101/TLSE00FRA0(1)",
        "color": "red",
        "align": "left",
        "bline": "middle"
      },
      "geometry": {
        "type": "Point",
        "coordinates": [
          1.48,
          43.56
        ]
      }
    },
    {
      "type": "Feature",
      "properties": {
        "name": "TLSG00FRA0",
        "identifier": "Toulouse",
        "data_format": "RTCM 3.3",
        "format_details": "1006(35),1007(35),1008(35),1013(35),1019,1020,1029(35),1033(35),1042,1045,1046,1077(1),1087(1),1097(1),1107(1),1127(1),1137(1),1230(35)",
        "carrier": "L2",
        "nav_system": "GPS+GLO+GAL+BDS+IRS+SBAS",
        "network": "IGS",
        "country": "FRA",
        "coordinates": "43.55, 1.49",
        "solution": "network",
        "misc": "rgp-ip.ign.fr:2101/TLSG00FRA0(1)",
        "color": "red",
        "align": "left",
        "bline": "middle"
      },
      "geometry": {
        "type": "Point",
        "coordinates": [
          1.49,
          43.55
        ]
      }
    },
    {
      "type": "Feature",
      "properties": {
        "name": "TONG00TON0",
        "identifier": "Nukualofa",
        "data_format": "RTCM 3.3",
        "format_details": "1006(10),1013(10),1019,1020,1033(10),1042,1044,1045,1046,1077(1),1087(1),1097(1),1117(1),1127(1),1230(10)",
        "carrier": "L2",
        "nav_system": "GPS+GLO+GAL+BDS+QZS",
        "network": "IGS",
        "country": "TON",
        "coordinates": "-21.14, -175.18",
        "solution": "single base",
        "misc": "ntrip.data.gnss.ga.gov.au:443/TONG00TON0(1)",
        "color": "red",
        "align": "left",
        "bline": "middle"
      },
      "geometry": {
        "type": "Point",
        "coordinates": [
          -175.18,
          -21.14
        ]
      }
    },
    {
      "type": "Feature",
      "properties": {
        "name": "TOPL00BRA0",
        "identifier": "Palmas",
        "data_format": "RTCM 3.3",
        "format_details": "1006(10),1008(10),1013(10),1019,1020,1033(10),1042,1045,1046,1074(1),1084(1),1094(1),1124(1),1230(10)",
        "carrier": "L2",
        "nav_system": "GPS+GLO+GAL+BDS",
        "network": "IGS",
        "country": "BRA",
        "coordinates": "-10.17, -48.33",
        "solution": "single base",
        "misc": "gps-ntrip.ibge.gov.br:2101/TOPL0(1)",
        "color": "red",
        "align": "left",
        "bline": "middle"
      },
      "geometry": {
        "type": "Point",
        "coordinates": [
          -48.33,
          -10.17
        ]
      }
    },
    {
      "type": "Feature",
      "properties": {
        "name": "TORP00USA0",
        "identifier": "Torrance",
        "data_format": "RTCM 3.3",
        "format_details": "1005(30),1007(30),1013(1),1019,1020,1029,1033(30),1077(1),1087(1),1097(1),1107(1),1230(5)",
        "carrier": "L2",
        "nav_system": "GPS+GLO+GAL+SBAS",
        "network": "IGS",
        "country": "USA",
        "coordinates": "33.8, -118.33",
        "solution": "single base",
        "misc": "rtgpsout.earthscope.org:2101/TORP_RTCM3",
        "color": "red",
        "align": "left",
        "bline": "middle"
      },
      "geometry": {
        "type": "Point",
        "coordinates": [
          -118.33,
          33.8
        ]
      }
    },
    {
      "type": "Feature",
      "properties": {
        "name": "TOW200AUS0",
        "identifier": "Cape_Ferguson",
        "data_format": "RTCM 3.3",
        "format_details": "1006(10),1013(10),1019,1020,1033(10),1042,1044,1045,1046,1077(1),1087(1),1097(1),1117(1),1127(1),1230(10)",
        "carrier": "L2",
        "nav_system": "GPS+GLO+GAL+BDS+QZS",
        "network": "IGS",
        "country": "AUS",
        "coordinates": "-19.27, 147.06",
        "solution": "single base",
        "misc": "ntrip.data.gnss.ga.gov.au:443/TOW200AUS0(1)",
        "color": "red",
        "align": "left",
        "bline": "middle"
      },
      "geometry": {
        "type": "Point",
        "coordinates": [
          147.06,
          -19.27
        ]
      }
    },
    {
      "type": "Feature",
      "properties": {
        "name": "TSK200JPN0",
        "identifier": "Tsukuba",
        "data_format": "RTCM 3.3",
        "format_details": "1019,1020,1044,1045,1046,1077(1),1087(1),1097(1),1117(1)",
        "carrier": "L2",
        "nav_system": "GPS+GLO+GAL+QZS",
        "network": "IGS",
        "country": "JPN",
        "coordinates": "36.11, 140.09",
        "solution": "network",
        "misc": "163.42.5.14:2101/TSK200JPN0(1)",
        "color": "red",
        "align": "left",
        "bline": "middle"
      },
      "geometry": {
        "type": "Point",
        "coordinates": [
          140.09,
          36.11
        ]
      }
    },
    {
      "type": "Feature",
      "properties": {
        "name": "TUVA00TUV0",
        "identifier": "Funafuti",
        "data_format": "RTCM 3.3",
        "format_details": "1006(10),1013(10),1019,1020,1033(10),1042,1044,1045,1046,1077(1),1087(1),1097(1),1117(1),1127(1),1230(10)",
        "carrier": "L2",
        "nav_system": "GPS+GLO+GAL+BDS+QZS",
        "network": "IGS",
        "country": "TUV",
        "coordinates": "-8.53, 179.2",
        "solution": "single base",
        "misc": "ntrip.data.gnss.ga.gov.au:443/TUVA00TUV0(1)",
        "color": "red",
        "align": "left",
        "bline": "middle"
      },
      "geometry": {
        "type": "Point",
        "coordinates": [
          179.2,
          -8.53
        ]
      }
    },
    {
      "type": "Feature",
      "properties": {
        "name": "UCAL00CAN0",
        "identifier": "Calgary",
        "data_format": "RTCM 3.3",
        "format_details": "1006(10),1008(10),1013(10),1019,1020,1033(10),1042,1044,1045,1046,1077(1),1087(1),1097(1),1117(1),1127(1),1230(10)",
        "carrier": "L2",
        "nav_system": "GPS+GLO+GAL+BDS+QZS",
        "network": "IGS",
        "country": "CAN",
        "coordinates": "51.08, -114.13",
        "solution": "single base",
        "misc": "UOC/DLR",
        "color": "red",
        "align": "left",
        "bline": "middle"
      },
      "geometry": {
        "type": "Point",
        "coordinates": [
          -114.13,
          51.08
        ]
      }
    },
    {
      "type": "Feature",
      "properties": {
        "name": "UCAL00CAN8",
        "identifier": "Calgary",
        "data_format": "RAW",
        "format_details": "BINEX",
        "carrier": "L2",
        "nav_system": "GPS+GLO+GAL+BDS+QZS+SBAS",
        "network": "IGS",
        "country": "CAN",
        "coordinates": "51.08, 245.87",
        "solution": "single base",
        "misc": "UOC/DLR",
        "color": "red",
        "align": "left",
        "bline": "middle"
      },
      "geometry": {
        "type": "Point",
        "coordinates": [
          245.87,
          51.08
        ]
      }
    },
    {
      "type": "Feature",
      "properties": {
        "name": "UCLP00USA0",
        "identifier": "Los_Angeles",
        "data_format": "RTCM 3.3",
        "format_details": "1005(60),1007(60),1013(1),1029(60),1033(60),1077(1),1087(1),1097(1),1107(1),1117(1)",
        "carrier": "L2",
        "nav_system": "GPS+GLO+BDS+GAL+SBAS+QZS",
        "network": "IGS",
        "country": "USA",
        "coordinates": "34.07, -118.44",
        "solution": "single base",
        "misc": "rtgpsout.earthscope.org:2101/UCLP_RTCM3P3",
        "color": "red",
        "align": "left",
        "bline": "middle"
      },
      "geometry": {
        "type": "Point",
        "coordinates": [
          -118.44,
          34.07
        ]
      }
    },
    {
      "type": "Feature",
      "properties": {
        "name": "UFCD00BRA0",
        "identifier": "Fortaleza",
        "data_format": "RTCM 3.3",
        "format_details": "1006(30),1008(30),1013(60),1019,1020,1033(30),1042,1045,1046,1077(1),1087(1),1097(1),1107(1),1127(1)",
        "carrier": "L2",
        "nav_system": "GPS+GLO+GAL+BDS+SBAS",
        "network": "MGEX",
        "country": "BRA",
        "coordinates": "-3.74, -38.58",
        "solution": "single base",
        "misc": "DLR/UFC",
        "color": "red",
        "align": "left",
        "bline": "middle"
      },
      "geometry": {
        "type": "Point",
        "coordinates": [
          -38.58,
          -3.74
        ]
      }
    },
    {
      "type": "Feature",
      "properties": {
        "name": "UFPR00BRA0",
        "identifier": "Curitiba",
        "data_format": "RTCM 3.3",
        "format_details": "1006(10),1013(10),1019,1020,1033(10),1042,1045,1046,1077(1),1087(1),1097(1),1127(1),1230(10)",
        "carrier": "L2",
        "nav_system": "GPS+GLO+GAL+BDS",
        "network": "IGS",
        "country": "BRA",
        "coordinates": "-25.45, -49.23",
        "solution": "single base",
        "misc": "gps-ntrip.ibge.gov.br:2101/UFPR0(1)",
        "color": "red",
        "align": "left",
        "bline": "middle"
      },
      "geometry": {
        "type": "Point",
        "coordinates": [
          -49.23,
          -25.45
        ]
      }
    },
    {
      "type": "Feature",
      "properties": {
        "name": "ULAB00MNG0",
        "identifier": "UlaanBataar",
        "data_format": "RTCM 3.3",
        "format_details": "1006(10),1007(10),1008(10),1020,1033(10),1042,1043,1045,1046,1077(1),1087(1),1097(1),1107(1),1117(1),1127(1)",
        "carrier": "L2",
        "nav_system": "GPS+GLO+GAL+BDS+QZS+SBAS",
        "network": "IGS",
        "country": "MNG",
        "coordinates": "47.87, 107.05",
        "solution": "single base",
        "misc": "GFZ",
        "color": "red",
        "align": "left",
        "bline": "middle"
      },
      "geometry": {
        "type": "Point",
        "coordinates": [
          107.05,
          47.87
        ]
      }
    },
    {
      "type": "Feature",
      "properties": {
        "name": "UNB300CAN0",
        "identifier": "Fredericton",
        "data_format": "RTCM 3.3",
        "format_details": "1006(10),1013(10),1019,1020,1033(10),1042,1045,1046,1077(1),1087(1),1097(1),1127(1),1230(10),4094(5)",
        "carrier": "L2",
        "nav_system": "GPS+GLO+GAL+BDS",
        "network": "IGS",
        "country": "CAN",
        "coordinates": "45.95, -66.64",
        "solution": "single base",
        "misc": "trimble.gge.unb.ca:2101/UNB300CAN0(1)",
        "color": "red",
        "align": "left",
        "bline": "middle"
      },
      "geometry": {
        "type": "Point",
        "coordinates": [
          -66.64,
          45.95
        ]
      }
    },
    {
      "type": "Feature",
      "properties": {
        "name": "UNB300CAN9",
        "identifier": "Fredericton",
        "data_format": "RAW",
        "format_details": "RT27",
        "carrier": "L2",
        "nav_system": "GPS+GLO+GAL+BDS+SBAS",
        "network": "MISC",
        "country": "CAN",
        "coordinates": "45.95, 293.36",
        "solution": "single base",
        "misc": "http://gge.unb.ca",
        "color": "red",
        "align": "left",
        "bline": "middle"
      },
      "geometry": {
        "type": "Point",
        "coordinates": [
          293.36,
          45.95
        ]
      }
    },
    {
      "type": "Feature",
      "properties": {
        "name": "UNBD00CAN9",
        "identifier": "Fredericton",
        "data_format": "RAW",
        "format_details": "SBF",
        "carrier": "L2",
        "nav_system": "GPS+GLO+GAL+BDS+SBAS",
        "network": "IGS",
        "country": "CAN",
        "coordinates": "45.95, 293.36",
        "solution": "single base",
        "misc": "UNB/DLR",
        "color": "red",
        "align": "left",
        "bline": "middle"
      },
      "geometry": {
        "type": "Point",
        "coordinates": [
          293.36,
          45.95
        ]
      }
    },
    {
      "type": "Feature",
      "properties": {
        "name": "UNSA00ARG0",
        "identifier": "SaltaUnsa",
        "data_format": "RTCM 3.3",
        "format_details": "1006(10),1007(10),1008(10),1019,1020,1033(10),1042,1043,1045,1046,1077(1),1087(1),1097(1),1107(1),1127(1)",
        "carrier": "L2",
        "nav_system": "GPS+GLO+GAL+BDS+SBAS",
        "network": "IGS",
        "country": "ARG",
        "coordinates": "-24.73, -65.41",
        "solution": "single base",
        "misc": "GFZ",
        "color": "red",
        "align": "left",
        "bline": "middle"
      },
      "geometry": {
        "type": "Point",
        "coordinates": [
          -65.41,
          -24.73
        ]
      }
    },
    {
      "type": "Feature",
      "properties": {
        "name": "URUM00CHN0",
        "identifier": "Urumqi",
        "data_format": "RTCM 3.3",
        "format_details": "1006(10),1007(10),1008(10),1019,1020,1033(10),1041,1042,1043,1044,1045,1046,1077(1),1087(1),1097(1),1107(1),1117(1),1127(1)",
        "carrier": "L2",
        "nav_system": "GPS+GLO+GAL+BDS+QZS+IRS+SBAS",
        "network": "IGS",
        "country": "CHN",
        "coordinates": "43.81, 87.6",
        "solution": "single base",
        "misc": "GFZ",
        "color": "red",
        "align": "left",
        "bline": "middle"
      },
      "geometry": {
        "type": "Point",
        "coordinates": [
          87.6,
          43.81
        ]
      }
    },
    {
      "type": "Feature",
      "properties": {
        "name": "USCL00CHL0",
        "identifier": "Santiago de Chile",
        "data_format": "RTCM 3.3",
        "format_details": "1001(1),1002(1),1003(1),1004(1),1005(1),1006(1),1007(1),1008(1),1009(1),1010(1),1011(1),1012(1),1013(1),1019,1020,1029(1),1033(1),1042,1045,1046,1076(1),1077(1),1086(1),1087(1),1096(1),1097(1),1106(1),1107(1),1116(1),1117(1),1126(1),1127(1),1136(1),1137(1),1230(1)",
        "carrier": "L2",
        "nav_system": "GPS+GLO+GAL+BDS+QZS+IRS+SBAS",
        "network": "IGS",
        "country": "CHL",
        "coordinates": "-33.45, -70.68",
        "solution": "single base",
        "misc": "usclcaster.usach.cl:2101/USCL00CHL0(1)",
        "color": "red",
        "align": "left",
        "bline": "middle"
      },
      "geometry": {
        "type": "Point",
        "coordinates": [
          -70.68,
          -33.45
        ]
      }
    },
    {
      "type": "Feature",
      "properties": {
        "name": "USP100FJI0",
        "identifier": "Suva",
        "data_format": "RTCM 3.2",
        "format_details": "1006(35),1008(1),1013(35),1019,1020,1033(35),1074(1),1085(1),1094(1),1124(1),4011,4021(35)",
        "carrier": "L2",
        "nav_system": "GPS+GLO+GAL+BDS",
        "network": "IGS",
        "country": "FJI",
        "coordinates": "39.84, 116.34",
        "solution": "single base",
        "misc": "Beihang University",
        "color": "red",
        "align": "left",
        "bline": "middle"
      },
      "geometry": {
        "type": "Point",
        "coordinates": [
          116.34,
          39.84
        ]
      }
    },
    {
      "type": "Feature",
      "properties": {
        "name": "USUD00JPN0",
        "identifier": "Usuda",
        "data_format": "RTCM 3.2",
        "format_details": "1076(1)",
        "carrier": "L2",
        "nav_system": "GPS",
        "network": "IGS",
        "country": "JPN",
        "coordinates": "36.13, 138.36",
        "solution": "single base",
        "misc": "caster.cddis.eosdis.nasa.gov:443/USUD00JPN0(2)",
        "color": "red",
        "align": "left",
        "bline": "middle"
      },
      "geometry": {
        "type": "Point",
        "coordinates": [
          138.36,
          36.13
        ]
      }
    },
    {
      "type": "Feature",
      "properties": {
        "name": "UTQI00USA0",
        "identifier": "Utqiagvik",
        "data_format": "RTCM 3.3",
        "format_details": "1006(10),1007(10),1008(10),1019,1020,1033(10),1046,1077(1),1087(1),1097(1)",
        "carrier": "L2",
        "nav_system": "GPS+GLO+GAL",
        "network": "IGS",
        "country": "USA",
        "coordinates": "71.32, -156.62",
        "solution": "network",
        "misc": "GFZ",
        "color": "red",
        "align": "left",
        "bline": "middle"
      },
      "geometry": {
        "type": "Point",
        "coordinates": [
          -156.62,
          71.32
        ]
      }
    },
    {
      "type": "Feature",
      "properties": {
        "name": "VACS00MUS0",
        "identifier": "Vacoas",
        "data_format": "RTCM 3.2",
        "format_details": "1076(1)",
        "carrier": "L2",
        "nav_system": "GPS",
        "network": "IGS",
        "country": "MUS",
        "coordinates": "-20.3, 57.5",
        "solution": "single base",
        "misc": "caster.cddis.eosdis.nasa.gov:443/VACS00MUS0(2)",
        "color": "red",
        "align": "left",
        "bline": "middle"
      },
      "geometry": {
        "type": "Point",
        "coordinates": [
          57.5,
          -20.3
        ]
      }
    },
    {
      "type": "Feature",
      "properties": {
        "name": "VALD00CAN0",
        "identifier": "Val-d'or",
        "data_format": "RTCM 3.2",
        "format_details": "1006(10),1008(10),1013(10),1019,1020,1033(10),1077(1),1087(1)",
        "carrier": "L2",
        "nav_system": "GPS+GLO",
        "network": "IGS",
        "country": "CAN",
        "coordinates": "48.1, -77.56",
        "solution": "single base",
        "misc": "rt.cacsb.nrcan.gc.ca:12108/VALD00CAN0(1)",
        "color": "red",
        "align": "left",
        "bline": "middle"
      },
      "geometry": {
        "type": "Point",
        "coordinates": [
          -77.56,
          48.1
        ]
      }
    },
    {
      "type": "Feature",
      "properties": {
        "name": "VILL00ESP0",
        "identifier": "Villafranca",
        "data_format": "RTCM 3.2",
        "format_details": "1006(60),1013(60),1019,1033(60),1077(1)",
        "carrier": "No info",
        "nav_system": "GPS",
        "network": "IGS",
        "country": "ESP",
        "coordinates": "40.44, -3.95",
        "solution": "network",
        "misc": "navrelayvm1.esoc.ops.esa.int:2101/VILL00ESP1(1)",
        "color": "red",
        "align": "left",
        "bline": "middle"
      },
      "geometry": {
        "type": "Point",
        "coordinates": [
          -3.95,
          40.44
        ]
      }
    },
    {
      "type": "Feature",
      "properties": {
        "name": "VIS000SWE0",
        "identifier": "Visby",
        "data_format": "RTCM 3.3",
        "format_details": "1006(10),1008(10),1019,1020,1033(10),1042,1045,1046,1075(1),1085(1),1095(1),1115(1),1125(1),1230(10)",
        "carrier": "L2",
        "nav_system": "GPS+GLO+GAL+BDS+QZS",
        "network": "IGS",
        "country": "SWE",
        "coordinates": "57.65, 18.37",
        "solution": "single base",
        "misc": "ntripdist-swepos.lm.se:8504/vis0_euref(1)",
        "color": "red",
        "align": "left",
        "bline": "middle"
      },
      "geometry": {
        "type": "Point",
        "coordinates": [
          18.37,
          57.65
        ]
      }
    },
    {
      "type": "Feature",
      "properties": {
        "name": "VNDP00USA0",
        "identifier": "Vandenberg",
        "data_format": "RTCM 3.3",
        "format_details": "1005(30),1007(30),1013(1),1019,1020,1033(30),1042,1045,1046,1077(1),1087(1),1097(1),1107(1),1127(1),1230(5)",
        "carrier": "L2",
        "nav_system": "GPS+GLO+GAL+BDS+SBAS",
        "network": "IGS",
        "country": "USA",
        "coordinates": "34.56, -120.62",
        "solution": "single base",
        "misc": "rtgpsout.earthscope.org:2101/VNDP_RTCM3",
        "color": "red",
        "align": "left",
        "bline": "middle"
      },
      "geometry": {
        "type": "Point",
        "coordinates": [
          -120.62,
          34.56
        ]
      }
    },
    {
      "type": "Feature",
      "properties": {
        "name": "WARK00NZL0",
        "identifier": "Warkworth",
        "data_format": "RTCM 3.3",
        "format_details": "1006(10),1013(10),1019,1020,1033(10),1042,1044,1045,1046,1074(1),1084(1),1094(1),1114(1),1124(1),1230(10)",
        "carrier": "L2",
        "nav_system": "GPS+GLO+GAL+BDS+QZS",
        "network": "IGS",
        "country": "NZL",
        "coordinates": "-36.43, 174.66",
        "solution": "single base",
        "misc": "cgps-streaming.geonet.org.nz:8888/WARK_RTCM-MSM(1)",
        "color": "red",
        "align": "left",
        "bline": "middle"
      },
      "geometry": {
        "type": "Point",
        "coordinates": [
          174.66,
          -36.43
        ]
      }
    },
    {
      "type": "Feature",
      "properties": {
        "name": "WARN00DEU0",
        "identifier": "Warnemuende",
        "data_format": "RTCM 3.3",
        "format_details": "1006(30),1008(30),1019,1020,1033(30),1042,1045,1046,1077(1),1087(1),1097(1),1127(1),1230(60)",
        "carrier": "L2",
        "nav_system": "GPS+GLO+GAL+BDS",
        "network": "IGS",
        "country": "DEU",
        "coordinates": "54.17, 12.1",
        "solution": "single base",
        "misc": "gref-ip.de:2101/WARN00DEU0(1)",
        "color": "red",
        "align": "left",
        "bline": "middle"
      },
      "geometry": {
        "type": "Point",
        "coordinates": [
          12.1,
          54.17
        ]
      }
    },
    {
      "type": "Feature",
      "properties": {
        "name": "WGTN00NZL0",
        "identifier": "Wellington",
        "data_format": "RTCM 3.3",
        "format_details": "1006(10),1013(10),1019,1020,1033(10),1042,1044,1045,1046,1074(1),1084(1),1094(1),1114(1),1124(1),1230(10)",
        "carrier": "L2",
        "nav_system": "GPS+GLO+GAL+BDS+QZS",
        "network": "IGS",
        "country": "NZL",
        "coordinates": "-41.32, 174.81",
        "solution": "single base",
        "misc": "cgps-streaming.geonet.org.nz:8888/WGTN_RTCM(1)",
        "color": "red",
        "align": "left",
        "bline": "middle"
      },
      "geometry": {
        "type": "Point",
        "coordinates": [
          174.81,
          -41.32
        ]
      }
    },
    {
      "type": "Feature",
      "properties": {
        "name": "WHC100USA0",
        "identifier": "Whittier",
        "data_format": "RTCM 3.3",
        "format_details": "1005(30),1007(30),1013(1),1019,1029,1033(30),1077(1),1087(1),1097(1),1107(1),1230(5)",
        "carrier": "L2",
        "nav_system": "GPS+GLO+GAL+SBAS",
        "network": "IGS",
        "country": "USA",
        "coordinates": "33.98, -118.03",
        "solution": "single base",
        "misc": "rtgpsout.earthscope.org:2101/WHC1_RTCM3",
        "color": "red",
        "align": "left",
        "bline": "middle"
      },
      "geometry": {
        "type": "Point",
        "coordinates": [
          -118.03,
          33.98
        ]
      }
    },
    {
      "type": "Feature",
      "properties": {
        "name": "WHIT00CAN0",
        "identifier": "Whitehorse",
        "data_format": "RTCM 3.2",
        "format_details": "1006(10),1008(10),1013(60),1019,1020,1033(10),1077(1),1087(1),1097(1)",
        "carrier": "L2",
        "nav_system": "GPS+GLO+GAL",
        "network": "IGS",
        "country": "CAN",
        "coordinates": "60.75, -135.22",
        "solution": "single base",
        "misc": "rt.cacsb.nrcan.gc.ca:12108/WHIT00CAN0(1)",
        "color": "red",
        "align": "left",
        "bline": "middle"
      },
      "geometry": {
        "type": "Point",
        "coordinates": [
          -135.22,
          60.75
        ]
      }
    },
    {
      "type": "Feature",
      "properties": {
        "name": "WIDC00USA0",
        "identifier": "Sky Valley",
        "data_format": "RTCM 3.2",
        "format_details": "1005(30),1007(30),1013(1),1019,1020,1029,1033(30),1077(1),1230(5)",
        "carrier": "L2",
        "nav_system": "GPS+GLO",
        "network": "IGS",
        "country": "USA",
        "coordinates": "33.93, -116.39",
        "solution": "single base",
        "misc": "rtgpsout.earthscope.org:2101/WIDC_RTCM3",
        "color": "red",
        "align": "left",
        "bline": "middle"
      },
      "geometry": {
        "type": "Point",
        "coordinates": [
          -116.39,
          33.93
        ]
      }
    },
    {
      "type": "Feature",
      "properties": {
        "name": "WIND00NAM0",
        "identifier": "Windhoek",
        "data_format": "RTCM 3.3",
        "format_details": "1006(10),1007(10),1008(10),1019,1020,1033(10),1042,1043,1045,1046,1077(1),1087(1),1097(1),1107(1),1127(1)",
        "carrier": "L2",
        "nav_system": "GPS+GLO+GAL+BDS+SBAS",
        "network": "IGS",
        "country": "NAM",
        "coordinates": "-22.57, 17.09",
        "solution": "single base",
        "misc": "GFZ",
        "color": "red",
        "align": "left",
        "bline": "middle"
      },
      "geometry": {
        "type": "Point",
        "coordinates": [
          17.09,
          -22.57
        ]
      }
    },
    {
      "type": "Feature",
      "properties": {
        "name": "WLSN00USA0",
        "identifier": "Mt._Wilson",
        "data_format": "RTCM 3.3",
        "format_details": "1005(30),1007(30),1013(1),1020,1029,1033(30),1077(1),1087(1),1097(1),1107(1),1230(5)",
        "carrier": "L2",
        "nav_system": "GPS+GLO+GAL+SBAS",
        "network": "IGS",
        "country": "USA",
        "coordinates": "34.23, -118.06",
        "solution": "single base",
        "misc": "rtgpsout.earthscope.org:2101/WLSN_RTCM3",
        "color": "red",
        "align": "left",
        "bline": "middle"
      },
      "geometry": {
        "type": "Point",
        "coordinates": [
          -118.06,
          34.23
        ]
      }
    },
    {
      "type": "Feature",
      "properties": {
        "name": "WROC00POL0",
        "identifier": "Wroclaw",
        "data_format": "RTCM 3.3",
        "format_details": "1006(15),1008(15),1013(60),1019,1020,1033(15),1042,1045,1046,1077(1),1087(1),1097(1),1127(1),1230(15)",
        "carrier": "L2",
        "nav_system": "GPS+GLO+GAL+BDS",
        "network": "IGS",
        "country": "POL",
        "coordinates": "51.11, 17.06",
        "solution": "single base",
        "misc": "euref-ip.net:2101/WROC00POL0(1)",
        "color": "red",
        "align": "left",
        "bline": "middle"
      },
      "geometry": {
        "type": "Point",
        "coordinates": [
          17.06,
          51.11
        ]
      }
    },
    {
      "type": "Feature",
      "properties": {
        "name": "WSRT00NLD0",
        "identifier": "Westerbork",
        "data_format": "RTCM 3.2",
        "format_details": "1006(15),1008(15),1033(15),1077(1),1087(1),1097(1),1117(1),1127(1),1230(15)",
        "carrier": "L2",
        "nav_system": "GPS+GLO+GAL+BDS+QZS",
        "network": "IGS",
        "country": "NLD",
        "coordinates": "52.91, 6.6",
        "solution": "single base",
        "misc": "euref-ip.net:2101/WSRT00NLD0(2)",
        "color": "red",
        "align": "left",
        "bline": "middle"
      },
      "geometry": {
        "type": "Point",
        "coordinates": [
          6.6,
          52.91
        ]
      }
    },
    {
      "type": "Feature",
      "properties": {
        "name": "WTZ300DEU0",
        "identifier": "Wettzell",
        "data_format": "RTCM 3.3",
        "format_details": "1006(30),1008(30),1019,1020,1033(30),1043,1045,1046,1077(1),1087(1),1097(1),1107(1)",
        "carrier": "L2",
        "nav_system": "GPS+GLO+GAL+SBAS",
        "network": "IGS",
        "country": "DEU",
        "coordinates": "49.14, 12.88",
        "solution": "single base",
        "misc": "DLR",
        "color": "red",
        "align": "left",
        "bline": "middle"
      },
      "geometry": {
        "type": "Point",
        "coordinates": [
          12.88,
          49.14
        ]
      }
    },
    {
      "type": "Feature",
      "properties": {
        "name": "WTZ300DEU9",
        "identifier": "Wettzell",
        "data_format": "RAW",
        "format_details": "JPS",
        "carrier": "L2",
        "nav_system": "GPS+GLO+GAL+SBAS",
        "network": "IGS",
        "country": "DEU",
        "coordinates": "49.13, 12.88",
        "solution": "single base",
        "misc": "DLR",
        "color": "red",
        "align": "left",
        "bline": "middle"
      },
      "geometry": {
        "type": "Point",
        "coordinates": [
          12.88,
          49.13
        ]
      }
    },
    {
      "type": "Feature",
      "properties": {
        "name": "WTZR00DEU0",
        "identifier": "Wettzell",
        "data_format": "RTCM 3.3",
        "format_details": "1006(15),1008(15),1013(60),1019,1020,1033(15),1042,1045,1046,1075(1),1085(1),1095(1),1125(1),1230(15)",
        "carrier": "L2",
        "nav_system": "GPS+GLO+GAL+BDS",
        "network": "IGS",
        "country": "DEU",
        "coordinates": "49.14, 12.88",
        "solution": "single base",
        "misc": "euref-ip.net:2101/WTZR00DEU0(1)",
        "color": "red",
        "align": "left",
        "bline": "middle"
      },
      "geometry": {
        "type": "Point",
        "coordinates": [
          12.88,
          49.14
        ]
      }
    },
    {
      "type": "Feature",
      "properties": {
        "name": "WTZZ00DEU0",
        "identifier": "Wettzell",
        "data_format": "RTCM 3.3",
        "format_details": "1006(30),1008(30),1019,1020,1033(30),1042,1043,1045,1046,1077(1),1087(1),1097(1),1107(1),1127(1)",
        "carrier": "L2",
        "nav_system": "GPS+GLO+GAL+BDS+SBAS",
        "network": "IGS",
        "country": "DEU",
        "coordinates": "49.14, 12.88",
        "solution": "single base",
        "misc": "BKG",
        "color": "red",
        "align": "left",
        "bline": "middle"
      },
      "geometry": {
        "type": "Point",
        "coordinates": [
          12.88,
          49.14
        ]
      }
    },
    {
      "type": "Feature",
      "properties": {
        "name": "WTZZ00DEU9",
        "identifier": "Wettzell",
        "data_format": "RAW",
        "format_details": "JPS",
        "carrier": "L2",
        "nav_system": "GPS+GLO+GAL+SBAS",
        "network": "IGS",
        "country": "DEU",
        "coordinates": "49.13, 12.88",
        "solution": "single base",
        "misc": "BKG",
        "color": "red",
        "align": "left",
        "bline": "middle"
      },
      "geometry": {
        "type": "Point",
        "coordinates": [
          12.88,
          49.13
        ]
      }
    },
    {
      "type": "Feature",
      "properties": {
        "name": "WUH200CHN0",
        "identifier": "Wuhan",
        "data_format": "RTCM 3.3",
        "format_details": "1006(10),1007(10),1008(10),1019,1020,1033(10),1042,1043,1044,1045,1046,1077(1),1087(1),1097(1),1107(1),1117(1),1127(1)",
        "carrier": "L2",
        "nav_system": "GPS+GLO+GAL+BDS+QZS+SBAS",
        "network": "IGS",
        "country": "CHN",
        "coordinates": "30.53, 114.36",
        "solution": "network",
        "misc": "GFZ",
        "color": "red",
        "align": "left",
        "bline": "middle"
      },
      "geometry": {
        "type": "Point",
        "coordinates": [
          114.36,
          30.53
        ]
      }
    },
    {
      "type": "Feature",
      "properties": {
        "name": "WUTH00NOR0",
        "identifier": "Hornsund",
        "data_format": "RTCM 3.3",
        "format_details": "1006(1),1008(1),1013(1),1019,1020,1029(1),1033(1),1042,1044,1045,1046,1077(1),1087(1),1097(1),1107(1),1117(1),1127(1),1137(1),1230(1)",
        "carrier": "L2",
        "nav_system": "GPS+GLO+GAL+BDS+QZS+IRS+SBAS",
        "network": "IGS",
        "country": "BEL",
        "coordinates": "77.0, 15.54",
        "solution": "single base",
        "misc": "euref-ip.net:2101/WUTH00NOR0",
        "color": "red",
        "align": "left",
        "bline": "middle"
      },
      "geometry": {
        "type": "Point",
        "coordinates": [
          15.54,
          77.0
        ]
      }
    },
    {
      "type": "Feature",
      "properties": {
        "name": "XMIS00AUS0",
        "identifier": "Christmas_Island",
        "data_format": "RTCM 3.3",
        "format_details": "1006(10),1008(10),1013(10),1019,1020,1033(10),1042,1044,1045,1046,1077(1),1087(1),1097(1),1117(1),1127(1),1230(10)",
        "carrier": "L2",
        "nav_system": "GPS+GLO+GAL+BDS+QZS",
        "network": "IGS",
        "country": "AUS",
        "coordinates": "-10.45, 105.69",
        "solution": "single base",
        "misc": "ntrip.data.gnss.ga.gov.au:443/XMIS00AUS0(1)",
        "color": "red",
        "align": "left",
        "bline": "middle"
      },
      "geometry": {
        "type": "Point",
        "coordinates": [
          105.69,
          -10.45
        ]
      }
    },
    {
      "type": "Feature",
      "properties": {
        "name": "YAR200AUS0",
        "identifier": "Yarragadee",
        "data_format": "RTCM 3.3",
        "format_details": "1006(10),1013(10),1019,1020,1033(10),1042,1044,1045,1046,1077(1),1087(1),1097(1),1117(1),1127(1),1230(10)",
        "carrier": "L2",
        "nav_system": "GPS+GLO+GAL+BDS+QZS",
        "network": "IGS",
        "country": "AUS",
        "coordinates": "-29.05, 115.35",
        "solution": "single base",
        "misc": "ntrip.data.gnss.ga.gov.au:443/YAR200AUS0(1)",
        "color": "red",
        "align": "left",
        "bline": "middle"
      },
      "geometry": {
        "type": "Point",
        "coordinates": [
          115.35,
          -29.05
        ]
      }
    },
    {
      "type": "Feature",
      "properties": {
        "name": "YAR300AUS0",
        "identifier": "Yarragadee",
        "data_format": "RTCM 3.3",
        "format_details": "1006(10),1013(10),1019,1020,1033(10),1042,1044,1045,1046,1077(1),1087(1),1097(1),1117(1),1127(1),1230(10)",
        "carrier": "L2",
        "nav_system": "GPS+GLO+GAL+BDS+QZS",
        "network": "IGS",
        "country": "AUS",
        "coordinates": "-29.05, 115.35",
        "solution": "single base",
        "misc": "ntrip.data.gnss.ga.gov.au:443/YAR300AUS0(1)",
        "color": "red",
        "align": "left",
        "bline": "middle"
      },
      "geometry": {
        "type": "Point",
        "coordinates": [
          115.35,
          -29.05
        ]
      }
    },
    {
      "type": "Feature",
      "properties": {
        "name": "YARR00AUS0",
        "identifier": "Yarragadee",
        "data_format": "RTCM 3.3",
        "format_details": "1006(10),1013(10),1019,1020,1033(10),1042,1044,1045,1046,1077(1),1087(1),1097(1),1117(1),1127(1),1230(10)",
        "carrier": "L2",
        "nav_system": "GPS+GLO+GAL+BDS+QZS",
        "network": "IGS",
        "country": "AUS",
        "coordinates": "-29.05, 115.35",
        "solution": "single base",
        "misc": "ntrip.data.gnss.ga.gov.au:443/YARR00AUS0(1)",
        "color": "red",
        "align": "left",
        "bline": "middle"
      },
      "geometry": {
        "type": "Point",
        "coordinates": [
          115.35,
          -29.05
        ]
      }
    },
    {
      "type": "Feature",
      "properties": {
        "name": "YEBE00ESP0",
        "identifier": "Yebes",
        "data_format": "RTCM 3.3",
        "format_details": "1006(15),1008(15),1013(60),1019,1020,1033(15),1042,1045,1046,1075(1),1085(1),1095(1),1125(1),1230(15)",
        "carrier": "L2",
        "nav_system": "GPS+GLO+GAL+BDS",
        "network": "IGS",
        "country": "ESP",
        "coordinates": "40.52, -3.09",
        "solution": "single base",
        "misc": "ergnss-ip.ign.es:2101/YEBE0(1)",
        "color": "red",
        "align": "left",
        "bline": "middle"
      },
      "geometry": {
        "type": "Point",
        "coordinates": [
          -3.09,
          40.52
        ]
      }
    },
    {
      "type": "Feature",
      "properties": {
        "name": "YEL200CAN0",
        "identifier": "Yellowknife",
        "data_format": "RTCM 3.3",
        "format_details": "1006,1007,1008,1013,1019,1020,1029,1033,1042,1045,1046,1077(25),1087(25),1097(33),1107(33),1127(33)",
        "carrier": "L2",
        "nav_system": "GPS+GLO+GAL+BDS+SBAS",
        "network": "IGS",
        "country": "CAN",
        "coordinates": "62.48, -114.48",
        "solution": "single base",
        "misc": "rgp-ip.ign.fr:2101/YEL200CAN0(2)",
        "color": "red",
        "align": "left",
        "bline": "middle"
      },
      "geometry": {
        "type": "Point",
        "coordinates": [
          -114.48,
          62.48
        ]
      }
    },
    {
      "type": "Feature",
      "properties": {
        "name": "YELL00CAN0",
        "identifier": "Yellowknife",
        "data_format": "RTCM 3.2",
        "format_details": "1006(10),1008(10),1013(60),1019,1020,1033(10),1077(1),1087(1),1097(1)",
        "carrier": "L2",
        "nav_system": "GPS+GLO+GAL",
        "network": "IGS",
        "country": "CAN",
        "coordinates": "62.48, -114.48",
        "solution": "single base",
        "misc": "rt.cacsb.nrcan.gc.ca:12108/YELL00CAN0(1)",
        "color": "red",
        "align": "left",
        "bline": "middle"
      },
      "geometry": {
        "type": "Point",
        "coordinates": [
          -114.48,
          62.48
        ]
      }
    },
    {
      "type": "Feature",
      "properties": {
        "name": "ZAMB00ZMB0",
        "identifier": "Lusaka",
        "data_format": "RTCM 3.2",
        "format_details": "1076(1)",
        "carrier": "L2",
        "nav_system": "GPS",
        "network": "IGS",
        "country": "ZMB",
        "coordinates": "-15.43, 28.31",
        "solution": "single base",
        "misc": "caster.cddis.eosdis.nasa.gov:443/ZAMB00ZMB0(2)",
        "color": "red",
        "align": "left",
        "bline": "middle"
      },
      "geometry": {
        "type": "Point",
        "coordinates": [
          28.31,
          -15.43
        ]
      }
    },
    {
      "type": "Feature",
      "properties": {
        "name": "ZIM200CHE0",
        "identifier": "Zimmerwald",
        "data_format": "RTCM 3.3",
        "format_details": "1006,1008,1013(60),1019,1020,1033,1042,1045,1046,1077(1),1087(1),1097(1),1127(1),1230",
        "carrier": "L2",
        "nav_system": "GPS+GLO+GAL+BDS",
        "network": "IGS",
        "country": "CHE",
        "coordinates": "46.88, 7.47",
        "solution": "single base",
        "misc": "tpp.swipos.ch:8090/ZIM2_RTCM(1)",
        "color": "red",
        "align": "left",
        "bline": "middle"
      },
      "geometry": {
        "type": "Point",
        "coordinates": [
          7.47,
          46.88
        ]
      }
    }
  ]
}